unique_id,url,date,headline,body
f633fa8a-3c15-4e93-a86e-392c39bcdb4e,https://www.bbc.com/news/articles/cjrgwzz2gpgo,2026-07-13,Farmers urged to make checks after field fires,"Firefighters are urging farmers to keep machinery free of crop debris to avoid field fires after being called out to four blazes in one day. Dorset & Wiltshire Fire and Rescue said with farmers working long, hard hours in the hot, dry weather, dust and chaff could easily build up in combines and balers and may catch fire if machinery overheats. The fire service said sparks caused by flints striking machinery could also lead to field fires. It encouraged farmers to follow its safety checklist , including cleaning farm machinery often, carrying a mobile phone, knowing their exact location and best access route for emergency services, and keeping a fire extinguishers on all vehicles. Group manager Matthew Skyme said: ""On just one day this week, we attended four significant field fires across Dorset and Wiltshire. ""It's easy to let chaff and dust build up in the machines, which can then catch fire if any parts then overheat. ""The problem can be compounded when machinery is worked extra hard during hot weather, or when crops are harvested and stored in less than ideal conditions."" An Amber wildfire alert remains in place across the Dorset & Wiltshire Fire and Rescue Service area."
91b09ce5-6a44-41a4-8227-0c01090b2266,https://www.bbc.com/news/articles/c4gy1wgdnr5o,2026-07-13,Man charged with spreading terrorist material online,"A 30-year-old man has been charged with sharing terrorist material online. Greater Manchester Police said Kristopher Humphreys, from Ambleside in Cumbria, has been charged with the dissemination of terrorist material. He will appear at Westminster Magistrates Court later today. The force said the charge was related to an ongoing investigation carried out by Counter Terrorism Policing North West. Follow BBC Cumbria on X , Facebook , Nextdoor and Instagram ."
80d9d662-6c8a-45b0-8505-120893a78010,https://www.bbc.com/news/articles/cn59v6eyw19o,2026-07-13,Grandad marks 80th by umpiring cricket match,"A man has celebrated his 80th birthday by umpiring a cricket match - with all the players on one team related to him. The family of Ross Coad, who lives in Zeals, near Mere in Wiltshire, gathered from all corners of the country at the Fonthill Park Cricket Club to mark the special occasion. Players between the ages of 15 to 51 took part, with Coad acting as umpire. Grandpa's People battled hard and scored 103 runs, but lost to the Fonthill Family, who put 188 runs on the board to win. ""It was a tremendous day,"" said Coad, who previously lived in Somerset, where he played with a club called the Keinton Casuals. ""Life is a party, that is the essence of our family."" Coad, who used to work at a factory in Glastonbury which produced mini-skirts, added: ""There was much amusement at the various abilities of each cousin or brother taking part. ""As a family, we do like to have a gathering of the clan whenever we can. We've been talking about this for the last year and my kids grew up witnessing my love of cricket - so this seemed appropriate."" Each player from the Coad family was gifted a cap which had ""Grandpa's people"" on one side and ""80"" on the other. The match began at 18:00BST when most of the ground was in shade, much to the appreciation of the cricketers. Dexter Coad, 20, travelled from Yorkshire to take part in his grandfather's birthday celebrations. He said: ""Everyone turned up from far and wide, I had a seven-hour journey down. ""Fonthill batted first and had a good score of 188, I think grandpa gave them some generous decisions. ""He umpired the entire game and it was great. We made sure to have time for some celebratory beers once it was over as well."" Follow BBC Wiltshire on Facebook , X and Instagram . Send your story ideas to us on email or via WhatsApp on 0800 313 4630 ."
e544e3ef-40a5-4cb1-975b-61f79e5c02eb,https://www.bbc.com/news/articles/c1ky12zezr9o,2026-07-13,How smaller music festivals keep the show on the road,"Music festivals have been under threat for years, with dozens calling it a day and many others seemingly just about hanging on for dear life. The trend shows no sign of ending. Red Rooster, which was held for more than 10 years near the Norfolk/Suffolk border, called in the liquidators earlier this year. Kernowfornia Festival, which was due to take place in Cornwall in September, has been cancelled after just a year, blaming ""recent financial developments"". Kernowfornia was the successor to Making Waves, which itself pulled the plug back in 2018 because of debts. But the picture is not just doom and gloom. Among the bad news are success stories, with some independent festivals thriving. Nene Valley Rock Festival will be held at Grimsthorpe Castle, near Bourne, Lincolnshire, in September, with FM and Focus two of the headliners. ""We limit our tickets to 1,000 a day,"" says director Tony Castle. ""We've all seen pictures of Glastonbury where most of the crowd might as well have stayed at home and watched it on TV because they are only watching it on a big screen. Limiting our tickets is a bit of a risk because of finances, but we want to provide a boutique, intimate experience. ""Our success is based on providing our customers with what they actually want as opposed to being a large organisation that is in it for money. We are non-profit making and none of us draws a penny. That allows us to plough every penny we get back into the festival itself."" Things such as providing decent loos with an on-site cleaning team have proven popular, Castle says, as have the free shower facilities. Meanwhile, feedback from the first years prompted the organisers to introduce glamping tents, including some that come with real beds. It has all helped create ""a hardcore of supporters"" who will buy tickets before the first bands are announced. ""We have their trust that we'll put on enough bands that they want to see,"" says Castle, who adds that a cut in VAT for independent festivals would help. Another festival that is relatively new on the scene is Maid of Stone in Kent, which takes place next weekend for the fourth time. The 5,000-capacity jamboree in Maidstone – which this year will feature the likes of Saxon and Uriah Heep – is on the site of the former Ramblin' Man Fair, which went bust and never restarted after lockdown. Ramblin' Man had a bigger capacity and attracted bigger acts – Whitesnake and ZZ Top were among its headliners – but it was always going to be tricky keeping it alive without the tens or even hundreds of thousands of attendees that the likes of Glastonbury, Reading and Download pull in. ""Festivals are struggling, there's no denying it,"" says Maid of Stone's Chris Wright. ""The UK alone has lost over 100 since 2024, and I expect the impending recession and fuel shortage issues will add to that this summer."" Wright adds: ""Standing as an independent is hard in any industry, but when you're in a niche industry a few companies have way too much say and control, and it's difficult to navigate around that."" It means ""smart business decisions"" are crucial. ""As a company, we have had 10 years of creating small community type events and reinvesting any money made back into the company,"" he says. ""This has allowed us to purchase and own a fair amount of equipment and infrastructure. This helps massively, as the cost of that equipment has doubled in recent years, and it gives us an advantage over someone, say, who is starting out on a year-one show."" John Rostron, chief executive of the Association of Independent Festivals, says there have been 30 cancellations or postponements so far this year but about the same number of events have started up. ""The good news is that many independent festivals are thriving, having had their strongest sales in a long time (for some, ever),"" he says. ""There has been a record number of sell-outs and [festivals] selling out early, driven by factors such as how more easily affordable it is to buy a festival ticket with a payment plan. ""But the emerging narrative this year is how tough it is for those independent festivals financially. Margins remain tight, and the biggest challenge is cashflow – so even sold-out festivals are struggling to find the money to get their gates open."" Artists and their management don't always help, Rostron says. ""Topline talent is charging up to double what they were in previous years, and agents are trying to push for payments earlier without good reason. ""More established festivals are able to hold their ground and are able to split payments… but some agents are pushing independents, particularly newer events, for 100% upfront fees, which is crippling promoters who buckle to those unnecessary demands."" A bit of help from the taxman would also help, he says. ""The external intervention we need is from government in the shape of grassroots music festival tax relief. Festivals eat and drink risk, but tax relief mitigates some of that risk."" Karen Johnson is the spokeswoman for Rock N Roll Circus, which will be held in Norwich and Sheffield next month with James, The Streets and Richard Ashcroft among the bill-toppers. She says there has been ""a creeping dominance"" of the larger festival promoters, and the increase in large arena shows for big-name artists has also taken up a greater share of people's spending power. So what can independent festivals do to help keep the show on the road? Rock N Roll Circus, as its name suggests, mixes the traditional elements of a music festival with the thrills of high-wire and fire displays. Johnson says: ""Offering value for money seems to be a thing this year, providing choices – day festivals in parks, for example, where the costs of travel and camping are less and where audiences can cherry-pick the artists/genres they like best but still have a festival-style experience."" None of this is to lay the blame at those festivals that have had to call it a day. It is a tough environment, and when a venture fails the biggest losers are often the people behind it, who sometimes lose millions of pounds. It no doubt keeps the brains behind many of these events awake at night as they work tirelessly to thrive – or, as Nene Valley's Castle says, to ""just survive""."
fe2f8615-f41d-4488-a793-3adfafcfc2d4,https://www.bbc.com/news/articles/c0ky6v64ny1o,2026-07-13,Antiques Roadshow expert Theo Burrell dies aged 39,"Antiques Roadshow expert Theo Burrell has died aged 39, four years after she was diagnosed with brain cancer. Burrell was diagnosed in June 2022 with a glioblastoma, a highly aggressive brain tumour, which typically carries a life expectancy of 12-18 months. The ceramics and glass expert, with Lyon & Turnbull auctioneers in Edinburgh, joined the BBC programme in 2018 as one of the specialists who appraises objects brought in by members of the public. A statement on Burrell's Instagram said she died peacefully on Wednesday surrounded by her family. It said: ""She was an incredible person who fought hard for her family, friends and raising awareness of this cruel disease. ""She saw life events like her son's first day at school and her wedding that a little over four years ago we thought she'd never see. ""The cancer community provided so much comfort and strength to her in her darkest moments. But most of all it provided hope and I think what she would want most of all is for other people to find hope in her story."" The TV star from East Lothian was diagnosed with the disease at the age of 35 after several months of worsening symptoms. She later underwent treatments including life-extending surgery, radiotherapy and chemotherapy. Following her diagnosis, Burrell told BBC Scotland News how she started feeling ill at the end of 2021. ""I had five or six months of increasingly worsening symptoms - headaches, sickness, problems with my vision, very, very pressurised pains in my head, migraines - the list went on. ""And it wasn't until I went to A&E at the Royal Infirmary in Edinburgh that I was given the diagnosis. I had absolutely no idea it was coming, it was a huge shock."" Burrell has previously spoken about experiencing ""dark thoughts"" and her fears that she ""wouldn't see my son's second birthday"". ""But I'm lucky enough to say I did! And no-one can take that away from me,"" she wrote in a recent Instagram post. Burrell married her husband Alex earlier this year, saying in a post on social media that it ""feels so nice"" to marry after many years together. Glioblastoma is incurable and there has been no advance in treatments for two decades. Around 3,200 people a year are diagnosed with it in the UK, of whom around 160 will live for five years or more. Burrell became a vocal advocate in the fight against the disease, with campaign work focused on government funding, better diagnostic times, and the advancement of clinical trials. In 2023, she became a patron of Brain Tumour Research - a charity dedicated to curing the disease. Its chief executive Dan Knowles said: ""We are heartbroken that we have lost the phenomenal, determined and truly inspiring Theo Burrell to this devastating disease. ""She was always very open about her prognosis and knew from the outset her cancer was terminal but she was absolutely determined to make a difference for others. ""She constantly inspired us with how big her heart was and we will continue on our mission, driven by everything she taught us."""
d0fc8a4a-df60-4cc5-8448-a6f76897425d,https://www.bbc.com/news/articles/cqx138ppvd4o,2026-07-13,'It takes one barbecue to start a massive moor fire',"There are calls to ban the sale of disposable barbecues in the wake of devastating moor fires in West and North Yorkshire. In 2019, a fire in Marsden burned for days with the eventual cause put down to an abandoned barbecue. Meanwhile David Skaith, Mayor of York and North Yorkshire, is leading a campaign to have them removed from shelves after his region suffered its worst-ever moor fire last summer. Marsden residents and business owners have shared their thoughts on the implications of a barbecue ban. Sadie Cooper runs Cooper's Corner Cafe on Peel Street. The 36-year-old says recent fires - there was a spate in April - meant the town was often cloaked in smoke. ""I feel like it's a really good idea, when we're in a place that's covered in loads of moorland."" Cooper says: ""It just takes one of them (portable barbecue), well I've seen it in the past... it can set a massive moor fire off that goes for days. ""So I'm in favour of it."" She says the fires do not affect her business directly but the smoke makes it difficult for people with health conditions. Her grandmother Pauline Cooper, 76, has lived in Marsden since she was six years old. ""I'm in agreement with it because of the fires that we're having nowadays and wildlife being killed,"" she says. ""There are so many fires, it's not just in one place. It's a few places at once. ""In the early years when I first moved here, there was just safe burning off. It was regulated and it was alright."" Ann-Marie Williams, 48, lives near Castle Hill close to Huddersfield town centre. She witnessed a grass fire last year which devastated a rabbit population living on banking near the well-known landmark. The assembly line worker says people who live in towns and cities might not respect the countryside as they should. ""It's hard to enforce on the moors, it's a vast area. People park where they want and walk where they want,"" she says. ""It's a hard thing to police unless a ban comes into force or it's limited in certain areas maybe."" Dave MacDougall is an IT consultant who lives in nearby Meltham which has also suffered its fair share of moor fires. The 50-year-old says: ""Rather than people just being able to go anywhere they like on the moors, I think what they should do is go to a controlled environment which has got a cornered-off area. ""So that means the fires or the barbecues can't spread into the moorland and ruin the beautiful place that we live in."" The Co-op has stores in both Marsden and Meltham as well as nearby Slaithwaite which has also had moor fires. A spokesperson said: ""We do not sell disposable barbecues in our stores situated in and within a one-mile radius of National Parks, which includes our Marsden and Meltham stores."" The spokesperson said it was the first supermarket in the UK to take this approach. In the absence of any ban, National Trust countryside manager for West Yorkshire Rosie Holdsworth says the public should stick to some basic rules to protect the countryside. This includes not using any naked flame on the moors or any type of barbecue. She says: ""If you do see something that isn't right, if you see smoke, if you see someone else having a barbecue, call it in to 999. ""The fire service would far rather come and put out a lit barbecue than put out a 300-hectare fire."" Listen to highlights from West Yorkshire on BBC Sounds , catch up with the latest episode of Look North ."
6d58b375-4f1b-40ec-ba58-da082c98ee7d,https://www.bbc.com/news/articles/c78ypyq5074o,2026-07-13,Fire next to railway tracks causes cancellations,"A fire next to a railway track is causing cancellations and delays to rail services. All lines running through Winsford station in Cheshire have been closed due to a  blaze and major disruption is expected for the rest of the day, National Rail said. Affected routes are Avanti West Coast between London Euston and Liverpool Lime Street, Preston, Glasgow Central and Edinburgh as well as the London Northwestern Railway between Birmingham New Street and Liverpool Lime Street. National Rail said trains running between Crewe and Runcorn and Warrington Bank Quay may be cancelled, delayed by up to 60 minutes, revised or diverted. Avanti West Coast said tickets will be accepted at no extra cost on the following routes: For affected journeys between Crewe and Liverpool Lime Street, Glasgow Central, or Edinburgh, tickets dated today can be used to travel on Sunday. For passengers on cancelled trains, the ticket is valid on one of the two Avanti West Coast services immediately before the train booked, or one of the two immediately after. If passengers no longer wish to travel because their train has been delayed or cancelled, they can ask for a refund from where they bought tickets, Avanti West Coast said. London Northwestern Railway said customers can use tickets at no extra cost, on Northern and Merseyrail services between Liverpool South Parkway and Liverpool Lime Street. A bus shuttle service is operating between Crewe and Liverpool South Parkway in both directions, National Rail said. Read more stories from Cheshire on the BBC, watch BBC North West Tonight on BBC iPlayer and follow BBC North West on X . You can also send story ideas via Whatsapp to 0808 100 2230."
d6bcd928-e385-47d3-841f-873b440abdeb,https://www.bbc.com/news/articles/cql1qdq14xro,2026-07-13,Former Emir of Qatar Sheikh Hamad bin Khalifa Al Thani dies aged 74,"Sheikh Hamad bin Khalifa Al Thani, the former leader of Qatar, has died aged 74, the country's government announced on Sunday. ""The Bureau of the Emir mourns the great loss to the nation of the late, may God have mercy on him,"" a statement read. Sheikh Hamad was one of the key masterminds behind modern Qatar and had taken power from his father in June 1995 in a bloodless coup. He is credited with transforming its economy into the wealthy global powerhouse it is today, thanks to its huge gas reserves. But his reign also had controversies - including Qatar's World Cup bid in 2010. Funeral prayers will be held on Sunday evening before several days of public mourning across the country to mark his death. Flags will be flown at half mast, while government offices and public institutions will be shut as a mark of respect. King Charles and Queen Camilla paid tribute, saying Sheikh Hamad had ""dedicated many years of distinguished service to Qatar"". ""His leadership, vision and commitment to the welfare of the Qatari people were widely admired, both within Qatar and around the world,"" they added. India declared a day of national mourning and said that all entertainment events would cancelled during the period. Prime Minister Shri Narendra Modi said: ""A visionary leader who led Qatar to great levels of development and prosperity. ""We remember him also as a true friend whom I had the honour of meeting during my last visit to Qatar in February 2024."" When Sheikh Hamad took power 31 years ago Qatar was struggling for money with its oil reserves dwindling. His coup - carried out while his father Sheikh Khalifa was abroad - changed the country forever. It became a leading producer and exporter of liquefied natural gas, thanks to international partnerships and investments that had been brokered. In 1996 Al Jazeera was launched there before becoming a big name in international broadcasting. And Sheikh Hamad founded the Qatar Investment Authority which put money into businesses abroad, including Harrods and football team Paris Saint-Germain. It would be football where he secured one of Qatar's biggest - and controversial - triumphs. The country was awarded the right to host the 2022 World Cup in 2010, despite allegations of corruption it was later cleared of. It hired 30,000 foreign labourers just to build the stadiums. In 2021 it was reported some 6,500 migrant workers from India, Pakistan, Nepal, Bangladesh and Sri Lanka had died since it won the World Cup bid. The Qatar government said not all the deaths recorded were of people working on World Cup-related projects and many had lived there a long time. There was also criticism over Qatar's human rights record and laws against same-sex relationships. Sheikh Hamad voluntarily abdicated for his son in 2013. Qatar was a British protectorate until 1971, with the Al Thani family as monarchs since 1851."
8357f9ae-f4af-4175-9efb-3c2d67a69afd,https://www.bbc.com/news/articles/cly0kzzzy0eo,2026-07-13,Three arrested and charged over death of man in Aberdeen,"Three people have been arrested and charged over the death of a man in Aberdeen in November last year. David Prystajko, 44, was found dead at a property on Marquis Road on Saturday 22 November 2025. Two men, aged 27 and 32, and a 43-year-old woman are expected to appear before Aberdeen Sheriff Court on Monday. David's family said he was a ""deeply loved father, son and brother"". In a statement his family said: ""He was a caring and loving person, and the grief experienced due to this unexpected loss has been unimaginable. ""There has not been a single day that David has been out of our thoughts, and he will remain in our hearts forever. ""We would like to take this opportunity to thank Police Scotland for their dedication in the inquiry and for the support they have provided our family throughout this incredibly traumatic time."" Police Scotland Det Insp Andy Machray said: ""Our thoughts remain with David's family during this difficult time. ""Incidents of this nature can understandably cause concern for the local community, and we'd like to thank the public for their support during this investigation."""
3fabe99a-844c-4b96-a388-ca21c49a9fd7,https://www.bbc.com/news/articles/cwy057d2plro,2026-07-13,Islamic event ended early after 'possible threat',"A large Islamic gathering in Suffolk was closed early after information was received about a possible threat towards the event, police have said. The UK Ijtima, billed as opportunity for reflection and spiritual renewal, was held at Shrubland Hall, Barham, near Ipswich, over the weekend. Suffolk Police said it had worked with organisers to close the event slightly earlier than planned on Sunday ""after receiving information about a possible threat made towards the event"". Organisers said in a statement: ""This decision was taken solely in the interests of public safety after police shared intelligence indicating a credible risk of disorder from individuals intending to travel to the area."" They added: ""As responsible organisers, we immediately accepted the advice of Suffolk Police and worked closely with officers to facilitate the safe and orderly departure of all attendees. ""The welfare of our guests, neighbouring residents and the wider community has always been our highest priority."" A Suffolk Police spokesperson said: ""We understand this may cause concern to those who attended the event, however we'd like to reassure everyone that the decision to end the event early was taken with event organisers as a precaution and there is no wider threat to the public. ""A full investigation into the nature of the threat is now under way."" Ruman Muhith, a Labour member of Ipswich Borough Council, said he attended on Friday and Saturday and was one of nearly 10,000 people there. ""The thousands of people who attended conducted themselves with dignity and respect, and it was encouraging to see such a positive environment throughout the weekend,"" he said. He said local businesses, including shops and taxi operators, had benefited from an increase in trade, and thanked residents of Barham, Claydon and neighbouring villages for their ""patience and understanding"". He also thanked the emergency services, local councils and others for their ""constructive and collaborative approach"". He added: ""I hope this weekend has demonstrated that, when communities, organisers and public authorities work together, such events can be delivered safely, responsibly and with respect for local residents."" Do you have a story suggestion for Suffolk? Contact us below. Follow Suffolk news on BBC Sounds , Facebook , Instagram and X ."
ebe27354-a3bf-4838-96e0-9d30fd23aa62,https://www.bbc.com/news/articles/c3ry5j1jrgqo,2026-07-13,Fire crew tell of Venezuela earthquake 'carnage',"Two Lincolnshire firefighters who travelled to Venezuela to help in the aftermath of last month's devastating earthquakes say they arrived to a scene of ""carnage everywhere"". Darren Burchnall and Martin Lang, from Lincolnshire Fire and Rescue, were deployed to La Guaira as part of the UK International Search and Rescue (UK ISAR) team's response to the disaster. Lang, who is based at Lincoln South fire station, said there was ""carnage everywhere - every single building was damaged"". The firefighters, who have now returned to the UK, said they were proud to have been part of the deployment. The firefighters arrived in in Venezuela on 27 June and worked in both the La Guaira and La Llanada area. The UK sent 68 personnel, including firefighters and medical, engineering and veterinary specialists, along with six search dogs, in response to the earthquakes on 24 June. The death toll has now risen to over 4,000 and at least 20,000 people have lost their homes. ""Quite a few buildings had structural collapses, and what we call pancake collapses, where they just drop down floor onto floor onto floor, and some of these buildings were 14, 15 stories high,"" Lang said. The team carried out searches and structural assessments of hundreds of damaged buildings and determined where efforts should be focused. ""We knew there were people who were alive, but because of the amount of debris and rubble in the way, we just couldn't physically get there in time and unfortunately… people had passed on,"" he added.  Burchnall, who is based at Spalding fire station, said the heat and humidity in La Guaira made the job harder and described the difficulty of working in such traumatic circumstances. ""You try and sort of switch off,"" he said. ""You obviously feel sympathy for the people, but you try and switch off and get on with your work. ""If you overthink it, then you're not going to do your job properly."" Mark Baxter, Chief Fire Officer for Lincolnshire, said search and rescue activities were an important part of the service's duties and the teams train all year round. The facility at Waddington near Lincoln provides a base where the firefighters hone their skills in a range of specialist areas including search and rescue. ""The conditions in Venezuela were really challenging and I want to thank all of the personnel who I know worked tirelessly during this phase of the recovery efforts,"" Baxter said. Listen to highlights from Lincolnshire on BBC Sounds , watch the latest episode of Look North . Download the BBC News app from the App Store for iPhone and iPad or Google Play for Android devices"
52bedfed-9b07-4cd0-9867-c5d2a43e988a,https://www.bbc.com/news/articles/crely0drxgeo,2026-07-13,Public art event aims to bring community together,"A public art event is being held in Wolverhampton city centre with the aim of bringing communities together. Smithgate Social will celebrate creativity and culture with murals being created throughout the day along with workshops, live music, craft activities and DJ sets. It will be hosted around Market Square on 14 August, from 11:00 to 18:00 BST to help ""give people a voice"" in shaping the future of the Smithgate development, organisers say. Developer ECF said the event was the ""first opportunity to share the vision"" of Smithgate with the public. More than 1,000 new homes are planned for the 12-acre site, along with shops, bars, restaurants and a revamped public square. Chris Burden, the city council's cabinet member for development, jobs and skills, described it as a ""once in a generation"" scheme. Follow BBC Wolverhampton & Black Country on BBC Sounds , Facebook , X and Instagram ."
240b3db6-e86f-434f-90fc-05008e6d8f86,https://www.bbc.com/news/articles/cy4ex124258o,2026-07-13,Police cordon after car crashes into apartments,"Engineers are assessing a building in Nottingham after a car crashed into it on Friday night. Nottinghamshire Police said a vehicle hit an apartment block in Arkwright Walk, The Meadows, at about 22:20 BST. On Saturday, a cordon remained in place around the flats. The force said this would stay in place until structural engineers had carried out an assessment. Listen to BBC Radio Nottingham on Sounds and follow BBC Nottingham on Facebook , on X , or on Instagram . Send your story ideas to eastmidsnews@bbc.co.uk or via WhatsApp on 0808 100 2210."
e33c1356-2648-4a1b-82a9-1111f0e852d4,https://www.bbc.com/news/articles/cvg46zxyvy8o,2026-07-13,"Murder arrest after man, 32, fatally stabbed","A man has been arrested on suspicion of murder after a  man was fatally stabbed in Doncaster. The victim, who was 32, was found with a serious knife injury on Wordsworth Avenue in Balby shortly after 19:00 BST on Friday, South Yorkshire Police said. He was taken to hospital, where he later died. A police spokesperson said the man's family was being supported, and appealed to anyone with information to get in touch. The 53-year-old suspect remained in police custody on Saturday evening, and officers were still at the scene, the force said. Det Insp Matthew Bolger said: ""While our investigation into this tragic incident is still in its early stages, we have a team of detectives working at pace to piece together the circumstances of what happened yesterday evening. ""Knife crime will simply not be tolerated in South Yorkshire - it has devastating consequences and has a huge impact on families, friends and the wider community."" Listen to highlights from South Yorkshire on BBC Sounds , catch up with the latest episode of Look North"
ee3e42ad-65be-42ac-a06d-a2878648a9b7,https://www.bbc.com/news/articles/c05y3gm1qd8o,2026-07-13,Blaze at tyre yard tackled by 40 firefighters,"More than 40 firefighters have tackled a large blaze affecting vehicles and tyres. It broke out at a tyre yard in North Stifford, near Grays, Essex, shortly before 02:00 BST on Sunday. Crews managed to bring the flames under control by 04:00. An investigation was due to establish what caused the fire, a spokesman for Essex County Fire and Rescue Service said. Do you have a story suggestion for Essex? Contact us below. Follow Essex news on BBC Sounds , Facebook , Instagram and X ."
d5f56a2a-e8c1-4f67-9076-9f8d9f2609e9,https://www.bbc.com/news/articles/cy04e4pzylvo,2026-07-13,Anti-immigration messages placed on bonfires,"A large anti-immigration poster, which includes pictures of NI politicians, has been placed on a bonfire next to a playground in north Belfast. The image, prominently positioned on a bonfire on Shore Crescent, depicts a herd of sheep walking through a gate to a group of masked men armed with knives. The banner, draped from the bonfire, also includes images of small boats and depictions of political parties Sinn Féin, SDLP, Alliance Party and People Before Profit. A number of other anti-immigration slogans and images have also been prominently displayed at other bonfire sites across the city. The poster in north Belfast says: ""Open gates open borders open season. Your sheep their feast."" The fires are lit every year as part of celebrations in some unionist areas, ahead of the Orange Order's Twelfth of July parades. While most pass off without any controversy, some are contentious. Boarding used to protect homes from bonfires has been sprayed in anti-Islam graffiti in Carrickfergus. The bonfire, in the Glenfield estate, is close to homes which have been boarded up as a preventative measure ahead of the pyre being lit. Messages such as ""Islam is heathen"" were seen next to the site on Saturday night. Next to the O'Neill Road bonfire in north Belfast, signs left said: ""Islamic terror not wanted here"" and ""PSNI Islam lovers"" with crosshairs also drawn on. Bonfires are lit annually in some unionist areas across Northern Ireland in July to usher in the Twelfth of July, the main date in the parading season. The majority are lit on 11 July, known as the Eleventh night. The Twelfth commemorates the Battle of the Boyne in 1690 when the Protestant King William III defeated Catholic King James II."
5f402fd5-3e84-46d6-9eef-dca80a1d0f4f,https://www.bbc.com/news/articles/c4gy59p5gz6o,2026-07-13,Andrew Flintoff's Top Gear crash passenger sues BBC Studios,"A racing driver who was in the car with Andrew ""Freddie"" Flintoff when he crashed while filming Top Gear in 2022 is suing BBC Studios. Paul Rees gave the presenter expert driving advice from the passenger seat, and is now seeking up to £150,000 for personal injury, according to court documents. It was not publicly known that anyone else was in the open-topped three-wheeled Morgan Super 3 when it overturned during filming. Flintoff suffered serious facial and rib injuries. BBC Studios in its legal response said Rees did not complain of any injuries at the time or after the crash. The company denied it was negligent ""as alleged or at all"" and said Rees' ""faulty instructions"" led to the accident. BBC News has seen Rees' claim form filed in December 2025 but not yet his full claim to report the details. Rees, 41, from Oxfordshire, and his lawyer did not respond to requests for comment. The available court documents give new information about what is claimed to have taken place in the incident, which occurred at Top Gear's test track at Dunsfold Park Aerodrome in Surrey on 13 December 2022. There were microphones in the car, and BBC Studios said Flintoff expressed concern at one point when the car's front wheel lifted as he took a corner, but was reassured by Rees that it could not roll over. Approaching the same corner again, Rees told Flintoff to ""now turn right... now full power, full power"", BBC Studios' defence filings said. The document claimed that ""a front wheel lifted and because on the claimant's instruction the presenter continued to apply power the Morgan turned over"". The court document also said: ""At no time in the period after the accident did the claimant suggest that he had suffered any injury in the accident."" In a statement, BBC Studios said: ""We dispute this claim and are defending it. As it's now before the courts, it would be inappropriate to comment further."" Cricketer-turned-TV personality Flintoff was one of three co-hosts of the long-running BBC motoring show at the time of the crash. He has described being dragged face-down underneath the car for about 50 metres. ""I thought I was dead,"" he told a Disney+ documentary last year . He has also said he did not leave his house for six months after the crash, except for medical appointments. He reached a compensation settlement with the BBC in 2023. The BBC then ""rested"" Top Gear. According to reports, the broadcaster has been exploring a return of the show."
8f78807b-6728-4d75-82c2-ddb9b37718bc,https://www.bbc.com/news/articles/crkvgngn3r8o,2026-07-13,Raiders chair 'devastated' by former player's death,"A former Plymouth Raiders basketball player who was fatally shot at a game in New York has been described as ""hugely charismatic and well-loved"" by the club's chairman. Kinu Rochford, 35, was shot on Friday at the Kingdome Basketball Tournament in the Martin Luther King Jr. Towers on Lenox Avenue, the New York Police Department (NYPD) said. Ross Mackenzie, Raiders chairman, said he was ""devastated"" over the loss of Rochford, who ""exuded natural warmth"" but was also the ""fiercest of players"". ""Every time he'd run on to the court, the reception he got from our fans was bigger than maybe any other player. It's a tragedy that someone so close to us has experienced this,"" he said. Mackenzie said Rochford had ""left his mark"" during his 2018 season in Plymouth. ""Running around in his dungarees, high-fiving everybody, just this 6ft 6in larger than life guy - he didn't deserve what happened to him and that's heartbreaking for us all here. ""I'm devastated, I knew him very well personally, we stayed in regular contact, we had a close bond. ""He really lit the place up - he was fantastic."" He said he and Rochford, who came from Brooklyn, had shared conversations about crime in New York and some of the tragedies that had impacted those he knew. ""That makes this situation even more tragic - that we had spoken about it,"" he added. The incident, having taken place at a basketball game, had ""turned a safe space into the scene of a tragedy"". After playing at high school, Rochford moved into the professional ranks in 2013, making appearances for teams in countries including France, Kosovo, Israel, the Netherlands and Switzerland. Although he had since retired, Mackenzie said he was a high profile member of the New York streetball community. Mackenzie said it was likely the team would commemorate the player at the start of the season in September. ""There will be a lot fans at the game who will also remember him from his time here."" New York Mayor Zohran Mamdani said he was ""heartbroken"" for Rochford's family and called for""this senseless violence"" to stop. The NYPD told the BBC that Rochford had suffered a ""gunshot wound to the head"" and was taken to Mount Sinai Morningside hospital in a critical condition, where he was pronounced dead. The NYPD said a 28-year-old man and 22-year-old woman were also injured. The force said there had been no arrests but the investigation was ongoing. Follow BBC Devon on X , Facebook and Instagram . Send your story ideas to spotlight@bbc.co.uk ."
aa41c95f-0bc8-4dbc-8ca7-0cf248d780c7,https://www.bbc.com/news/articles/ckg7jegv823o,2026-07-13,Melted road to remain closed after repair delays,"A busy road that was reported as melting during a heatwave is expected to remain closed for several days after a delay in repairing it. The A143 at Stanton, north-east of Bury St Edmunds, closed at about 06:30 BST on Tuesday . Suffolk Highways said prolonged hot weather had pushed back work to repair the road. The council said repairs were expected to start early next week, with road expected to be reopened on Thursday. It added the ""condition of the carriageway has deteriorated"" due to the high temperatures which had caused ""parts of the road surface to soften more rapidly than expected"". The authority said structural repairs would be carried out and the road would reopen under a temporary speed restriction. Christopher Hudson, Reform UK councillor and cabinet member for transport and highways, said: ""The repairs planned for next week are intended to address the areas of carriageway that have deteriorated most significantly and allow us to reopen the road safely. ""We will then return in August to undertake more extensive remedial works, which will address the wider defects that already existed on this section of road."" Do you have a story suggestion for Suffolk? Contact us below. Follow Suffolk news on BBC Sounds , Facebook , Instagram and X ."
882472be-e815-4279-aae1-e9fc07c11334,https://www.bbc.com/news/articles/cx2x7441762o,2026-07-13,"Badly burned British couple rescued from ravine during Spain wildfires, reports say","A British couple have been found down a ravine, badly burned and semi-conscious, after being caught up in the deadly wildfires that tore through Spain's Almeria province, local media is reporting. The pair are thought to have been out hiking when they were caught up in the blaze, which spread rapidly through the province on Thursday. They were evacuated and taken to hospital where they are in intensive care. The fire, which has now been contained, claimed the lives of 12 people, including four believed to be Britons, and burned through about 7,000 hectares (17,300 acres) of land, authorities said. The identities of those killed have not yet been officially confirmed. The couple were discovered by Civil Guard officers searching for survivors near the worst-hit village of Bédar in the early hours of Friday morning. One of the rescuers, Sergeant Pedro Barre, said they heard distant cries for help. ""As you gain more experience, something inside you tells you, 'Look again, try one more time,'"" he told Spain's TVE state broadcaster. The rescue team followed the sound and climbed down a hillside. They found the couple in critical condition, semi-conscious and with severe burns covering 40% of their bodies. ""Being able to call out in the condition they were in was a titanic effort,"" said Rafael Zea, another of the officers involved in the operation. ""We'll never forget that look of surprise and emotion on their faces,"" Barre added. On Sunday, Andalusia's regional government head, Juan Manuel Moreno Bonilla, said that more favourable conditions had seen firefighters get the blaze under control, and that the overall alert had been downgraded. About 600 of the nearly 1,500 people evacuated from the fire zone in Almería province were told they could return, regional emergency chief Antonio Sanz said. Dozens gathered at a roundabout beneath the village of Bédar, hoping to be allowed back to their homes, many with no idea if their properties had survived. Among those waiting anxiously were Mike and Belinda Lithgow from Cornwall, who have a holiday property nearby. Since the fires, they have slept in their camper van alongside their dog, Rocket. The couple said they would be allowed to check on their home during a one hour window later on Sunday, and were ""hopeful"" that their house would still be standing, because the smoke was on the other side of the mountain as they were fleeing. ""It's impossible to know,"" said Mike. ""You hope it will have gone down the ravine and round rather than up through the village."" Also waiting nearby was Emma Mitchell and her husband. Emma challenged an earlier statement by local authorities that some of those killed had not taken a designated evacuation route. ""We've lived here for three years full time and there has never been information that you should take this road if there is a fire, never."" And Thomas-Wolf Verdonckt, the son of a Belgian man who died in the wildfire also disputed authorities' claims that he and other victims ignored official advice to shelter in place. He told Reuters that he spoke to his father, 63-year-old businessman Stanislas Verdonckt, by phone on Thursday evening as the fire advanced on Bédar. The emergency services gave them ""no official warning"" or evacuation commands, he said. ""There was no warning, they were not aware of a fire, and by the time they were - because they saw the fire themselves - it was already too late,"" he said. His father and others attempted to take the main road - a designated evacuation route - but found it was not possible to access and took a different trail. ""It was out of their hands,"" he said, ""it's not fair on them that they are [blamed] when it was not their choice to begin with."" Local officials have said previously said they did not issue an alert on Thursday night because it may have reached people beyond the affected area and could have complicated evacuations. Authorities have also said police went door-to-door or telephoned residents with instructions on how to shelter or evacuate safely. Bédar Mayor Angel Collado told reporters on Saturday that he had urged the group, including Stanislas Verdonckt, to shelter in place. The Andalusian regional government and the Spanish Civil Guard police did not immediately respond to requests for comment. Emma Mitchell also condemned the decision not to send a text message to all phones in the area. ""I think they should have done the mobile alert, as they do for earthquakes. I know they said that it was too technical and complex… but the reality is, out here in Bédar, there are very few officials."" She said the local policeman and firefighters had been magnificent in their individual efforts, visiting dozens of people as the fire took hold. A sustained heatwave with temperatures of around 40C (104F) has caused wildfires across southern Europe this summer, particularly in France, Portugal and Spain. On Friday, Los Gallardos mayor Francisco Miguel Reyes told Spanish radio station Cadena SER said ""it feels like a bomb has fallen"" on the area. ""This is the first time we've faced a fire as devastating as this."" This is already among the deadliest wildfires in Spanish history. In 1984, 20 people died in a fire on the Canary Island of La Gomera, while in 1979, 21 people, including nine children, died in a forest fire near Lloret de Mar in north-eastern Spain. Climate change is driving up temperatures around the world, and Europe is the fastest warming continent, heating up twice as fast as the global average, according to the Copernicus climate service. This is causing increased summer heatwaves, greater pressure on Europe's water supply, and more intense wildfires. Additional reporting by Kostas Kallergis"
5bf23395-6264-4005-aa09-eb159fb0f30a,https://www.bbc.com/news/articles/cdxd53z4323o,2026-07-13,'Risk to life' warning as temporary bridge removed,"A temporary footbridge has been removed allowing the demolition of the original Darley Abbey Mills Bridge, which is at ""high risk of collapse"", to take place. The bridge closed in May 2022 due to safety concerns and a metal structure, known as Walter's Walkway, was installed. Derby City Council said the walkway was lifted away by a large crane on Thursday, as the project took a ""significant step forward"". The council issued a warning to locals not to cross the original structure or use the river underneath, stating that any attempt to cross it ""poses a severe and immediate risk to life"". ""The old bridge remains in an extremely fragile, structurally compromised state,"" a council spokesperson said. ""It cannot support weight, and any attempt to cross it poses a severe and immediate risk to life. ""While the warm weather makes the river tempting, your safety must always take priority. ""Please act responsibly and resist the temptation to cool off in the water."" The spokesperson said the work to demolish the original bridge will now enter the ""next critical phase"". Security teams will remain on-site 24/7, and the area will continue to be fenced and patrolled, they said. Listen to BBC Radio Derby on Sounds and follow BBC Derby on Facebook , on X , or on Instagram . Send your story ideas to eastmidsnews@bbc.co.uk or via WhatsApp on 0808 100 2210."
52dcff50-4d2e-44b6-a0a7-72efcf9896f7,https://www.bbc.com/news/articles/cdr41drnvjzo,2026-07-13,"Burnham will deal with living costs in short term, key adviser says","A key adviser to Andy Burnham has said he will be focused on ""dealing with the cost of living in the short term"" if, as expected, he becomes prime minister. Former Labour minister Miatta Fahnbulleh told the BBC she expected people ""at the bottom"" would have ""more money in their pockets"" under a Burnham government. She said any policy decision would be up to Burnham but added ""we do need to find ways to give people respite and that's about money in their pockets"". Fahnbulleh has been drawing up policy plans for a Burnham government ahead of his expected coronation as Labour leader and prime minister. Burnham is set to be declared Labour leader next week before taking office as prime minister on 20 July, after the vast majority of Labour MPs nominated him in the process to replace Sir Keir Starmer. In an LBC interview last week, Burnham said the government needed to be ""serious about putting more money back into people's pockets"". Burnham said there was ""some room"" for movement on tax and suggested he would look at reducing business rates for some high street businesses. Some newspaper reports have suggested Burnham is preparing to unveil a package of cost-of-living support within the first few weeks of taking office as prime minister. The Financial Times has reported that Fahnbulleh has proposed ""immediately"" providing cost-of-living support for energy bills and transport. Speaking on the BBC's Sunday With Laura Kuenssberg, Fahnbulleh suggested the economy was central to Burnham's policy plans. When asked how people's lives would be different if Burnham becomes prime minister, Fahnbulleh said: ""Everyone recognises that people are under pressure, living standards have not risen and we have to grip that. ""And that means dealing with the cost of living in the short term to give people some respite."" She went on to say essentials such as housing, energy and transport were too expensive and there was a need ""to make them more affordable through public control"". Burnham has said he wants ""greater public control"" of the water and energy sectors, emulating the bus network he oversaw as mayor in Greater Manchester, where private operators bid to run services on a franchise basis. When asked if she expected that ""people at the bottom will have more money put in their pocket by Andy Burnham in government"", Fahnbulleh said: ""Yes."" ""I'm not going to get into the specifics because ultimately that will be a choice for Andy and his chancellor,"" the Labour MP for Peckham said. ""But we are very, very clear. We understand that people are under pressure. And we do need to find ways to give people respite. And that's about money in their pockets and it's also about driving down the costs of essentials."" Fahnbulleh resigned as a junior minister for communities following a dire set of results for Labour in May's local elections. A former civil servant and think tank boss, Fahnbulleh has been feeding policy ideas into Burnham's preparations for power. Also speaking on the programme the Conservative shadow chancellor, Sir Mel Stride, argued that the outgoing prime minister damaged the economy and ""the markets feel things could get even worse under Andy Burnham"". Sir Mel said Burnham would be a prime minister ""who's clearly going to lean more into tax"". He said Burnham will inherit Labour backbench MPs ""who are not capable of taking the tough decisions to get, for example, on top of the welfare bill""."
c6477d94-9a44-4fcb-94de-509342115801,https://www.bbc.com/news/articles/cvgmj284veqo,2026-07-13,Pupils help create survey into future of town,"Sixth formers have drawn up a survey which asks young residents to share their thoughts on the places they live. Students from King Edward VI Community College worked with South Hams District Council to create the Young Survey for residents of Totnes and Dartington aged between 16 and 24 years old. It asked them about how they spent their time, what they thought about housing and the environment and whether they thought there were enough local opportunities for them. The council's executive member for economic development John Birch said it was important to hear young people's views ""because they will be the driving force behind the future of the town"". Birch added: ""The future of Totnes should be shaped by the people who live, study and work here, and that must include younger voices."" He said the survey gave young residents ""a direct way"" to tell the council what mattered to them. The feedback would help the council identify projects for young residents and draw up a community economic plan (CEP) for Totnes, he added. Birch said last year's CEP survey heard from 174 businesses which had called for business development support, better access for pedestrians and cyclists across town as well as improved recycling and composting services. The Young Survey is set to close on Saturday 8 August. Follow BBC Devon on X , Facebook and Instagram . Send your story ideas to spotlight@bbc.co.uk ."
d01d81f4-9cde-4699-9632-f06b53dbd251,https://www.bbc.com/news/articles/czj8wz7ejwpo,2026-07-13,Residents to take over management of housing estate,"People living on a newly built housing estate said they are preparing to take over the management of the site. Residents of Bassingbourn Fields in Fordham, Cambridgeshire, moved to take over from Bassingbourn Fields Management Company, set up by developer Bellway Homes, after being unhappy with the cost of service fees. Traditionally local councils are responsible for maintenance of roads, parks and green spaces, but recently it has become more common for this responsibility to be given to a management company - who then charges residents for services. James Greenall, a retired accountant, said: ""We felt that those charges that they wanted to make for the management of the site were excessive."" The charges, which have been deferred because of the residents' complaints, were initially set at £165 per year in 2022 and have risen to £222 in 2026 - an increase of over a third. ""We held a meeting of the residents and they unanimously agreed that we would get rid of the management company and manage it ourselves,"" Greenall added. Greenall got in touch with BBC Your Voice after reading about Marleigh Park, a housing estate in Cambridge, where the service charge has more than doubled in recent years . Greenall, who bought his house in Bassingbourn Fields five years ago and is among the residents organising the new management company, said there were enough people living locally who had the time and the knowledge to take on the responsibility. ""We have a variety of skills, gardeners, accountants, business managers so we have the skills to look after it ourselves,"" Greenall said. He said he welcomed the government's proposal to make residents managing housing estates the norm. ""The standard model should be that residents have control. They are the ones footing the bill at the end of the day,"" Greenall said. The Ministry of Housing, Communities and Local Government said last year it wants to make it easier for residents to take over the management of their estates . Bellway Homes said management companies were set up ""due to local authorities not adopting new developments"". The BBC has approached the Bassingbourn Fields Management Company for comment. Do you have a story suggestion for Cambridgeshire? Contact us below. BBC Politics East will be broadcast on Sunday 12 July at 10:00 GMT on BBC One in the East of England, and will be available after broadcast on BBC iPlayer. Follow Cambridgeshire news on BBC Sounds , Facebook , Instagram and X ."
26bdf440-fabf-4107-9b0a-8c1ceba42c72,https://www.bbc.com/news/articles/cdxd3wkp2rzo,2026-07-13,China evacuates nearly two million people as powerful typhoon makes landfall,"A powerful typhoon has made landfall in China, the second to hit the country in a week, with nearly two million people evacuated from areas in the path of the storm. Typhoon Bavi, which spans 1,000km (620 miles) at its widest point - roughly the width of France - first came ashore in the coastal city of Taizhou on Saturday evening before making a second landfall in Wenzhou around midnight (17:00 GMT). After pummelling a chain of remote Japanese islands, it brought heavy rainfall to Taiwan as it brushed past its northern tip. Earlier landslides triggered by the storm killed at least 17 people in the Philippines. Though it has weakened to a severe tropical storm, it still presents a risk because of the huge volume of moisture within its rain bands. The storm is expected to gradually diminish in its intensity as it moves north-west. On Sunday morning, the centre of the typhoon reached Hangzhou City in Zhejiang province, Chinese state media reported. Forecasters said the typhoon would move to eastern Anhui on Monday, and to the northern Yellow Sea from the Shandong Peninsula on Tuesday. More than 1.7 million people were evacuated in Zhejiang and thousands more in neighbouring provinces, state media said. Schools, work and outdoor activities have been suspended in Zhejiang, while 400 flights and dozens of train services have been cancelled. The city of Wenzhou, home to around 10 million people, is close to the path of the storm, with authorities evacuating hundreds of thousands of residents. ""We could hear roof tiles and tree branches falling,"" Li Liangxing, a resident of the city told Reuters, adding ""of course we were scared."" Beijing had ordered the evacuation of 100,000 people to ""avoid risk"", officials said. Bavi began as a super typhoon, battering Guam and the Northern Mariana Islands last Monday with wind speeds of 290km/h (180mph). As it made its way through the Pacific, weakening to 144 km/h winds, it struck the Sakishima islands, part of Japan's Ryukyu island chain between the country's main islands and Taiwan. At least five people were injured and thousands were without power. Taiwan itself did not receive a direct hit but thousands of people were forced to leave their homes and there was a danger of landslides after heavy rain. Neither country has reported any deaths. Taiwanese authorities had warned that Bavi could bring up to 1m (39 inches) of rainfall. Dozens of flights have been cancelled while schools have suspended classes across the region. Supermarket shelves have been wiped clean as residents stock up on supplies. Parts of southern China are still reeling from the devastation brought by Typhoon Maysak earlier this week. Maysak left at least 39 people dead and killed large numbers of livestock, resulting in massive agriculture loss. It also spurred two rare tornadoes in the central Hubei province."
5ec213ea-404b-4db9-a051-d204d4aea696,https://www.bbc.com/news/articles/cvgmdr4388eo,2026-07-13,Former milkman wins £4m mansion in prize draw,"A former milkman says he can barely believe his luck after winning a £4m mansion and £250,000 cash in a prize draw. David Roper, 58, from Rotherham, found out he had won the six-bedroom home in Surrey - complete with a heated outdoor pool and tennis court - at the end of a busy week at work. He said he had been busy "" thinking about getting to the pub for 5pm and a nice cold pint of Guinness"" when the call came to tell him he had won the house in the Omaze draw. ""I wasn't sure I hadn't just dreamt the whole thing, it felt so surreal I couldn't believe it myself,"" said Roper, who admitted his new home was ""quite the upgrade"" from his current bungalow. Roper, who lives with his wife, Janny, 44, and their border collie Rosie, four, said: ""I've never won anything before in my life. I suppose I've just been saving it all up for this."" He said he was in such disbelief that he did not even buy a round of drinks for the other customers, when he eventually made it to the pub four hours later than scheduled. ""I'll definitely get a round in now I've seen the place for myself and know it's 100% real,"" he said. Omaze, a for-profit company, partners competitions with charities and celebrity endorsements using a sweepstake system, offering large value homes as prizes. Founded in 2012 in the US, it says it at least 17% of the money raised through its prize draws goes to charities. Roper said he had been taking part in prize draws with Omaze for four years before his big win. Looking ahead, he added: ""This win has changed everything for us. I don't know what we'll do long-term yet, but we'll definitely come and enjoy it and host our friends and family. ""I've got fantastic options available now, each one something I could never have imagined. I might even retire early."" Roper, who is originally from Lancashire, started his own milk round at 21 and ran it for 10 years before returning to education to study mechanical engineering. He has spent the last 14 years working in engineering sales. ""I never dreamed I'd end up owning a house like this - I've gone from a milk float to a mansion,"" said Roper, whose new property also features £170,000 worth of furnishings, gardens, stables and a barn. ""This time last week I was in the office staring at spreadsheets, now I'm standing by my very own swimming pool and tennis court. ""It's absolutely crazy, what a difference a week makes."" Listen to highlights from South Yorkshire on BBC Sounds , catch up with the latest episode of Look North"
185b7313-259c-4789-8ad3-6800307d5139,https://www.bbc.com/news/articles/cx24exml1e4o,2026-07-13,Town 'proud' despite Town of Culture decision,"A Shropshire town said it is ""immensely proud"" despite not being shortlisted for the UK Town of Culture 2028 competition. Telford sought the title for its 60th birthday year when applications opened earlier this year, but although the bid didn't progress to the next stage, the council has thanked the bid for bringing communities together. Telford & Wrekin Council said: ""The bid has successfully highlighted the Borough's unique story and strengthened plans already underway to celebrate the town's 60th anniversary in 2028."" Culture Secretary Lisa Nandy announced a shortlist of 15 towns on Thursday, but none of the ones chosen were from the West Midlands. The council said the expression of interest brought together communities, cultural organisations, artists, businesses and education providers to showcase Telford's heritage, creativity and ambition for the future. Council leader councillor Lee Carter said: ""While we are naturally disappointed not to have been shortlisted for Town of Culture 2028, we remain immensely proud of the bid and the way communities across Telford and Wrekin came together to support it."" Councillor Angela McClements said the town's ambition does not change because of the result. She added: ""The process has helped us shine a light on the people, places and organisations that make our Borough special, and many of the ideas that emerged through the bid will continue to influence our plans for 2028. ""Residents can look forward to a programme of events and activities that celebrate 60 years of Telford while recognising the rich heritage of the towns, villages and communities that make up our Borough."" Follow BBC Shropshire on BBC Sounds , Facebook , X and Instagram ."
50d8ebeb-5319-4bc7-bbe8-70245de64665,https://www.bbc.com/news/articles/ckg7mxj41lro,2026-07-13,Arthur Fery invites Prince George and Princess Charlotte to play tennis,"British Wimbledon semi-finalist Arthur Fery has invited Prince George and Princess Charlotte to play tennis with him, after meeting the royals at the men's single's final. The Prince and Princess of Wales, along with Charlotte and George, arrived at the All England Club shortly after 15:00 BST on Sunday, receiving a standing ovation as they entered the royal box. Fery, who turned 24 on Sunday, said: ""I know the whole family are all tennis fans, so I told her if her kids ever wanted to hit, I'm free."" Prince William and Catherine congratulated the tennis player on his run to the semi-finals and wished him a happy birthday. Fery also received a birthday card from the Prince and Princess of Wales. Speaking after their interaction, he expressed appreciation for Catherine's attendance and said it was ""good to meet her finally"". ""She wished me good luck for the rest of the year and congratulated me for these two weeks."" Asked whether he thinks she will take him up on the offer of playing tennis with George and Charlotte, Fery said: ""Let's see, I don't know. Let's see if I get the call up."" Lord Frederick Windsor, his wife Sophie Winkleman, and Lady Gabriella Kingston were among the other members of the royal family watching the men's single final between Jannik Sinner and Alexander Zverev on Centre Court. They joined Australian actress Nicole Kidman, American actor Rami Malek, British singer Raye, and former world number one Stan Smith. After Sinner won the championship for the second year in a row, Kate, who is patron of the All England Club, presented the trophy to him. Fery, who arrived at the Championships as the world number 114 and had never advanced beyond the second round of a Grand Slam, defied all expectations to reach the semi-finals. He will be confirmed as the new British number one and will rise to 36th in the world rankings on Monday, as well as taking home £900,000 in prize money."
ab57ef25-a67f-4146-9695-736b9217be1b,https://www.bbc.com/news/articles/cd0m9yjyj7yo,2026-07-13,Mail delays impact vulnerable residents - council,"Councillors in Telford want Ofcom to hold Royal Mail accountable for delivery delays in the area. A motion has been put forward for the issue to be discussed at the next full Telford & Wrekin Council meeting on 16 July. Conservative councillor Rachael Tyrrell, who put forward the motion, said Ofcom should consider the impact on vulnerable residents and people who are from digitally excluded, rural and hard-to-reach communities. The motion said Royal Mail should be held ""fully accountable for meeting its universal service obligations and quality-of-service targets."" Borough council deputy leader Richard Overton has written to bosses at Royal Mail over the postal service in the St Georges ward. He was told that there have been staff absences, but new posties are being trained. Overton said: ""Residents shouldn't have to go to the sorting office to get their mail, and we shouldn't be missing appointments or vital letters waiting for them to be delivered."" A recent parish council by-election in Hadley and Leegomery saw Telford & Wrekin Council draft in its own teams to hand deliver some polling cards. Even though poll cards are not essential to actually voting, councillors have been concerned that the same issues may affect next May's all out borough elections. Conservative councillor Stuart Parr said that people had received late payment charges on bills, and had missed medical appointments because of delays. ""Royal Mail have played it down,"" he added. The issue has also been picked up by The Wrekin Tory MP Mark Pritchard, he said. Councillor Parr added that it would not be feasible for the council to get employees to deliver polling cards across the borough if problems emerged. Royal Mail said it recognised the impact delays can have, particularly where items are time-sensitive. A statement said: ""We have published an Improvement Plan, which sets out the actions we are taking to improve reliability, and we publish our quality of service performance every quarter. ""Our latest results show that more than 92 per cent of letters arrive on time and over 99 per cent are delivered within a week. ""While we are making progress, we know there is more to do. ""We remain focused on improving reliability for all customers through targeted support for delivery offices, strengthened daily performance management and continued investment in our network."" Follow BBC Shropshire on BBC Sounds , Facebook , X and Instagram ."
f736f872-03d4-4146-9a99-5515cfea335a,https://www.bbc.com/news/articles/cddl162rq9jo,2026-07-13,Charity opens hub for homeless people,"A hub where homeless people can get help, take a shower and have a hot drink has opened in Goole. The Hub, on Boothferry Road, is run by volunteers from the charity Help the Homelezz. The organisation was founded by Mark Penn who has experienced homelessness previously. Penn said the centre offered hope for people and added there needed to be more help available. ""I was homeless for six months back in 1996,"" he said. ""Stay positive, there is help out there."" Penn set up the charity six years ago when he served food to people during the Covid-19 pandemic from the back of his car. A team of fundraisers helped the charity to fund the new hub. ""It's a warm space, safe space, and a welcoming space. It allows people to come in from the community, have showers, have something to eat, be in a warm space,"" Penn said. The hub also offers people who are homeless or at risk of becoming homeless contact with other agencies who can help. Penn's son John helps the charity with their admin. ""If I was in such a state of vulnerability, I would hope that somebody would be there to help me,"" he said. ""I'm proud of my Dad."" The father and son duo both thanked the volunteers for their work raising funds and said they hoped they would be in a position to open further branches elsewhere in the future. ""I want to give the help back to the community by opening this place up,"" Mark said. ""There needs to be more help for the people on the streets."" Listen to highlights from Hull and East Yorkshire on BBC Sounds , watch the latest episode of Look North .  Download the BBC News app from the App Store for iPhone and iPad or Google Play for Android devices"
26dfc4c7-fb79-4e7d-9c03-308752b4d911,https://www.bbc.com/news/articles/cy491kxm1dro,2026-07-13,Award-winning filmmakers prioritise Essex talent,"An award-winning film crew have stressed the importance of shopping local for movie-making. Borley Rectory: The Awakening is a story based on the famous Victorian mansion in Essex also known as ""the most haunted house in England"" and it won best thriller at the National Film Awards on 1 July. While the building itself, in the village near Halstead, burned down in the 1930s, the crew stayed in the county to film at Ingatestone Hall instead, another place renowned for its ghost stories. It was a very intentional move by director Steven M Smith, 52, who said his production company was ""specifically set up"" to prioritise Essex filming locations and crew. Smith owns Greenway Entertainment, based in Wickford, and uses local talent ""as much as possible"". His first film 20 years ago was shot in Hylands House in Writtle, and his most recent production was shot ""completely in Essex with mostly Essex crew"". ""There are a lot of talented people in Essex and it's very hard to get into the industry; it's very hard to get into the big places; you've got to start somewhere,"" he said. Smith told BBC Essex presenter Jake Peach that it was a community of talent that he wanted to continue building. Samantha Anderson plays a ghostly nun, who can allegedly still be sighted in the grounds of Borley Rectory, among other phenomena. ""Not just Marie the ghost, but also headless horsemen and sounds of carriages going past,"" she added. The 44-year-old, from Leigh-on-Sea, was up against fellow nominee Dame Helen Mirren, who also hails from the seaside town, and she described it as a ""battle of the Essex girls"". Dame Helen was in The Thursday Murder Club, which was also nominated in the Thriller category along with eight other films . She said: ""When you see who we were up against... it didn't feel like a mistake — I'm not going to go that far — but it just felt like, 'what?'. ""I'm amazing, absolutely buzzing; I can't believe that happened; it was like a dream."" Do you have a story suggestion for Essex? Contact us below. Follow Essex news on BBC Sounds , Facebook , Instagram and X ."
306d04fe-c64e-48b1-bce6-12a802614733,https://www.bbc.com/news/articles/ceqd3l4v7reo,2026-07-13,"If you ask Americans, Norway's Erling Haaland is already a winner","America loves Erling Haaland, and the feeling is mutual. The Norwegian striker is everywhere these days. Yes, he's in the running for top scorer at the Fifa World Cup alongside Messi and Mbappe. Yes, he's one of the world's highest-paid athletes and was the Premier League's top scorer last season. But that's probably not where most Americans know him from. He's a social media sensation. Haaland has gone viral for his goofy Snapchat stories, unfiltered interviews and candid vlogs. He posts selfies using the Shrek filter, captioned ""selfie with my twin"". He replies directly to fans with crying-laughing emojis. He accidentally misspells Orlando as ""Ornaldo"", before apologising to all the ""perfect brothers and sisters out there"" for his mistake – all while staring blankly into the camera. There are few footballers of Haaland's calibre who have broken into the cultural zeitgeist quite like he has. Before the tournament, many knew him simply as a prolific goalscorer, or, perhaps, from the ""imagine this Viking running at you full speed"" memes. Now, he's gaining a whole new cohort of fans. ""I had no idea who he was,"" said Juliana Hofmann, who lives in Millington, New Jersey. She discovered the star after the Norwegians beat Brazil, and now her social media pages are full of Haaland content. ""The way he carries himself is amazing, because despite being one of the biggest stars in the world of football, he's so humble,"" Hofmann said. His Instagram following has grown from 40 million to 60 million throughout the tournament. His vlogs, where he documents his adventures across America, have several million views on YouTube. In one video, he visits Wild Bill's Western Store in Dallas, Texas, to buy a cowboy hat and boots. ""I'm looking forward to walking out on the street and doing this,"" he says, while tipping his hat. For much of the video, he dons a T-shirt reading: ""Y'all can kiss my Dallas."" ""I think we should keep him!"" one Texan commented on Instagram. ""Texas looks good on you!"" commented another. ""We're all rooting for Erling Haaland,"" said Marie, an American woman attending a Norwegian celebration in Miami, Florida. ""We've all fallen in love with him,"" she told BBC Mundo. ""He's goofy and he's a beast."" ""I'm entranced by Mr Haaland,"" said Miami resident Robert, speaking to BBC Mundo. ""He's a machine, that guy. Terminator, move over."" Robert organised a Norwegian-style ""row"" with 10 of his pickleball friends in Miami Beach on Friday morning, inspired by clips of the Norwegian team on social media. ""For us Americans who don't know a lot about soccer... it's wonderful, he's amazing."" The Norwegian striker also seems quite fond of America. ""People are so nice here,"" Haaland said in one of his vlogs. ""They're so positive. I don't know what it is, they're just enjoying life."" ""I'm definitely coming back here,"" he added. At a recent press conference, Haaland was asked about his new American fans. ""I like the Americans, I think they are kind of hilarious as well,"" he said. ""They are funny, I like the way they are."" Haaland also engages directly with his fans, to their delight. One Instagram user posted a video of a spring onion with the text: ""Am I losing it or does this green onion look like Haaland?"" The footballer's comment (a gif of a dog in a car, raising its eyebrows as the car window rolls up) has nearly 1.5 million likes. The spring onion comparisons have gained traction in unexpected corners of the internet. Florida congresswoman Anna Paulina Luna asked her followers on X whether they would support Norway or England in the quarter finals on Saturday. She then posted the spring onion video, writing: ""Just so everyone knows where I stand"", paired with a Norwegian flag emoji. Will Haaland's American adventures continue? It all depends on the fallout of Saturday's quarter finals match against England, when the Norwegian will face off against his former teammate Jude Bellingham in Miami. The two played together for two seasons at Borussia Dortmund between 2020-22 and became fast friends. In one viral clip, Bellingham interrupted an interview to plant a kiss on a smiling Haaland's cheek. Fan-edited montages of the pair embracing, giggling and jumping into each other's arms are all over social media. The two have remained pals, even after Haaland joined Manchester City and Bellingham made the move to Real Madrid. When the pair met for a Champions League match, Bellingham briefly rested his head on the 6ft 5in (195cm) Norwegian striker in the lead-up to a corner kick. Cue social media frenzy. This is the first time the two friends will play each other in a World Cup. A spot in the semi finals is on the line. Regardless of the result, if you ask Americans, Haaland is already a winner."
acb6dc34-549f-4f93-8e46-1cc4fdab0990,https://www.bbc.com/news/articles/c9d27jq1yvqo,2026-07-13,Field fire extinguished by multiple crews,"Multiple crews have extinguished a field fire which broke out on Sunday afternoon in West Sussex. West Sussex Fire and Rescue Service (WSFRS) confirmed just before 15:00 BST that it had been called to an incident off Priors Leaze Lane in Nutbourne. Seven fire engines and specialist vehicles attended the fire. Officers have now left the scene, WSFRS said, adding that the area will continue to be monitored throughout the evening. Follow BBC Sussex on Facebook , on X , and on Instagram and listen to BBC Radio Sussex on Sounds . Send your story ideas to southeasttoday@bbc.co.uk or WhatsApp us on 08081 002250."
deae2eb0-b61e-4650-9a8e-d0e693a19764,https://www.bbc.com/news/articles/cvgex1y7kg4o,2026-07-13,Separate arson attacks in Limavady and Coalisland,"Police are investigating two separate overnight arson attacks in Limavady, County Londonderry, and Coalisland, County Tyrone. In the Limavady attack, one person was taken to hospital to be treated for smoke inhalation after a deliberate fire at a block of flats in Glenview Drive. Police said the blaze was reported at about 01:30 BST on Saturday after an object was thrown through the window of an unoccupied flat. In Coalisland, two petrol bombs were thrown at a house in Pinebank Gardens, with the attack reported to police shortly after 03:30 BST. ""The occupant of the property managed to extinguish the fire, and thankfully, there were no reports of any injuries,"" said Det Insp Winters from the Police Service of Northern Ireland (PSNI). However, the officer added that the Coalisland incident ""was a reckless attack, and our enquiries are ongoing this morning to establish the circumstances"". Firefighters, police and ambulance staff attended both incidents. In relation to the Limavady fire, Det Insp Ballentine said: ""Enquiries are ongoing to determine a motive, who was involved, and the circumstances of what happened."" Police have appealed to anyone with information about either of the attacks to contact them."
a7378541-c1ac-420a-9861-8917ee8df1fa,https://www.bbc.com/news/articles/cze97grzd4po,2026-07-13,Arrest after dog seriously injures two people,"A man has been arrested after a dog caused serious injuries to two people on Saturday. Sussex Police said officers were called to Sunningdale Court in the Southgate area of Crawley, West Sussex, at about 13:00 BST, following reports of a dog dangerously out of control. Armed and neighbourhood policing officers were sent to the scene and the Cane Corso breed dog was secured and assessed before being ""humanely put to sleep in the interest of public safety and animal welfare"", said the force. A 27-year-old man, believed to be the animal's owner, was arrested in connection with the incident and remains in custody, police confirmed. The two injured people required medical treatment. Sussex Police said it was investigating the circumstances and urged anyone with relevant information to get in touch. Follow BBC Sussex on Facebook , on X , and on Instagram . Send your story ideas to southeasttoday@bbc.co.uk or WhatsApp us on 08081 002250."
0a83c8ec-9c42-46bf-bf0e-ba869357c396,https://www.bbc.com/news/articles/cp9ldx0e31go,2026-07-13,Firefighters tackling large moorland blaze,"Firefighters are tackling a blaze on moorland near a reservoir. The fire started on the moors above Dovestone Reservoir in Greenfield, Saddleworth, Greater Manchester Fire and Rescue Service (GMFRS) said. Paul Fearnhead of GMFRS said it was ""a well developed wildfire""but the service had ""enough resources to maintain and slow its progression - temperatures and high winds have been very challenging for the firefighters"". Residents in surrounding areas are being urged to keep windows and doors closed because of smoke. ""Due to high winds, smoke from the fire may travel significant distances,"" GMFRS said. The service said the cause of the blaze was being investigated and also confirmed it was not impacting the memorial tree plantation in the area. Fearnhead said: ""The heat is tremendous today - up in the 30s."" He also said there were ""very, very high"" winds which were ""fairly relentless"" and these were complicating putting the fire out. Additional crews have also arrived on site and a helicopter provided by reservoir and land owner United Utilities has been dropping water on the blaze. The efforts are expected to continue into the evening, GMFRS said. People are being urged to avoid the area to allow emergency services to work safely, the service said. Fire crews are also being supported by wildfire specialists. A United Utilities spokesperson said it was working with the fire service and the RSPB. ""We have arranged for a helicopter to assist with firefighting operations, and our dedicated catchment team remain on site to support the emergency services,"" it said. ""We'd like to thank our partners for their continued efforts to extinguish the fire, and to the public for their patience and cooperation.""  Listen to the best of BBC Radio Manchester on Sounds and follow BBC Manchester on Facebook , X , and Instagram . You can also send story ideas via Whatsapp to 0808 100 2230."
f947b3ef-b471-4c4d-a96b-7e920b05257c,https://www.bbc.com/news/articles/c5yznjnx9pjo,2026-07-13,Tributes paid as veteran sports journalist Jim Gracey dies,"Tributes have been paid to ""giant of sports journalism,"" Jim Gracey who has died aged 68. Gracey, who was from Lurgan in County Armagh, worked for the newspaper The Belfast Telegraph for more than 40 years. He joined The Belfast Telegraph in 1979 after working for the Lurgan Mail, and later became the sports editor of the paper and its sister paper, Sunday Life. He retired in 2021. He covered football on both the domestic stage in Northern Ireland and the international, and attended six World Cups in the course of his career. He was also the director of the sports charity Mary Peters Trust, named after the Olympic gold medal-winning pentathlete Lady Mary Peters, who grew up in Northern Ireland. Chief Sports Writer for the Belfast Telegraph and Sunday Life Steven Beacom described him as a ""larger than life character and a giant of sports journalism"". ""He was a man who broke huge stories, wrote the sharpest opinion pieces, interviewed stars with authority and empathy and was respected across the sporting spectrum in Northern Ireland and beyond,"" he added. He also recalled Gracey's ""great company,"" ""big heart, generosity and all the fun that we had when we covered World Cup and European Championship tournaments together"". He was described as someone who gave young aspiring reporters a chance. Paul Ferguson, Head of Sport for Belfast Telegraph and Sunday Life said Gracey was a ""wonderful writer, headline composer and fiercely protective of his staff"". ""Jim had a wonderful turn of phrase, made it his mission throughout his career to hold power to account, especially the 'suits' at the Irish FA, and was a master of uncovering emotive and fascinating details from his interviewee,"" he added. He said he was a ""proud son of Lurgan, football (Glenavon, Manchester United and Northern Ireland) and motorcycling were his passions,"" but he always made sure Northern Ireland success stories were celebrated in the paper. He said that despite being at the helm of many sporting triumphs, it was the ""human touch"" that made him special. Mervyn Whyte, the event director of the North West 200 knew the Lurgan man professionally and personally, describing him as a ""great character and a great writer"". ""I knew Jim for many years and he was always massively supportive of the North West 200. ""Over the years he wrote many great in-depth pieces about the North West 200. He had an in-depth knowledge of racing and especially the North West 200."" White said Gracey's death came as ""major shock"". He said this year's North West 200 was the first time Gracey and his wife Paula had not been to the event ""for a good number of years"". ""He was a great friend to me and the North West 200,"" added Whyte. The NI Football Writers' Association, of which Gracey was chairman from 1992-1994 said he was a ""giant of sports journalism"" and sent condolences to his wife Paula and the family circle."
13d4ab79-2bae-46ae-a245-b80389684387,https://www.bbc.com/news/articles/cjdgv1px897o,2026-07-13,How Geoff Hurst became England's World Cup hat-trick hero,"In the final minute of extra time, as England battled West Germany in the 1966 World Cup final, Bobby Moore launched a long ball to an unmarked Sir Geoff Hurst. The striker from Ashton-under-Lyne was exhausted as the end of the extra time drew near, and decided he was ""just going to hit the ball as hard as I can"". ""And of course, I mis-hit it, and it flew in"", Sir Geoff told BBC Radio 4 in 2018, while looking back at the final goal of his hat-trick in England's now iconic 4-2 victory at Wembley. As the Three Lions prepare to face off against Norway later, BBC Radio Manchester has been looking back at Sir Geoff's memories of his path to the final and his era-defining hat-trick 60 years ago. Sir Geoff was born in 1941 in Ashton-under-Lyne, where he grew up with his mother Evelyn and father Charlie, who was also a professional footballer. Charlie played for Oldham Athletic, Rochdale and Mossley before the family moved South for him to join Chelmsford City. In conversation with Jimmy Armfield in 1997, Sir Geoff said it was ""quite surprising"" that his father was a centre-half ""because he wasn't a particularly tall chap"". ""I recall him saying that if he couldn't head the ball, he'd head the back of the centre-forward he was playing against,"" he said. Sir Geoff had been playing the beautiful game from around the age of four with his father, an early tuition he always considered important to his success. When he was 15, he started training as a wing-half on an apprenticeship with West Ham where he played alongside a young Bobby Moore, the man who later went on to assist two of Hurst's three goals in 1966. In 1959, Sir Geoff was called up to the senior squad, accepting £7 a week with a £20 signing fee. He struggled during his first couple of seasons, until manager Ron Greenwood decided to try playing him as a striker. He swiftly became the club's top goal scorer for the season. After years with West Ham, Sir Geoff made his international debut in February 1966 against West Germany. Despite securing a spot on the World Cup squad, middling performances in the warm-up games led to him not being played until Jimmy Greaves suffered a leg injury against France. This opened the door for him to step onto the pitch against Argentina in the quarter-final. He scored the only goal of the match, taking England through to the semi-final against Portugal where Sir Bobby Charlton brought the team to a victorious 2-1, and the final was set. Reports began to emerge that Greaves had been declared fit to play, and with the title of world champions at stake, the press started to push for his inclusion in the match. But manager Alf Ramsey was not so easily swayed, and selected Sir Geoff for his squad heading into England's first ever World Cup Final. The day came, and the nation braced itself for the clash against the former champions West Germany. Nobody could have predicted what Sir Geoff would go on to do, except his father-in-law. ""Strangely enough, my father-in-law, prior to the game, told my wife that he thought I'd score a hat-trick,"" Sir Geoff told the BBC Radio 2 Breakfast Show in 2016. ""My wife never forgot him saying that."" A goal from Helmut Haller put Germany 1-0 ahead early on, but shortly after Moore was fouled in the opposition half. He delivered a free kick into the box, and Sir Geoff headed home to equalise. ""At that moment, I felt I'd justified my place on the team,"" said Sir Geoff while speaking to BBC London in 2026. The game went on without another goal until the 79th minute, when Martin Peters managed to put England ahead – but a last-second goal from West Germany's Wolfgang Weber sent the game to extra time at 2-2. Then 12 minutes into extra time, Sir Geoff struck the ball onto the German crossbar, and it appeared to cross the line as it bounced down. England were claiming a goal, but the Germans were adamant that it had not gone in. The decision came down to referee Gottfried Dienst and linesman Tofiq Bahramov. ""From a technical point of view, it was a good goal. I didn't see the goal because it bounced behind the goalkeeper, I had the worst view in the stadium,"" said Sir Geoff in an interview with BBC News in 2016. ""The Swiss referee consulted the Russian linesman, neither spoke the language. God knows what they were talking about."" The goal was allowed, and Wembley erupted. England were ahead – but that was not the end. Sir Geoff completed his hat-trick in the final minute of the game, as BBC's Kenneth Wolstenholme made that oft-quoted comment; ""They think it's all over – it is now"". An achievement that was not replicated until Kylian Mbappé scored three goals for France in 2022, meaning Sir Geoff still currently holds the record for the only winning hat-trick in a World Cup final. ""Celebrations were almost non-existent in the medieval times I played in,"" said Sir Geoff to BBC London in 2026. ""There was a very boring banquet – our wives weren't invited, I wasn't going to have this. ""I booked a night club. I won't tell you the player, one of the English players finished up drunk in a garden In East London. It was one of those crazy stupid nights."" Sixty years on, Sir Geoff remains a national icon, the man who led England to their only World Cup victory. Ahead of the 2026 World Cup, he spoke as the only surviving member of that winning 1966 team about what the tournament represents. ""It means a great deal to me – it's the world's biggest sport, and it's an international event,"" he said in the BBC London interview. ""People who are not necessarily completely interested in sport follow it as well. It's probably the biggest there is."" England face their third consecutive World Cup quarter final later, their first under manager Thomas Tuchel, against Norway. Once again, the nation will be watching, hoping for history to be made. You can hear more about Sir Geoff's journey to the 1966 World Cup in the new episode of Manchester People on BBC Sounds. Listen to the best of BBC Radio Manchester on Sounds and follow BBC Manchester on Facebook , X , and Instagram . You can also send story ideas via Whatsapp to 0808 100 2230."
c3e24346-e6fd-4ff1-bbbf-64bc771aafb2,https://www.bbc.com/news/articles/cm2dm69ppjdo,2026-07-13,Jersey Water issues reservoir wildfire warning,"People in Jersey have been reminded to avoid fires and to dispose of cigarettes safely when visiting reservoirs and the surrounding countryside amid the ""hot, dry and windy"" conditions which raise the risk of wildfires. Jersey Water issued the warning after Jersey Met classified the risk of wildfires under current weather conditions as ""extreme"". The utilities firm said responding to wildfires also puts pressure on water resources - which were already ""under pressure"" - if used by emergency services in their response to call-outs. The company said: ""Even a small spark from a barbecue, open fire or discarded cigarette can quickly develop into a wildfire, putting nature and the public at risk."" It added: ""We all need to take extra care and act responsibly, both at the reservoirs and other outdoor locations to prevent avoidable fires."" Mark Bowden from Jersey Water said ""current dry conditions"" and ""increasingly strong winds"" meant ""even a small act of carelessness"" could have serious consequences. ""We need everyone to take extra care and act responsibly, both at our reservoirs and elsewhere across Jersey."" Jersey Water reminded people that: Follow BBC Jersey on X and Facebook . Send your story ideas to channel.islands@bbc.co.uk ."
1e799145-b819-4493-894d-b3bd490fec88,https://www.bbc.com/news/articles/crm0gzv7yxko,2026-07-13,Former miner urges speed in Orgreave inquiry,"A former miner has urged an ongoing inquiry into the Battle of Orgreave to progress as quickly as possible. Violence broke out between police officers and miners outside the Orgreave coking plant in Rotherham on 18 June 1984 - one of the pivotal moments of the 1984–85 miners' strike. Robert Young, 83, was a miner and local trade union leader at Comrie Colliery in Fife who travelled to join the picket lines at the site in South Yorkshire. Speaking at Durham's Miner Gala on Saturday, which celebrated its 140th anniversary, Young said: ""If we don't do this quickly, there won't be many of us left who were at Orgreave."" Young, who attended the gala with the Coalfields Regeneration Trust - a charity which supports deprived former pit villages - said he started working as a miner at 14, before losing his job after the strike. It pitted thousands of miners and their trade union against then prime minister Margaret Thatcher and her Conservative government, which supported plans to shut 20 coal pits. About three-quarters of the country's 187,000 miners went on strike to oppose the pit closures, which were expected to mean 20,000 job losses. The miners' eventual defeat paved the way for the privatisation of more nationalised industries and utilities, and almost all of the UK's underground coal mines were shut within the next 20 years. It caused lasting unemployment and poverty in former mining areas. At Orgreave, the striking miners wanted to stop lorries carrying coke to fuel the Scunthorpe steel furnaces as they thought disrupting production would help win their fight against pit closures and job losses. But more than 100 picketers and police officers were injured, and 95 men who had been picketing were arrested and faced trial on riot and unlawful assembly charges. However, the case against them collapsed in court due to allegations that South Yorkshire Police had falsified evidence. It is still considered one of the most violent episodes in British industrial history. Young, who was in his early 40s, said he joined the picket lines at Orgreave at around 07:00 BST, after travelling from Scotland by bus with around 50 other miners. He said he was given a police escort into the site on what was a ""lovely morning"", unaware of how the day would unfold. ""I had shorts on, a t-shirt, and a pair of flip-flops,"" he recalled. ""I wasn't dressed for the war that was to follow, we didn't realise the mess and the fights we were going to get into down there. ""It was the first time in my life I've been frightened of anything, I was frightened when the horses charged us and the police dogs had a go at us - it was a horrendous  day and well-organised against us."" An independent inquiry has launched into what took place, chaired by the Bishop of Sheffield the Rt Rev Dr Pete Wilcox. Also speaking at Durham Miners' Gala, he said: ""For most of the people here, this inquiry really matters because it's a once-in-a-lifetime opportunity to tell the truth about what happened."" He said the inquiry, which began in March and is expected to report its findings in 2028, had a ""strong start"". ""There's an understandable level of anger about what happened back then, frustration for how long it's taken for an inquiry to be launched, and ongoing trauma for the people who were present. ""These aren't surprises, but they're really important emotions to surface - and I hope the inquiry will help to resolve some of those feelings."" Follow BBC North East on X , Facebook , Nextdoor and Instagram ."
1ad39fe1-53be-4e5d-bd47-95760083ae40,https://www.bbc.com/news/articles/c872z1xvr52o,2026-07-13,'Widdecombe murder inquiry' and 'Strike Norse',"The death of Ann Widdecombe, and the subsequent murder investigation launched by the police, is on the front pages of all the morning papers. The Times says it understands that detectives are looking at whether Widdecombe was killed after hearing an intruder at her property and going to investigate. The Sun says it believes an image of the alleged murderer was caught on CCTV cameras which were installed at her house in Dartmoor, where she had lived since 2008. Comments made by the leader of Reform UK Nigel Farage, whose party  Widdecombe was a member of, are highlighted by the Telegraph . It quotes him as saying that he fears that ""for anyone in public life, or especially the political space, things have become even more dangerous"". The paper says it understands that in the wake of the murder, security officials are in discussions about whether Reform politicians need more protection. The Guardian reports that Labour MPs have been warned by one of the country's biggest trade unions not to vote for a cap on political donations, saying it could endanger union funding for the party. The paper says the GMB union has written to its affiliated MPs urging them not to back changes, that would see donations capped at either £100,000 or £1m. The measures will be voted on next week. The Financial Times says the low-cost airline EasyJet has reached an agreement in principle to be taken over by the private equity firm Apollo for £5.7bn. The paper says the US firm's offer trumps an agreed deal made earlier by the private credit group Castlelake, which it says had until the beginning of August to make a ""formal offer"". The FT quotes one EasyJet shareholder as saying that they hoped Apollo's move might spark a ""bidding war"" for the airline. And all of the papers are looking ahead to Saturday's World Cup quarter-final between England and Norway in Miami. The Mirror has spoken to ""superfan"" Peter Robinson, who still has his ticket from when the two teams met at Wembley in September 1980, a game which England won 4-0. The ticket cost him just £3.50, whereas, according to the paper, the cheapest available ticket for Saturday's game is £1,500. Sign up for our morning newsletter and get BBC News in your inbox."
4f0bab48-bc8f-4db4-952a-f95d4d03f62d,https://www.bbc.com/news/articles/cdr41ylp5e6o,2026-07-13,'Para surfing got me back in the ocean after accident',"""The ocean is a magic place for me - to be able to access it is so important,"" says Cam Treble, who competed in the English Para Surfing Open in Cornwall. He took up para surfing - in which a disabled individual uses a board - following an accident that left him partially paralysed, and talks about the ""epic"" event. Thanking ""the incredible volunteers"" at the event on Fistral Beach, Newquay, Treble said, prior to his accident a year ago, he had been ""in the ocean free diving, spear fishing, surfing, kite surfing - all sorts."" Surfing England said Abbie Potts and Finn Jones, both members of the Team England Para Development Squad, secured medals during the event on Saturday. The organisation also gave Treble a special shout-out for ""matching the pace"" of his competitors despite it being only his second time para surfing. ""It's absolutely epic,"" said Treble, who said he had an ""amazing"" support group with him. In a message to others who may be considering a sport for those with disabilities, he said they should ""just give it a go"". ""Worst case, you get a bit wet. Best case, you catch some good waves, have an amazing time and meet some amazing people,"" he said. Meanwhile, Surfing England said Treble was a ""promising prospect"" in the England para surfing community. ""We hope to see much more of Cameron in the future,"" it added. Describing a ""brilliant atmosphere"" at the event, the organisation praised athletes' ""camaraderie"" and the support of volunteers. It added: ""With the standard on show... the future of English para surfing looks brighter than ever."" It said athletes had travelled ""from far and wide"" for the event, at which surfers ""absolutely ripped"" across every division. Jack Patching, from Surfing England, said para surfing allowed people with disabilities to have access to sport. There were nine classifications, he said, including for those with visual impairments and people with spine injuries, as well as seated, standing and kneeling events. ""It's really such a broad spectrum to allow everyone to get in the water and compete,"" he added. All thew event's results are available online . Follow BBC Cornwall on X , Facebook and Instagram . Send your story ideas to spotlight@bbc.co.uk ."
0e8928d6-ec55-4648-8e7b-84f75bd58b7c,https://www.bbc.com/news/articles/cz754eey3xeo,2026-07-13,Bill for Hillsborough Law set to be approved by MPs,"The long-delayed bill to create a Hillsborough Law is expected to be approved by MPs next week after the government said it could return to Parliament before the summer recess. Downing Street withdrew the legislation from the parliamentary agenda in January following disagreements over how far it would require intelligence services to comply with a proposed legal ""duty of candour"" on public bodies and officials. The legislation - formally known as the Public Office (Accountability) Bill - is now expected to be passed by the House of Commons on Tuesday, paving the way for it to become law by the autumn. The 1989 Hillsborough disaster claimed 97 lives after a crush during the FA Cup semi-final. Police spread false narratives blaming Liverpool fans and withheld evidence of their own failings after the disaster at Sheffield Wednesday's ground. Fresh inquests held in 2016 found the Liverpool fans had been unlawfully killed and it was the police who had caused or contributed to their deaths. The Hillsborough Law would create a legal duty for public officials to tell the truth to inquiries and investigations. A previously proposed government amendment would have given the heads of intelligence agencies the right to decide whether to co-operate with public inquiries, enabling them to opt out if they thought giving evidence would cause a national security risk. Families bereaved by the 2017 Manchester Arena bombing wrote to Prime Minister Sir Keir Starmer in January to say MI5 should not be exempt - and later met him in person. A public inquiry found the agency had not given an ""accurate picture"" of the key intelligence it held on the suicide bomber. A government source has told the BBC ministers have now agreed a new amendment, which campaigners say means there will be no exemption for the intelligence services. Hillsborough survivor Ian Byrne MP, who has led the parliamentary campaign for  the law, told the BBC: ""I'm absolutely delighted, and above all relieved, that we have finally secured the Hillsborough Law. ""This is a lasting legacy for the 97, for the survivors, the bereaved families, and for every person who has suffered at the hands of the state and been denied truth and justice."" Sources close to the discussions said Andy Burnham, the likely next prime minister and a long-standing supporter of the Hillsborough families and survivors, helped persuade ministers to allow the bill to proceed without the changes campaigners had feared. However, Sir Keir is also understood to have been keen to secure an agreement before leaving office, having made a personal promise to relatives of some Hillsborough victims that he would implement the law as prime minister. Burnham said the return of the Hillsborough Law to the Commons would be ""a major moment in the long fight to end the cover-up culture and secure a country based on truth, justice and accountability"". He said: ""We owe the Hillsborough families and all the campaigners our profound thanks for standing firm for what is right and never giving in."" He also said the rebalancing of power must not end there, adding: ""We must never forget that an entire English city correctly cried injustice for 20 years but was blanked by the powers-that-be."" Campaigner Jenni Hicks, whose two teenage daughters Sarah and Victoria died in the crush, thanked the PM. She said: ""I've asked Keir Starmer to make this his prime ministerial legacy, not just for the 97 victims of Hillsborough, the survivors and their families, but to ensure accountability for all victims of state wrongdoing. ""I'd like to thank Keir Starmer for finally listening and doing the right thing, which is long overdue."" Charlotte Hennessy, whose father James was among the 97 killed in the tragedy, received a personal promise from Sir Keir Starmer that he would implement a Hillsborough Law as prime minister. She said: ""The prime minister made us a promise and he has fulfilled it, that is a clear testament to the man he is. ""A special thank you to Keir Starmer and Andy Burnham for pushing together to get this bill back on track."" Alex Davies-Jones MP, who led the government's work on the legislation before resigning as victims minister in May, said the bill has been ""an unnecessary uphill battle"". She said: ""It is long overdue, but when it does finally reach royal assent it will totally change how victims and the public are treated. ""The bill is about honesty, accountability, respect and justice. ""It's a legacy to all those who never gave up in their fight for truth, justice and accountability."" A government source told the BBC: ""This is an overwhelming victory after months of hard work to find a solution that ensures we have a duty of candour that applies to the intelligence services without compromising national security. ""The Hillsborough Law will fundamentally change the balance of power so the state can never hide from the people it is supposed to serve, and so victims can always get justice."" Pete Weatherby KC, director of Hillsborough Law Now, said: ""The government has at last accepted that there will be no carve outs or exemptions for the new duty of candour. ""All relevant minister have personally signed off on what will be landmark changes to public accountability and bring an end to official cover-ups."" Sir Keir Starmer is also understood to have been keen to secure an agreement before leaving office, having made a personal promise to relatives of some Hillsborough victims that he would implement the law as prime minister.  Listen to the best of BBC Radio Merseyside on Sounds and follow BBC Merseyside on Facebook , X , and Instagram . You can also send story ideas via Whatsapp to 0808 100 2230."
ace05035-d12d-4423-b70e-4547c4312770,https://www.bbc.com/news/articles/cx2k9lp5y8po,2026-07-13,Woman dies after driving wrong way on M62,"A woman has died after crashing into another car when she drove in the wrong direction down a carriageway on the M62 motorway, police said. Her grey Nissan Juke crashed into a grey BMW X5 at 23:00 BST on Saturday night between junctions 21 and 22 in Rochdale. Greater Manchester Police (GMP) said the Nissan driver, in her 50s, died at the scene, while  the driver and passengers of the BMW were treated for minor injuries. National Highways said the crash has caused delays of 30 minutes with queues back to junction 24. GMP have appealed for any dashcam or CCTV footage. Listen to the best of BBC Radio Manchester on Sounds and follow BBC Manchester on Facebook , X , and Instagram . You can also send story ideas via Whatsapp to 0808 100 2230."
4f79dd6e-0784-4fe9-bf45-5531dabf091f,https://www.bbc.com/news/articles/cx2w313yx1go,2026-07-13,Taxi fares could rise by 10% to combat fuel costs,"Taxi fares could rise by 10% in order to help drivers combat a rise in fuel costs. Somerset Council has suggested the changes for all hackney carriages, defined as vehicles with eight or fewer seats which are hired at taxi ranks, hailed down or booked in advance. Under the plans, a maximum standard tariff would increase from £4.60 to £5.06 for the first mile, with each additional tenth of a mile increasing from 30p to 33p. Councillor Federica Smith-Roberts, of Somerset Council, said the proposed changes ""seek to balance the rising costs faced by drivers with the need to keep fares fair for passengers."" She said: ""Individual taxi businesses remain free to set their rates below those levels."" As the licensing authority, Somerset Council has the power to set the maximum fares which can be charged through a published table of fares. The current maximum fares were introduced in May 2024 and the latest proposed changes come after a survey of licensed hackney carriage proprietors, which found 59% of respondents supported some form of increase. Smith-Roberts added: ""Under the legal process for setting hackney carriage fares, the council must consider any objections received before a final decision is made. ""If no objections are received, the proposed table of fares will take effect automatically."" Under the proposed changes, the maximum waiting time charge would increase from £1.00 to £1.10 for every completed two minutes. A discretionary maximum booking fee of up to £10 for pre-booked journeys could also be introduced to encourage drivers to accept bookings in rural areas. People can share their opinions on the proposed table of fares on Somerset Council's website. Follow BBC Somerset on Facebook and X . Send your story ideas to us on email or via WhatsApp on 0800 313 4630 ."
df11dc59-f59d-428f-9a4b-9808f00e75f0,https://www.bbc.com/news/articles/c5yzjy98dn1o,2026-07-13,Men saddle up for penny farthing charity challenge,"A group of friends are taking on a 60-mile (96km) ride on penny farthing bicycles around Cornwall for charity. Lee Stanbury said the challenge, Ed's Ride, was in memory of his brother Ed, who suffered from mental health problems and took his own life last year. He said his brother had been a talented artist who was ""very well known and respected"", as well as a musician who could play multiple instruments, including drums and guitar. Stanbury said his brother suffered with mental health problems for about 15 years ""if not longer"" and that he wanted to do something different to raise money for the charity Sunrise Cornwall CIC in his honour. He said: ""I wanted to do something and then I thought well what do I do that's a extreme and it was by chance being able to ride a penny farthing, which I learned to do about four or five years ago."" Penny farthing is the nickname for a vintage-style bicycle which has a large wheel at the front and a much smaller one behind. It takes its name from the penny and farthing pre-decimal coins, and their size in relation to each other. The height of the bicycle also means riders may need help to climb aboard and, once up, can be difficult to keep their balance. Stanbury said: ""If you fall off, it really hurts - I was relatively lucky with the balance, I guess 30-years plus of surfing did help a little bit."" Stanbury said he and four others would begin the journey on Saturday in St Ives and go through Connor Downs, Camborne, Redruth, Poole, Scoria, before ending in Truro. They were then due to be heading the same route back on Sunday, Stanbury said, adding the journey would probably be ""painful on the bum"". ""Apart from that, we should be fine,"" he said. Sunrise Cornwall CIC said every mile ridden ""honours Ed's memory"" and would help the charity ""continue in providing free safe and supportive, events, workshops and activities for adults affected by loss through suicide in Cornwall"". Follow BBC Cornwall on X , Facebook and Instagram . Send your story ideas to spotlight@bbc.co.uk ."
4c44af21-1ad5-45b9-a306-d41f0d5ea165,https://www.bbc.com/news/articles/cm2r6150mllo,2026-07-13,Transport improvement plans announced by council,"Plans to improve transport across Lincolnshire have been put forward by the county council. They include improvements to Wragby Road roundabout near Lincoln, the A16 Crowland roundabout and widening of the A15. Lincolnshire County Council said if the ""ambitious"" transport investment programme was approved, it would be funded by the government's Local Transport Grant (LTG) between 2026 and 2030. Sam Edwards, head of highways and economic infrastructure, said the proposals would improve connectivity, support growth and make journeys ""safer and more reliable right across the county"". The southern section of the Spalding Western Relief Road is also included in the plans, as are improvements to bus stations and bus shelters across the county. The council said the proposals were designed to reduce congestion and improve road safety for motorists, cyclists and pedestrians. Edwards said the plans were an opportunity for Lincolnshire to secure long-term investment. ""This is about improving connectivity, supporting growth and making journeys safer and more reliable right across the county,"" he said. The Local Transport Grant is a government grant paid to local authorities outside London to improve and maintain local transport infrastructure. The authority said if the proposals are approved by the executive member for highways, they would be put to the Greater Lincolnshire Combined County Authority's (GLCCA) transport board in September. The GLCCA, which administers the LTG funding, would then submit the plans to the Department for Transport. Listen to highlights from Lincolnshire on BBC Sounds , watch the latest episode of Look North .  Download the BBC News app from the App Store for iPhone and iPad or Google Play for Android devices"
a4e51fd6-ff7c-4c57-bc91-36d69e47ffb9,https://www.bbc.com/news/articles/c5yznq14zxlo,2026-07-13,'I passed my grade 8 piano exam with one hand',"Many young people across the world can say they play an instrument, but not many are quite like Freya Terris. The 17-year-old from Lisburn in County Down, has made history with her grade 8 piano distinction because she did it, quite literally, single-handed. She is the first pianist that ABRSM (the Associated Board of the Royal Schools of Music) is aware of to pass their Grade 8 piano with a repertoire solely for the left hand. Two years ago a long-term injury and surgery left Freya unable to play piano with her right hand. A much-loved hobby became what some would consider impossible. She initially thought the pain in her right hand would be temporary and, whilst waiting for it to heal, started exploring the world of music written specifically for the left hand with her teacher. ""My left hand could already play but not at all in the way that it now needs to,"" Freya explained. ""I sort of stumbled into it and, without realising, built up that technique."" After about two years of practicing, and a couple of weeks out from an operation on her right hand, Freya realised she might never play the piano with two hands again. Frustrated that she had not yet achieved her grade 8, she contacted ABRSM to ask if it was possible to apply for the qualification with some modifications to the pieces she would be required to perform. After discussing a number of different options, the exam board sent her a list of pieces to choose from, all specifically written for the left hand. ""They were so encouraging, they were all up for it and just as excited as I was about it,"" said Freya. But Freya still had to prove herself and pass the exam. A self-described ""stubborn person"", she put the work in. ""In my head, at one point, there was frustration that I was only playing this music because I can't play what I want to or what I used to play. That was hard,"" she explained. There had been times over the two years since her injury that lessons had been paused so that Freya could take a much-needed break to re-discover her love of the piano. ""I think that was necessary. The analogy we had used was that I was throwing myself at a brick wall,"" she added. Freya's teacher, Rory Dowse said the pair saw her injury as an opportunity to look into creative solutions to see how she might progress. As part of their studies, they researched other single-handed pianists - such as Nicholas McCarthy and Leon Fleisher - who had made successful careers. ""I didn't want her to feel like, 'I'm the only one that is going through this, I'm the first person who has ever done this'"", said Dowse. After ""anxiously checking emails"" for months after the exam, Freya said she was delighted to have seen she had made her friends, family, teachers and the staff at ABRSM proud. It was then that ABRSM told her that her determination had earned her ""a little place in history"". ""I was glad that I had been able to prove to them that the effort that they put in to making this exam possible for me was worth it by the result that I did get,"" she said. ""I did feel like I owed it to all the people around me who had been so supportive in making sure that I did keep going."" Freya's mother Susan Terris said Freya's achievement all comes down to her own determination. ""She took it in her stride, as she does with most things, and she decided that she would find the solution to it along with her teacher,"" said Susan. ""She's a very determined young lady who has pushed herself and keeps going. Any set backs that she has, she uses to her benefit to push herself forward and achieve her goals. Nothing will stand in her way."" Freya's achievement has had a wider impact. Rory Dowse said when they initially contacted the exam board told them they had already been considering one-handed music for grades 1-5. Dowse said he believes Freya's collaboration with the teams showed them that there was also demand for the higher grades as well. ""We weren't sure whether or not one person with one problem would even be considered, so we were really surprised and really grateful whenever they did,"" he added. In June 2026, ABRSM published their new 2027–28 syllabus, introducing a dedicated one-hand repertoire list across Grades 1 to 8 for the first time in the school's 137-year history. It now means one-handed pianists can work towards a recognised qualification at every level in the 93 countries the board operates in. ""It's meant a lot, for me, what they have done and it is really exciting that this is something that other people can do,"" Freya added. Freya is also a two-time Young Musician finalist, once with a two-handed repertoire and again in 2025 with a left-hand repertoire. She is now planning to study music at university after she finishes her final year at Friends' School in Lisburn."
1af13de1-2e3d-40ae-a9f3-98f70ddeee12,https://www.bbc.com/news/articles/c0ly5dd18ego,2026-07-13,Local Grand Master checks in for city's biggest chess match,"As Sheffield sporting venues go, it may not be as celebrated as the Crucible Theatre, Hillsborough or even Ponds Forge. But this past week a conference room on the second floor of the Hampton by Hilton Hotel on West Bar Green has played host to a contest dubbed the ""strongest ever chess match"" to take place in the city. It involved two Grand Masters - the ""local hero"", three-time British champion and 2020 European Online Blitz Champion Gawain Maroroa Jones who lives ""just up the road"" in Hillsborough, and the reigning Polish champion, Szymon Gumularz. Local organisers were very excited. Jonathan Arnott adjusts the knot on his thick blue tie. It is 30C outside and this is a big deal for him. The chair of the Sheffield Chess Centre is the organiser of the event and he has made an effort. ""I wouldn't normally be in the suit for a chess event but this is elite,"" he smiles, wiping sweat from his brow. ""This is definitely the biggest match ever played in Sheffield,"" he says excitedly. ""We did have the British Championships in 2011, but this is the strongest match-play game ever played in Sheffield. ""It's huge for us, and it really does put Sheffield on the map when it comes to international chess."" This is a unique experience for the local Grand Master too. ""It is a bit strange taking the children to school and nursery in the morning and then coming to play just up the road,"" Jones says. Now 38, Jones began playing chess at the age of four, competing in his first tournaments at six. ""I loved every kind of board game and they eventually taught me chess to shut me up but I got obsessed,"" he says. He previously gained notoriety and featured on the front page of The Guardian newspaper when aged just nine, becoming the youngest player in the world ever to beat an International Master in an official tournament game. Now Jones is going head-to-head in three different types of chess game. His preferred format the ""classical game"",  which can last five hours, forms the bulk of the competition. There will also be a blitz game, sometimes referred to as ""speed chess"", and games of rapid chess which last over 10 minutes but less than 60 minutes. Jones admits to feeling a little ""rusty"" of late. ""I play a lot less than I used to. I've got young children so I'm staying home and looking after them,"" he says. The match also acts as a warm-up for the upcoming Olympiad in September in Uzbekistan, a biennial international chess tournament, where Jones will be representing England. As well as the head-to-head games between the two Grand Masters, the Sheffield hotel is also hosting an international junior tournament. The rise in popularity of the game among young people is something that the Yorkshireman has had to reluctantly accept. ""I keep losing to younger and younger players,"" he laughs, adding: ""I think they can play online basically 24 hours a day."" The ""buzz"" in the junior tournament is all around Supratit, a 12-year-old boy who is hoping to follow in the footsteps of fellow Londoner Bodhana Sivanandan, who has gained worldwide recognition in the game over the last few years. Supratit is chaperoned for the week by his father Sudhir who works in finance. He admits to spending a lot of time ""pacing around hotel rooms with his laptop"". Being flexible around work has been a necessity as his son progresses in the game. ""All our leave is used on travelling to tournaments,"" he says. ""We've been to Georgia, Hungary, Germany, Norway... but we are always sitting in our hotel room waiting for his game to be over. ""If anyone asks us for holiday tips I tell them we know about airports and hotels but don't ask us about sightseeing."" The schoolboy, who practises 20 hours a week around his studies, manages to win enough games in Sheffield to gain his second norm. In chess a player needs three norms to become a chess master. Arnott is convinced he will be a ""star of the future"". The chair of the Chess Centre, which has swelled to more than 80 members in recent years, is hoping to be in attendance at the Olympiad, albeit in a coaching capacity. ""I've been working with the Papua New Guinea national team,"" he says. ""I can't suddenly make them much better players but we go through potential moves and focus in detail on potential opponents."" Jones too is looking forward to competing in Asia in the autumn. After narrowly losing to Gumularz in Sheffield, the former British champion says he is ""feeling sharper"". ""I think you can lose a bit of focus when you get older but I've still got ambitions,"" he says. ""I've won the British Championships a few times and I'd like to challenge and try and win it again and just see how it goes, hopefully as the children grow up a bit I can regain my focus on chess and just see what level I can get to."" Listen to highlights from South Yorkshire on BBC Sounds , catch up with the latest episode of Look North"
d674255e-e1b9-4bce-b0b3-4ed9a7ad9550,https://www.bbc.com/news/articles/c802zrd597vo,2026-07-13,Planning system 'needs to be overhauled' to build homes needed,"Wales' planning system needs to be ""overhauled"" in order to build the homes the country needs, house builders have said. Social landlords and private-sector companies have both said it currently takes too long to get permission to develop properties. Housing associations, which provide homes to people at affordable rents, are also calling for extra funding to reach a Welsh government target to build 20,000 social homes by 2030. The government said it was ""committed"" to hitting the target, which it said was backed by an additional £20m set aside in its recent spending review. Housing association Beacon Cymru said building properties was taking too long across Wales due to the current planning system. It pointed to 51 new apartments it built in the centre of Tonypandy, Rhondda Cynon Taf, which will soon see tenants move in seven years after the former Big Shed site was bought. Chief executive Luke Takeuchi said: ""We understand that there are resource pressures, but when you look at the time constraints and the delays – we need a system that is more cohesive, more efficient and is getting these applications such as the Big Shed through quicker."" An estimated 9,400 more homes are needed for people without a permanent place to live, according to the Welsh government. It also says an average of 8,700 extra homes of all kinds – private and social housing – will be needed every year up to 2030. But the most recent figures published on 9 July show just 5,159 were completed last year. Although that is 11% more than the previous year, the industry says it has not recovered to pre-pandemic levels. Pontypridd-based builder Matthew Davies, a spokesperson for the Home Builders Federation, said: ""The reason generally that there is a big gap is due to the planning system. ""There is land availability to meet the target, but the planning system needs a complete overhaul eventually. ""A planning application is taking between three and five years. That needs to be reduced to one to two years in order to achieve this target."" BBC Wales understands the government will publish more details about how it will measure progress towards the 20,000-homes target early next week. The target was a manifesto commitment by Plaid Cymru at the Senedd election, and is the same target Labour had in its last five-year term in government. Plaid has promised to hit it within the next four years as well as to lower regulations required to build and buy social homes. Social homes are provided by councils and housing associations. Their rents and the quality of housing are controlled by the government, which also funds new building. More than £2bn of Welsh government money was spent on social housing in the last Senedd, with rising prices and higher building standards pushing up costs. The government grant required for a home rose 75% from £93,000 to £163,000 in four years, spending watchdog Audit Wales says. The deputy chief executive of Community Housing Cymru, which represents housing associations in Wales, said the extra costs meant the government needed to set aside even more money to build enough homes, and called for a ""long-term plan to end the housing emergency"". Clarissa Corbisiero said: ""We would like to see the government look at the money it puts towards housing in the budget later this year. ""The cost of delivering homes has gone up. We would like to see the budget settlement reflect that."" Housing minister Sian Gwenllian has said a shortage of homes is causing a ""housing crisis"" and has said she will work ""relentlessly"" to hit the 20,000 target. A national agency, called Unnos, will be created to assist councils and housing associations with planning applications, find land and help get funding for projects. A Welsh government spokesperson said: ""We are committed to delivering 20,000 additional social homes by 2030. ""Backed by an additional £20m in the draft supplementary budget, this commitment will help tackle homelessness, reduce reliance on temporary accommodation, and ensure people across Wales have access to quality, energy efficient homes."""
a8fa98ec-69b8-43b7-85c6-4e5957a11214,https://www.bbc.com/news/articles/crr8ynz7nd0o,2026-07-13,Police launch manhunt after city shooting,"Police have released an image of a man they want to trace after another man was shot in the head. Luqman Khan, from Bradford, is wanted in connection with the shooting, which happened at the junction of Gaythorne Road and Parsonage Road, in West Bowling, just before 23:00 BST on Wednesday. The victim, a 28-year-old man, remains in hospital with ""life-threatening"" head injuries, West Yorkshire Police said. Khan, 24, is believed to have travelled to Suffolk and is thought to be in the Ipswich or Felixstowe areas. Two men were arrested as part of the investigation into the shooting on Friday. A man in his 20s was arrested West Bowling on suspicion of assisting an offender, with a vehicle also recovered. Another man, also in his 20s, was arrested in the Ipswich area on suspicion of assisting an offender. Det Ch Insp Dan Bates, who is leading the investigation, said: ""This was clearly a very serious incident where a man has suffered life-threatening injuries. ""I would like to hear from anyone who knows the whereabouts of Luqman Khan who we urgently want to locate as part of our enquiries."" Listen to highlights from West Yorkshire on BBC Sounds , catch up with the latest episode of Look North ."
4a0c86c0-3269-461b-b2d2-d1d5b0b38ede,https://www.bbc.com/news/articles/ced4jn6z92po,2026-07-13,New theatre plans winter season before transformation,"The theatre company behind a project to create a new venue in a 17th Century barn plans to temporarily perform in the space before it is converted. OVO has permission to turn the derelict Grade II listed St Germain's Barn in St Albans, Hertfordshire, which dates back to1649, into a cultural hub with a new repertory company to encourage young and emerging talent. The project is supported by British actors Ralph Fiennes, Dame Joanna Lumley, Brian Cox and Zoe Wanamaker, who the company said had been ""very supportive"". Adam Nichols, the company's artistic director, said: ""We're hoping to open in October and programme a season over the winter before we do any of the major work... I think there will be a certain interest [and] intrigue in coming into the building before it's been refurbished."" The Hertfordshire venue, which sits near Verulamium Park, will then close before reopening fully converted, hopefully later in 2027, he said. It will include a cafe and bar next door to the main venue, above which will be bedrooms to house actors during their contracts. ""Visually it's probably not going to be that different,"" Nichols said, ""we're going to keep all of the lovely features and exposed wood so when people come in for the first time before we do the work, they will get the full experience in terms of what it's going to look and feel like."" The autumn productions have still to be finalised but Nichols said the output would be ""aligned with what we've always done which is reimagined classics done in innovative ways"". The company currently uses the studio theatre in the Maltings Arts Theatre and has an annual summer season at the Roman Theatre in Verulamium , where this year it has assembled a repertory company. This is due to be replicated in the new venue as the project will be based on the ""rep"" theatre model, which aims to bring long-term employment to theatre creatives with a year-round programme. Nichols, who worked in youth and education before turning to theatre full-time, said the current structure of the theatre industry makes it ""really difficult for people from less well-off backgrounds to build a career"". ""The industry is very unpredictable with very short-term contracts,"" he said, ""if you don't have the means, it's very difficult and that has led to a real decline in the diversity of the kind of people who are able to work in the industry."" Nichols said the group wanted to create a model where performers had much longer-term contracts than usual, would be housed and essentially given an apprenticeship and ""the opportunity to really hone their craft"". ""Even people who have been to drama school often struggle to actually practice because jobs are few and far between,"" he said, ""so being employed here for a year, being in 10 productions and working alongside other more experienced actors, we think is really important and really needed."" Nichols added there was also a place for a ""high quality producing theatre"" in the area as most local professional venues bring in productions as opposed to creating shows. ""Creating work here will have a strong local flavour both in terms of people you see on the stage and behind the scenes, and will also bring in people from other parts of the country - we think that's going to be exciting and beneficial."" The project patrons - Fiennes, Lumley, Cox and Wanamaker - were recruited by OVO chairman and former actor, Kiffer Weisselberg, who said their involvement had shown people they were ""serious"" about the project. ""Many I had not seen for years,"" Weisselberg said, ""but when I contacted them to say what we were doing they immediately said 'yes'. ""They've been very supportive and I think there's no doubt that having those names has made everyone sit up."" As such, nearly £1m of the £1.2m needed for the project has already been raised with a third of the figure coming from mainly local investors. About another third of the funding is from the government's Community Ownership Fund with another from the Architectural Heritage Fund which specialises in helping to bring disused buildings back to life. But Nichols said they planned to keep the renovation simple. ""We know that the productions we produce will animate the space, it will be comfortable and beautiful but it doesn't need all the bells and whistles,"" he said. Weisselberg added: ""Very often less is more in creative terms and audiences are very happy to use their imagination. ""The barn has great potential in terms of development, [but to start with] we just need to do the bare minimum, get people in and get people excited about what we're doing."" Do you have a story suggestion for Beds, Herts or Bucks? Contact us below. Follow Beds, Herts and Bucks news on BBC Sounds , Facebook , Instagram and X ."
84e25b14-df04-486d-9154-938269848fef,https://www.bbc.com/news/articles/czx5zy82n7no,2026-07-13,Thousands may have died in UK's exceptional May and June heatwaves,"More than 2,700 people may have died from heat-related causes during the UK's exceptionally hot weather in May and June, experts' estimates suggest. The figure, from a team at Imperial College London, the Met Office and the London School of Hygiene and Tropical Medicine, is based on what's known about the dangers of extreme heat. Most deaths will have occurred in the June heatwave, they say - the warmest June on record in England, when temperatures hit 37.7C (99.9F) at Lingwood, Norfolk, smashing the previous high of 35.6C (96F) set in 1957. A rare red heat alert was issued for parts of England and Wales at the time, warning even healthy people of the significant risk to life. May temperatures, meanwhile, hit a new UK high of 35.1C at Kew Gardens on May 26 – a significant increase on the previous high mark of 32.8C, which had been set back in 1922 and equalled in 1944. Both heatwaves were caused by a ""heat dome"" - a stalled area of high pressure that trapped hot air over the region, say experts. The heat dome was made worse by human-induced climate change, the researchers say. This has warmed the planet by around 1.4C since pre-industrial times and scientists believe it added between 3 and 4C to the maximum temperatures recorded in May and June. Hot tropical nights added to the sweltering conditions, offering little respite. Many UK homes are not built to cope, leaving people vulnerable to prolonged, high temperatures. Heat puts immense physical strain on the body, made worse if you are dehydrated, with the heart pumping harder and faster to cool you off. Babies and older people are among those most at risk of harm, as well as those with existing health conditions. It can lead to more heart attacks, strokes and other potentially fatal emergencies. Intense heat can affect anyone, including fit and healthy people, and is dubbed a 'silent killer' because early symptoms are easily overlooked. And when the hot air is very wet or humid, like it was in June, it's more difficult for the body to cool down through sweating. The study uses death records from previous years to model or estimate how many there might have been in May and June 2026. It makes assumptions about how badly people were affected by the heat, so the findings may not play out. One of the researchers, Dr Clair Barnes, who is an expert in extreme weather and climate change at Imperial College London, said: ""If by putting out these estimates we highlight to people how dangerous it is and they change their behaviour next time there's a heatwave and our estimates turn out to be high, I will be thrilled. ""These are big numbers and we don't want to see this many people dying."" Experts thought 2025 was going to be a very bad year for heat-related deaths, but the numbers who died turned out to be much lower than expected - roughly half the 3,039 predicted. Heat health alerts, alongside action taken across the NHS and care system are likely to have reduced the impact, the UKHSA said. Some of the researchers believe, on current trajectories, heat-related deaths in parts of northern Europe could begin to rival cold-related ones within a couple of decades – though they stress that outcome depends heavily on how fast the world cuts climate emissions and how well countries adapt. Heatwaves are expected to become more frequent, more intense and longer-lasting the more greenhouse gases are emitted."
fcacb538-4e3f-4a88-bf98-abd6522f33d3,https://www.bbc.com/news/articles/cjwg5qjjxx3o,2026-07-13,Stroke clinic plan is recommended for approval,"Planning officers are recommending that permission should be granted for a stroke rehabilitation clinic. The clinic, which would be called Brian's House, would be built on Hillfield Lane in Aldenham, Hertfordshire, with Hertsmere Borough Council's planning committee due to make a final decision on the application on 16 July. It would be privately funded, and would provide about 4,500 hours of therapy a year. A council report said NHS provision for long-term stroke care was currently ""limited"", with the gap largely filled by charities and private providers. According to the Local Democracy Reporting Service , the plans are supported by the UK Stroke Association and by South and West Herts Health and Care Partnership. While council officers said the building would harm the Patchetts Green Conservation Area, they concluded that its ""very significant"" benefits would outweigh that harm. Do you have a story suggestion for Beds, Herts or Bucks? Contact us below. Follow Beds, Herts and Bucks news on BBC Sounds , Facebook , Instagram and X ."
10cbee6b-1e07-403d-9a53-30ee7dea5304,https://www.bbc.com/news/articles/c9q2zd0q9g1o,2026-07-13,People compete in sheep races because of heatwave,"Sheep races had to be cancelled due to soaring temperatures - so people took part instead. For the first time in its 11-year-history the Frampton Sheep Races, in the village of Frampton on Severn, took place without any sheep because of the heatwave. Usually the animals wear coloured toy monkeys and leap over low obstacles while spectators bet on which one wins for charity. Due to the heat the decision was taken to withdraw sheep from the event entirely and come up with some new events. John Ramsden, part of the Frampton Fundraisers committee, said: ""Since we don't have the actual sheep, we've come up with a lot of silly races for the humans to try."" Races on Saturday included a barrel race, which saw people dress up and sheep and push a barrel around a track, and a wheelbarrow race. It is estimated about 2,000 people attended the event. Ramsden said: ""We've had rain before, but never issues with heat like this. ""We decided to give the sheep a day off, they are probably sat beneath a tree in the shade somewhere. ""Even without the sheep, it has been a lovely atmosphere with local bands and a great turnout."" The Frampton Sheep Races started in 2014 to support local causes and give charities a place to set up stalls and collect money. In the past, it has also featured Shetland Pony races. Follow BBC Gloucestershire on Facebook , X and Instagram . Send your story ideas to us on email or via WhatsApp on 0800 313 4630 ."
32e6ad53-26f3-4260-be25-e97aeca9f507,https://www.bbc.com/news/articles/cg744p7ddyko,2026-07-13,I'm dyslexic and avoided reading until BookTok got me hooked - now I run a book club,"Romance is the key that finally unlocked the world of reading for Amelia Lord after she had avoided it throughout her life. Love was all over her TikTok feed in the form of BookTok – the app's literary subcommunity - just as she was searching for a new hobby to take up after moving from her home in Newport to Gloucester. The 28-year-old social media and events coordinator did not read at all before she was 21. Although ""intrigued"", a dyslexia diagnosis made her think she couldn't do it. ""I kept seeing BookToks on my TikTok,"" she said. ""I was seeing loads about it and it piqued my interest."" She made her first ever New Year's resolution, to read just one book, Colleen Hoover's It Ends With Us , which was released as a film starring Blake Lively in 2024. ""I didn't want to set the boundary too high,"" she laughs. ""I'm a dyslexic girl and I've always thought, can I do it? Then I read it and I was hooked straight away. ""I went into town two days later and started buying loads of romance books."" Amelia, now living in Cardiff with her partner and young daughter, has used books to build a very local community. She said: ""When I came back [to Wales] I didn't really have many friends around me anymore. ""And then I became a mum and hobbies which I had before I wasn't interested in or didn't have the time for anymore. So I feel like books were the only thing that was still a part of before I had my little girl."" She established Booked Up Book Club after her boss gave her space at the play café where she works in the suburb of Whitchurch. There is a monthly meeting to discuss whichever book the group has chosen and another ""scrap and yap"" session, which focuses on book journalling and craft. Amelia combines discussion of the books with quizzes and games, and events such as book bedazzling . ""I was so nervous when I launched the tickets,"" she admits. ""I thought 'what if nobody comes to this'? But it's going well."" The club mainly focuses on different aspects of the romance genre – this month's pick is a cowboy romance, although she is open to other types of books such as thrillers. ""One of my friends had only ever read one book before book club. She started coming and now she reads all the time."" Romance - always a solid performer in the publishing world - has rocketed in popularity in recent years, with sales figures in 2024 reaching record levels in the Romance and Saga category , according to industry analysts NIQ. It was women like Amelia who helped inspire another Cardiff reader to open the city's first bookshop dedicated solely to romance. Unlike Amelia, Aimee Cummings has always loved books, with stories about love central to her enjoyment. ""I've been reading romance since I was old enough to borrow my mum's books when I probably shouldn't have been,"" she said wryly. Her shop, Love Stories in Cardiff's characterful Castle Arcade, nestles among a group of other independent businesses. Aimee, 31, was on a steady path to a career in academia when she had her ""road to Damascus"" moment. After doing a degree, two masters and a PhD in psychology and social sciences, while applying for jobs in the field, she realised: ""I don't really want to do this for the rest of my life."" An ""off-hand"" comment to her husband of ""why don't I just open a bookshop?"" prompted the response ""let's do that"". During a trip to the US, she visited the New York outpost of The Ripped Bodice bookshop, which was originally set up in Los Angeles as the first bricks and mortar romance bookstore in the US. Now she wondered if she could make it work in Cardiff. ""This is borne of passion rather than practicality I guess,"" she said. Despite her love of romance, Aimee did question whether focusing on one genre would be the right move. ""It's all well and good saying 'this is something I love', but it's finding the market for it as well. ""But I am, first and foremost, a researcher, so I did the research into it. And romance has the highest portion of sales in the publishing industry, it's growing exponentially since Covid and it's taking over publishing."" She's not the first to think this could work. In Edinburgh, Caden Armstrong, 26, a Los Angeles native who spent her teenage years visiting the original Ripped Bodice, studied publishing and worked in a bookstore but struggled to find romance books when she first moved to the UK. She said: ""One day I just researched it and found out there wasn't a single bricks and mortar one in the entire UK and thought, 'that's crazy. That needs to change'."" Partly financed by crowdfunding, she opened Book Lovers Bookstore and will celebrate its two-year anniversary next month. Aimee came for a visit while planning her own venture to look for tips and advice, something Caden was ""very excited"" about. At the time, Book Lovers was the only physical romance book shop in the UK. In the time between their meeting and Love Stories opening, others have opened their doors . Both Caden and Aimee aimed to create a space for people, particularly younger women, who are looking for a community to feel comfortable and supported in. They both say online spaces like BookTok have made an enormous difference to how women now feel able to express their interest in romance. Caden said: ""A lot of people around my age or going on to their 30s as well who are going onto BookTok and saying 'you know what, I love reading this, and I don't want to feel shamed just because a) the books have a happy ending and b) there's some adult sexual content written by women in it'. ""I think romance has been shamed for a very long time and I think it's primarily because it's a genre that's been dominated by women writers talking about women's pleasure. That in and of itself is a very radical act, and a very powerful act."" Although romance is a defined genre, Aimee says it is still a broad church that . ""means a lot of different things to different people"". ""You think bodice rippers, contemporary things, fantasy. It covers a broad spectrum. So it's not maybe as niche as you think initially."" But how does she define a romance novel? ""If you were to take the love story out of the book, would it change it significantly? If it would, I'd say it is considered a romance."" The rise of romantasy – the blend of fantasy or science fiction with romance – has been well-documented, and bestselling authors such as Sarah J Maas and Rebecca Yarrow will certainly feature heavily in the shop, but Aimee also points to other growing areas. ""Sports romance has gone huge recently. Rachel Reid's Heated Rivalry [now a hit TV show] is absolutely incredible. The Off Campus series by Elle Kennedy. ""But for me, I really want part of the ethos of the business to champion inclusivity and community. Queer authors, black authors, smaller authors who you wouldn't see in Waterstones."" Caden concurs - describing Book Lovers Bookstore as a queer and disabled-owned business, she added: ""Our entire ethos is creating a fun, creative and safe space for romance fiction but also for uplifting, diverse voices within romance fiction."" Caden thinks the nature of the genre helps bring people, especially women, together. ""I think a lot of the times we're told when we're adults that we can't enjoy things with this sense of childlike joy any more,"" she said. ""That kind of joy of enjoying life and connecting with people is a huge aspect of romance. ""That might be because for the longest time it has been a community really built by women, for women."""
fd8334a5-7c71-44cb-9700-8e38a1ba17d6,https://www.bbc.com/news/articles/c4gyln5qwpno,2026-07-13,Hundreds of sailors to enjoy weekend on the water,"More than 80 yachts and hundreds of sailing enthusiasts are set to take part in a ""highlight of the summer season"" on Saturday. Crews taking part in the Classic Channel Regatta will be welcomed with a reception at Castle Cornet before setting sail for Lézardrieux, France, the next day. It follows the return of Guernsey's Harbour Carnival last week and The Tour des Ports de la Manche racing into St Peter Port on Thursday. The Tour des Ports de la Manche, which is in its 43rd year, is considered to be one of the biggest regattas in the French sailing calendar. It is understood to have attracted its largest fleet of the decade, with more than 100 yachts and about 500 crew members signed up to compete in the six-stage race around Normandy and the Channel Islands. Crews stayed in Guernsey overnight on Thursday before departing for Diélette the following day. Kieran Higgs, head of port operations, said the regattas are ""always a highlight of the summer season"" adding the port is ""delighted to welcome so many visiting sailors to Guernsey Marinas"". He said: ""Over 200 yachts are scheduled to arrive in Guernsey in the next week alone, creating an incredible sight in our waters and showcasing the island as a prime destination for marine tourism."" Follow BBC Guernsey on X and Facebook and Instagram . Send your story ideas to channel.islands@bbc.co.uk ."
3fbbf953-a0ea-476c-8da0-f83df3f68f26,https://www.bbc.com/news/articles/cx24d2jl0m5o,2026-07-13,Closed-down skatepark to be sold to developer,"A closed-down skatepark in Watford is set to be sold to a housing developer. The Lower Derby Road park was closed by Watford Borough Council in 2021 after it built a new facility at Oxhey Activity Park. On 1 July the cabinet agreed to sell the closed skatepark, along with nearby empty offices and a car washing garage. Liberal Democrat councillor Penelope Hill, portfolio holder for property, said the site had been ""recognised as a good development site for new housing"" given the nearby town centre and public transport options. She said its proximity to public transport made it ""ideal for a development without parking"". Marketing for the sale is expected to begin at the end of summer, the Local Democracy Reporting Service said. It was earmarked for about 59 homes in the council's 2022 local plan. The council also bought adjoining land from the county council in 2024 to create a larger site for what it described as an ""improved housing scheme"". Earlier this year a petition launched by residents argued the skatepark should be used for parking as it was ""rarely used for skating"" and had become ""a hotspot for drug use and nuisance behaviour"". A separate 'Save Watford Skatepark' petition was set up by skater Charlie Swan, opposing plans to build homes on the site. Hill said she recognised the strength of feeling locally but said the council had to balance that against housing demand. Clarification 11 July: This article was amended to make clear that while it is officially closed, the skatepark continues to be used. Do you have a story suggestion for Beds, Herts or Bucks? Contact us below. Follow Beds, Herts and Bucks news on BBC Sounds , Facebook , Instagram and X ."
b3fb1a43-ad29-4d44-8ac9-a679f47b9272,https://www.bbc.com/news/articles/cx2dwngx23lo,2026-07-13,Two charged as body found in suitcase in woods,"Two men have been charged with murder after the body of a man was found in a suitcase in woods, the Met Police said. Joshua Miller, 32, of Kingfisher Court, Wandsworth, has been charged with murder and preventing a lawful burial, while Jamie Cooper, 27, of the same address, has been charged with preventing a lawful burial. It comes as officers were called to a block of flats on Kingfisher Court, off Queensmere Road in Wandsworth, at 22:55 BST on Thursday. No-one was found at the property, but a search led officers to believe someone had been harmed there so an investigation was launched. On Friday, officers attended a wooded area in Borstal, Kent, where a man's body was found. Both men have been remanded in custody and are due to appear at Medway Magistrates' Court on Monday. Formal identification has not yet taken place, but police believe they know who the man was and have informed his next of kin, who are being supported by specialist officers. The Met said the victim and the two men charged were known to each other. Listen to the best of BBC Radio London on Sounds and follow BBC London on Facebook , X and Instagram . Send your story ideas to hello.bbclondon@bbc.co.uk"
bee70bec-a4e5-4190-bba9-15bab9fa3743,https://www.bbc.com/news/articles/cq51ne4qyyeo,2026-07-13,Major theatre revamp approved despite concerns,"A theatre is to be refurbished and the size of its bar area doubled despite neighbours raising concerns it could cause ""disruptive noise"" in the area. Norwich City councillors approved the changes to the Norwich Theatre Playhouse in St George's Street. The 300-seat fringe venue opened in 1995 and has had actors including Sir Ian McKellen and Timothy West perform on its stage. Councillors approved the scheme at a meeting on Thursday, but there was concern that a piece of art known as the Ceilingopolis - a cityscape made out of cardboard attached to the ceiling - could be lost in the redevelopment. The refurbishment project will extend the playhouse's existing bar area by turning it into a two-storey building and the theatre, front and back of house areas will also be refurbished. Ahead of the decision on Thursday, planning agents for Norwich Theatre said the plans represented an ""evolution of a much-loved cultural venue"". Stephen Wright, the theatre's commercial director and chief operations officer, previously told the BBC the theatre had become ""tired"" and was in need of some ""TLC"". Neighbours living in Dukes Palace Wharf wrote to the council to complain once the plans emerged. One objector said noise levels were currently modest but said future disturbance was ""our greatest anxiety"". The Broads Authority also said it was concerned about plans to have digital signage on the front of the building. Matters such as noise and digital signage would be further decided through the licensing process, the council said. Councillors ultimately were supportive of the scheme and voted to approve it, but some raised concerns. Tammy Searle, a Green Party councillor, said they were ""very excited"" about the project but questioned what would happen to the ceiling artwork. Planning officers said they were unable to answer. But another councillor noted previous refurbishment work did not result in the loss of the artwork Ceilingopolis. Construction could start in 2028 but the theatre hopes to stage shows while work takes place. Do you have a story suggestion for Norfolk? Contact us below. Follow Norfolk news on BBC Sounds , Facebook , Instagram and X ."
9cd76f7f-e4e2-4e26-8f36-d3cd81486fc3,https://www.bbc.com/news/articles/cz6vqlg2xjzo,2026-07-13,School to be redeveloped after plans approved,"A primary school is set to be demolished and rebuilt under a ""high-quality"" scheme after plans were given the go-ahead. Stow Heath Primary School in Willenhall, Walsall - and located on the edge of Wolverhampton - was earmarked for redevelopment as part of the Department for Education's (DfE's) school rebuilding programme. Q+A Planning, acting on behalf of the DfE, submitted the planning application to City of Wolverhampton Council in December, describing the current school buildings, off Hill Road, as ""not fit for purpose"". Approving the project on Friday, a council planning officer said it represented a ""substantial investment"" in educational infrastructure. ""It will provide modern, fit-for-purpose facilities for existing pupils, nursery users and Send [special educational needs and disabilities] students,"" the planner's report said. ""The scheme will deliver a high-quality replacement school building, improved external learning and recreation spaces, enhanced parking and access arrangements, and a comprehensive landscaping strategy."" According to the planning documents, the current U-shaped school building would be knocked down along with the other existing structures, with the exception of the Rainbows nursery. It would then be replaced with a two-storey, L-shaped building, plus a multi-use games area. The planning officer said the site's sporting facilities could be used by the community outside of school hours. ""The development will not result in unacceptable impacts on neighbouring residents, highway safety, pedestrian safety or sporting provision,"" they added. ""Furthermore, the phased delivery of the project will enable the continued day-to-day operation of the existing school throughout the construction period."" There would be no increase in the capacity of the site, which currently accommodates up to 420 pupils aged three to 11 years old, along with 33 nursery children. But it would enhance the provision for students with special educational needs and disabilities via a dedicated 43-place unit. According to the planning documents, developers aim to complete construction in time for the 2028/29 school year. Follow BBC Wolverhampton & Black Country on BBC Sounds , Facebook , X and Instagram ."
8712b958-ccbe-4f1d-9d37-416435cf4e61,https://www.bbc.com/news/articles/c1jy6dgp7n8o,2026-07-13,England fans in Manchester hug each other after win,"England fans celebrated at a packed fan zone in Manchester as the Three Lions beat Norway in extra time in a tense World Cup quarter-final. Hundreds of fans went wild with beer thrown into the air and fans hugging each other at The Grosvenor in Manchester city centre. Up to 3,000 fans at Manchester's Depot Mayfield fan zone cheered and jumped into the air after the late-night win on Saturday night. Midfielder Jude Bellingham scored twice to set up a semi-final against Argentina on Wednesday. Former England international Ashley Young told BBC Breakfast: ""It was incredible - there were highs and lows."" The ex-Manchester United midfielder added: ""It was a tough game. ""But Norway tired in extra-time and there looked to be only one winner for me. ""I am looking forward to the Argentina game."" Former England goalkeeper Peter Shilton, who played in England 1990 World Cup semi-final against West Germany in 1990, also said: ""We have set it up for a fantastic game against Argentina again. ""We are in a semi-final and that's what matters.""  The ex-Nottingham Forest keeper added: ""We have had to work very hard for it and the conditions really told on both teams. ""And we had that little bit of luck - the goalkeeper made a liitte bit of an error. ""We really battled after that."" Listen to the best of BBC Radio Manchester on Sounds and follow BBC Manchester on Facebook , X , and Instagram . You can also send story ideas via Whatsapp to 0808 100 2230."
7fc4a6ce-9684-478c-b567-9c7f5b1a3a06,https://www.bbc.com/news/articles/c1wyv7nwd5xo,2026-07-13,London's alternative screenings for England's World Cup clash,"As England prepare to face Norway in Saturday's World Cup quarter-final, supporters across London are expected to pack out the capital's pubs and bars. Some of London's cinemas, music venues, outdoor fan zones and community spaces are offering an alternative to the traditional beer-fuelled experience. Here are some of the capital's more unusual places to watch England's biggest game of the tournament so far. With temperatures forecast to remain above 20C for the 22:00 BST kick-off, many supporters will be looking to watch the match outdoors. Between the Bridges, on the South Bank, is transforming into an open-air beer garden with giant screens, street food and live entertainment. In east London, Silverworks Island will keep its main stage open after DJ FISHER's sold-out show, allowing thousands of music fans to stay and watch England. Meanwhile, Fulham Pier is showing both the Wimbledon finals and England's quarter-final inside its Riverside Market food hall. Several cinemas are replacing their usual Saturday night film schedule with live football, offering guaranteed seating, surround sound and giant screens for supporters looking to avoid packed pubs. Vue Cinemas is screening the match at a number of London locations, including Leicester Square, Westfield London in Shepherd's Bush, Westfield Stratford City, Fulham Broadway and North Finchley. Picturehouse Cinemas is also showing the game at venues in Clapham, Finsbury Park, Hackney and Greenwich, while independent east London venue Genesis Cinema in Mile End has dedicated one of its main screens to the quarter-final. Some of London's best-known live entertainment venues are also swapping concerts and club nights for football. Camden's Electric Ballroom is transforming into a giant indoor fan zone, while the Clapham Grand is hosting a ticketed screening inside its Victorian music hall. Near London Bridge, Rae's is opening both its live music auditorium and all-weather terrace for supporters. In Vauxhall, nightclub complex Fire & Lightbox is using its dancefloors and covered garden spaces as multi-screen viewing areas. One of the capital's largest indoor screenings is taking place at HERE at Outernet near Tottenham Court Road, where organisers are using the venue's wraparound digital screens to create a 2,000-capacity fan zone. Churches, community centres and grassroots organisations are hosting screenings designed to provide a more relaxed and inclusive atmosphere. The Hulm Club in Farringdon is holding an alcohol-free event aimed at bringing local residents together, while the Muslim Football Supporters Association is at the Asian Resource Centre in Croydon to host family-friendly screenings. Sands End Arts & Community Centre in Fulham is also opening for the match, while Mitcham Lane Baptist Church is inviting supporters to watch together in its main hall, with attendees able to bring their own refreshments. The rise in alcohol-free football events reflects growing demand from supporters looking to enjoy major tournaments outside traditional pub settings. Shabna Zaheer, founder of The Scene - which she describes as a ""South Asian-led collective bringing fun, alcohol-free events to London"" - has hosted screenings for some of England's previous World Cup matches. She told BBC London ”the response has been amazing"". ""There's a real appetite for people who want to experience the atmosphere of a big game together without it being centred around alcohol, the pub or drinks being thrown,"" she said. Zaheer said the screenings aim to create a space where ""everyone feels welcome"" to watch the Three Lions' World Cup campaign, whether they drink or not. The Scene is not hosting a screening on Saturday, but Zaheer said she hopes to organise another if England progress. Listen to the best of BBC Radio London on Sounds and follow BBC London on Facebook , X and Instagram . Send your story ideas to hello.bbclondon@bbc.co.uk"
13563fd6-30a2-4bb0-b3b6-9b645ba53194,https://www.bbc.com/news/articles/cwyk4g494l4o,2026-07-13,Town seeks views on all-night street lights,"Residents and businesses in Skegness are being asked if they would be prepared to pay extra on their council tax so street lights can be left on overnight. Lincolnshire County Council introduced a part-night lighting scheme in 2016, with about 42,000 streetlights across the county programmed to switch off between midnight and 06:00 in a cost-saving measure. However, Skegness Town Councillor Danny Brooks, who is also the county council's executive member for environnment, has advocated for several years that lights are turned back on overnight in the town. The Town Council is conducting a survey until 28 July to see if people would prefer the lights to be left on between midnight and 06:00 hours, with the cost being added to council tax bills. ""It's time to revisit whether the people still want the street lights back on,"" Brooks said. The cost to convert the lights, which Brooks said would be £90,000, would be recovered through council tax bills. He said the cost could be spread ""over four or five years"" and would amount to  ""about 5p a week for a council taxpayer"". In its Protocol for Reversal of Part Night Lighting , the county council says the initial cost per light of reversal is £53.70. Applicants must also cover the additional energy costs of leaving the lights on all night. Street lights in Skegness town centre stay on overnight, but Brooks said the vast majority of residents lived on the outskirts where the lights are switched off at midnight. ""So they've got to walk from the town centre, then they go into pitch darkness before they can get to their caravan site or their houses,"" he said. Skegness Town Council said residents' feedback would help inform its decision and ensure it reflects the wishes of the community. Listen to highlights from Lincolnshire on BBC Sounds , watch the latest episode of Look North . Download the BBC News app from the App Store for iPhone and iPad or Google Play for Android devices"
07ae6bd0-b1c9-466d-9b50-1be1be4a69bf,https://www.bbc.com/news/articles/cd7w98n2y3eo,2026-07-13,Why switching to save money is easier than you might think,"Seeking out a better deal from your broadband, pay TV and energy suppliers? While you know it could save hundreds of pounds, you might be wondering if it's worth the hassle. But often it only needs one call or a couple of clicks - and banks even pay an incentive to people who switch their main current accounts. Regulators have made the switching process easier in recent years, encouraging people to shop around when cost of living pressures have intensified. Which deals are the best for you still depends on your circumstances, but here are some of the ways that switching works. Virgin Media has just been fined £28m by regulator Ofcom for repeatedly preventing customers from cancelling contracts. The communications regulator said it uncovered tactics including agents deliberately hanging up calls, and customers being put on hold ""for no reason"". Millions of calls from customers were likely to have been mishandled over a three-year period which prevented or delayed them from switching to a better broadband, landline or pay-TV deal. Anyone switching now shouldn't face the same hassle. Ofcom's One Touch Switch service, launched in 2024, means you only have to contact your new provider, not negotiate with the old one. Ofcom says you should check whether you are in or out of contract , as you could face exit fees. Some people are motivated to switch because they are fed up with the service from their old supplier. Many do so in order to save money. So, customers may still decide to call their current provider in order to negotiate a better deal, or ask them to match the offer they could get by switching. In years gone by, most people would get a bank account early in their adult life and stick with it for decades. Competition now sees banks try to win over new customers by offering cash to switch - but only if you use their current account as your main account. Many people have been put off that idea owing to the perceived complication of wages being paid into that account, and direct debits and the like needing to be moved. The Current Account Switch Service now does most of the hard work. You provide the account and debit card numbers for the account you are leaving to your new bank and choose a date for the move (although it can take seven days). Behind the scenes, the service will then automatically transfer direct debits and standing orders, move the balance, redirect incoming payments, such as benefits or salaries, and close your old account. If anything goes wrong, you'll be refunded any interest and charges on your old and new accounts. If you have an overdraft, you'll have to check the new bank offers to cover this, and the amount owed will then be switched automatically. If not, you'll have to pay it off. Changing energy supplier and tariff has also been simplified by regulator Ofgem, but there are some key things to check, including: As with broadband, you only need to contact the new supplier if you want to switch. Ofgem says the new supplier will need your postcode, the name of your current energy supplier and your current tariff, the amount you pay for your energy per unit (shown in kilowatt hours - kWh - on your bill), and the amount of energy you use each year. Most of this is on bills or energy statements, and switching services can help. The switch can take five days, and you have a 14-day cooling off period, during which you can cancel the switch without a fee. It is important to take meter readings, so you get charged the correct amount by your old and new supplier."
b4178820-6aff-40ec-aefd-1909906a4523,https://www.bbc.com/news/articles/cg74x8ke7vzo,2026-07-13,Council fails to factor £4m in CAZ postage costs,"A city council failed to take into account nearly £4m of printing and postage costs relating to fines sent to drivers who went through a clean air zone (CAZ). A report sent to Bristol City Council's Strategy and Resources Committee found the costs were not factored into the costing of a contract with Xerox. The CAZ was launched in Bristol in 2022 in an effort to bring down pollution levels to within legal limits and it raised £26m in fines in its first full year. The council's current contract expires next March and it is looking to extend it until 2028 while a new supplier is sought. The council report said: ""It's estimated CAZ would total £3.9million of contract spend to 31 March 2028."" It added: ""The CAZ is income generating [and] this contract spend is necessary in order to recover CAZ income."" The report said the current spend was forecast to be £14.1m by March 2027 and £17.8m in 2028, according to the Local Democracy Reporting Service . A further spend of £339,000 was also committed to meet the increased printing demand. The additional costs are currently being paid for by fines from the CAZ so does not affect the council's overall budget. The report also said the cost of postage has increased by 137% during the time of the contract. Despite the law stating correspondence for fines had to be first class post, the number of letters being sent was dropping as ""compliance increases"", a Bristol City Council spokesperson said. They added there was no impact to ""overall council finances"". Councillors are looking to re-procure the contract during the 12-month extension and increase levels of digital communication as a way of saving costs. ""The [contract] extension is deemed suitable, only on the basis that will allow the service to re-tender and re-procure for the print and mail contract, as the current contract is not deemed to be fit for purpose anymore,"" the report said. Follow BBC Bristol on Facebook , X and Instagram . Send your story ideas to us on email or via WhatsApp on 0800 313 4630 ."
f7754d57-64cb-4444-8b89-3c7dd7e5541f,https://www.bbc.com/news/articles/c5yznx705peo,2026-07-13,Two charged after man stabbed in head and hands,"Two men have been charged after a man was injured after being stabbed in the head and hands in north Belfast. It happened at Fortwilliam Park at about 20:40 BST on Thursday. A 31-year-old man and a 22-year-old man were charged with offences including wounding with intent to do grievous bodily harm, possession of an offensive weapon with intent to commit an indictable offence, assault on police, and common assault. They are both expected to appear before Belfast Magistrates' Court on Saturday. A 27-year-old man who was arrested has been released on bail to allow for further police enquiries."
31ead2d6-4314-4c2f-9792-9bdc0232bbf1,https://www.bbc.com/news/articles/cx2wzx7gqpro,2026-07-13,Korean culture boosted in London thanks to BTS,"Thousands of K-pop fans arrived in London this July for pop group BTS's first concerts in the capital since 2019. People took photographs for one another and exchanged handmade bracelets, photocards and small gifts - a tradition synonymous with BTS's global fan community. But, they didn't just come for the concerts. London has been the first European city to host ""BTS The City Arirang""; an official accompanying programme of exhibitions, pop-up stores, restaurant collaborations and cultural events named after the group's latest album. Hybe, the South Korean entertainment company behind BTS, said the programme aimed to extend the concert experience beyond the stadium. ""By partnering with iconic landmarks, local communities, and cultural organisations, 'The City' reimagines cities around the world as iconic cultural stages, connecting the diverse fabric of cities and cultures through BTS' music and stories,"" it explained. Across the capital, Korean cafes, restaurants and cultural organisations had dedicated weeks to preparing for BTS fans. At Tokkia, a Korean matcha cafe in Covent Garden, queues began forming before opening time. Owner Sooji Im created a limited-edition Arirang matcha and dessert for the programme. ""It was pretty intense,"" she said. ""But a fun kind of intense."" Im added that she had never seen Korean culture celebrated on this scale in the capital in nearly 20 years that she has lived in the city. ""When I first came here, it wasn't like this at all. Nobody really knew what Korea was. ""It's really nice to see our culture being celebrated in the heart of London... and a lot of the fans are actually responding in Korean. It's just so pleasing to see,"" she said. I find approaching strangers in central London as a journalist often brings a polite smile before they continue on their way. But this week has been different. Fans were eager to explain why they had travelled, what BTS meant to them and what being part of ""Army"" - the group's global fan community - had brought to their lives. Helene Lindgren, who had travelled from Norway, said the sense of community was what she valued most. ""We meet people everywhere,"" she said. ""You can start talking to them without knowing them... you feel safe and you connect immediately through the music."" Her friend Camilla Gjermundnes, who organises K-pop dance activities in Norway, said some younger fans now came simply to talk after struggling to find others who shared their interest in K-pop. Friends Viviana Galindo and Nhan Tu, who had travelled from the US, had deliberately turned the concerts into a longer holiday. Having not visited London for more than 20 years, the pair planned to spend the week exploring exhibitions, restaurants and other events across the city. ""We decided to make a whole big trip out of it,"" Tu said. The two friends had attended previous ""BTS The City"" programmes and said they enjoyed having more opportunities to meet other fans outside the stadium. ""It's always fun to have other activities to do with other 'Armys',"" Tu said. ""It makes me feel more like a global citizen. ""You realise how many people, from so many different backgrounds, are brought together by the same thing."" Korean businesses have felt the boost from BTS fans descending on the city. At restaurant and pub Hongdae Pocha in Chinatown, director Jaeil Choi said customer numbers had almost doubled during the programme. ""Honestly, I didn't expect it to be this busy."" However, he said what stayed with him most was not the crowds but watching visitors greet staff in Korean, sing along to Korean lyrics and exchange handmade gifts with complete strangers. ""It reminded me of jeong,"" he said, referring to the Korean idea of warmth and connection between people. ""I realised people were sharing that feeling with one another here in London. ""To see people of every age enjoying Korean culture like this made me incredibly proud."" Listen to the best of BBC Radio London on Sounds and follow BBC London on Facebook , X and Instagram . Send your story ideas to hello.bbclondon@bbc.co.uk"
3ee8f5e7-e6e6-4cc3-96e8-2202fb801692,https://www.bbc.com/news/articles/c1dyvgrzne3o,2026-07-13,West's big reaction to another England World Cup win,"Thousands of people across the West came together to watch England beat Norway on Saturday, celebrating jubilantly. England won 2-1 thanks to two goals from Jude Bellingham, in response to conceding a goal by Andreas Schjelderup earlier in the game. The win secured England's place in the semi-final against Argentina on Wednesday from 20:00 BST. Here is how you all reacted to England taking a step closer to ending the 60-year wait for World Cup glory. Newlyweds Ryan and Freya Sedgman decided to show the match at their reception on their wedding day, at The Mount Without. ""If you can't beat them, join them,"" Freya said. ""There's going to be guys sat in the corner watching on their phones, so why not show it on a bigger screen?"" Ryan said their big day was more than two years in the making, and never would have predicted England to play that night. He said: ""Initially, we didn't want it to take over the day. ""I'm a big football fan, and a lot of Freya's family are big football fans."" He added he was ""a little bit surprised but very happy"" when Freya approved showing the game. Meanwhile, many thousands of fans attended The Prospect Building to watch the drama on a huge screen. Here are some photos showing some of the best of the action. Now, take a look at this. That was thousands of fans reacting to the win at Tetfest, a family festival in Tetbury. Mark Wood, who founded Tetfest, said: ""Where do I start? We had everything, the music, the people, and then we had the extra time. We got there in the end. ""Everybody behaved themselves. They've left the mess like they always do, but there we go."" He added he hopes to launch an outdoor event for the next game on Wednesday. Speaking after the game, one fan said: ""[It was] absolutely electric. I always knew they were going to win it."" Another said: ""Unbelievable. They were always going to do it, they've got the mentality. It's coming home."" At the Cheese and Grain in Frome, so many people attended they hit capacity, according to the venue. Rob Dahl, venue manager, said: ""It's been crazy the support this World Cup has brought out. ""We've hit capacity for today's game which is wonderful. ""All of the games, including the Mexico game, had hundreds of fans screaming and shouting. It's been really nice to see. ""It's helped the bar, and we do get a higher than average bar spend per head when football is on. ""Because it's such a good atmosphere, it's positive people having a wonderful time."" Reece, from Frome and attended the watch-along at the venue, said: ""[It was a] nice comfortable game. ""After the goal for Norway, a little bit of jitters, but Jude Bellingham carried us all the way. ""There's a better structure to this team than previous years, and Tuchel seems like a much more proactive manager than Southgate was."" It was good vibes at The Old Lane in Chippenham where many hugged each other and sang songs. Helen, who watched the game at the pub, said: ""It was fantastic, I'm so glad we won. I wasn't sure we were going to. Football's coming home."" Charlie, who also attended, said: ""Incredible scenes. Cagey in parts but we'll take it next. Roll on Argentina, let's go."" Additional reporting by Michael Cowan, Martin Evans and Jack Killah. Follow BBC Bristol on Facebook , X and Instagram . Send your story ideas to us on email or via WhatsApp on 0800 313 4630 ."
768159df-86fc-4bbf-86f8-83c60ffb3ec5,https://www.bbc.com/news/articles/crm0y8l4y8zo,2026-07-13,'Amazing' work by late artist goes on display,"A artist who took inspiration from the countryside of Wiltshire and Dorset is the subject of a new exhibition. John Piper, from Surrey, painted sites such as: Stourhead, Fonthill and Lacock in Wiltshire. One of his early collages was of the neolithic site at Avebury, a stone circle thought to be older than Stonehenge . Though a widely popular artist, there have been no previous exhibition of the work he created in the south and south-west of England until this year. He died in 1992, aged 88. John Piper in the South Country, on show at Museum & Art Swindon, had brought together artworks from private and public collections from across the country, organisers said. Matt Vallender, Swindon Borough Council's cabinet member for culture, planning and regeneration, said: ""The work on display in this new exhibition showcases the amazing landscape that we're fortunate to have on our doorstep, and highlights the beauty of our local countryside that inspired John Piper's original works."" The exhibition includes Piper's depictions of churches in the area, from Inglesham to Knowlton and Britwell Salome. He also painted different aspects of the Salisbury Plain, including a view of a neolithic barrow, the land under plough during World War Two and the monument of Stonehenge. Other subjects included a street corner in Lydiard Park, Cerne Abbas and several studies of the Isle of Portland. Vallender continued: ""Thanks to the Wessex Museums Partnership, we're able to bring exhibitions like this to Swindon, giving residents the chance to experience nationally significant collections without having to travel."" Curated by Andrew Lambirth, John Piper in the South Country is part of the Arts Council England-funded Wessex Museums Partnership programme. It is open at Museum & Art Swindon on Euclid Street until September. Follow BBC Wiltshire on Facebook , X and Instagram . Send your story ideas to us on email or via WhatsApp on 0800 313 4630 ."
b902de22-6d54-409f-884d-50db7cba8368,https://www.bbc.com/news/articles/cwydz60j3eno,2026-07-13,New era for Gibraltar with removal of 118-year-old border controls with Spain,"Every weekday morning, Shilpi Chotrani rides her bicycle from her home in the Spanish town of La Línea de la Concepción to Gibraltar. It's a short journey but it means crossing an international border. A British Overseas Territory of around 40,000 inhabitants, Gibraltar has a border control for those entering and leaving. That means that during the morning and afternoon rush hours, when around 15,000 Spaniards who work in the territory cross the frontier, there can be long, time-consuming queues. ""The fact that there is a border between us is ridiculous,"" says Chotrani, who has a job in human resources in a Gibraltarian shipping and tourism company. ""I don't think a fence should separate people from one place and another."" Behind her, the 1,400-foot-tall Rock of Gibraltar is shrouded in early-morning cloud. Perched at the southern tip of mainland western Europe, it is just nine miles from Morocco, at a point where the Atlantic Ocean and the Mediterranean Sea meet. It is a place that has witnessed military battles, sovereignty disputes and a 13-year blockade imposed by Spain. But from 15 July it is scheduled to see a new development - the removal of the border, allowing freedom of movement between Spain and Gibraltar. This is part of a carefully negotiated agreement between the European Union and the UK following the latter's exit from the bloc. Sharing a land border with the EU meant that Gibraltar posed a unique challenge in the post-Brexit era. ""This is going to be a great step forward, both for the Spanish side and the British side,"" says Chotrani. ""All of those of us who live [in La Línea de la Concepción] think this is a great idea. This should have been done a long time ago.""  Gibraltar has one of the highest per capita incomes in the world. But La Línea de la Concepción and the nearby area is one of the most deprived parts of Spain. Unemployment, which is high across the southern Andalusia region, is close to 30% here. The removal of the border is therefore expected to have major economic benefits, facilitating the flow of people back and forth, and possibly going some way to redress the imbalance between the two territories. ""This is something historic, we've had a border fence since 1908,"" says Juan Franco, the mayor of La Línea de la Concepción, who is keen to underline the local economic dependence on the British territory. ""You have to realise that for an average company in this town a third of its income is from clients in Gibraltar,"" he says. After a decade of uncertainty regarding Gibraltar's future relationship with Spain following the UK's vote to leave the EU, Franco says he believes ""this solution to Brexit will end up having a positive effect for us"". Gibraltarians were staunchly opposed to Brexit, with 96% of them voting to remain in the EU in the 2016 referendum on the issue. That staunchly pro-EU stance was driven partly by concerns that exiting the bloc would encourage Spanish sovereignty claims on the Rock. But another major factor was Gibraltar's existing close trade relationship with the EU – particularly in areas such as online gaming, shipping and financial services – and fears about the logistical challenges Brexit would pose. After years of negotiation involving Spain, the EU and the UK, the solution has been to align Gibraltar with the European customs union and the Schengen European free travel zone. Travellers arriving from countries outside Schengen, such as the UK, will have to show their passports to Gibraltarian and Spanish officials at the territory's airport and port. The Chief Minister of Gibraltar, Fabian Picardo, says the new arrangements, which are due to be provisionally implemented with their approval by the UK and European Parliaments still pending, represent ""a huge change"" for the territory. ""One of the key things which has defined the past eight generations of Gibraltarians is the restrictions at the frontier,"" he told the BBC in the Gibraltarian government's headquarters. Picardo describes the agreement as introducing ""complete and utter fluidity of people and goods"" between Gibraltar, on the one hand, and Spain and the EU on the other. The most obvious economic benefit for Gibraltar, Picardo says, will be an increase in arrivals. ""Business will now be able, in Gibraltar, to see a footfall increase which is not going to be restrained by a potential queue on the way in or frontier queue on the way out."" With Spain contesting the UK's sovereignty of Gibraltar, it is an issue that occasionally flares up in the political arena. In the most notorious episode of bilateral tensions in recent times, Spain's dictator, Francisco Franco, introduced a blockade of the Rock in 1969, which was only lifted in 1982, well after his death. The chief minister casts the new arrangement as the opposite of the blockade - a logical, mutually beneficial opening up of a border. ""This will be huge for human relations, it will be huge for business, it will be huge for frontier workers, it will be a new dawn"" for Gibraltar's relationship with Spain and the EU, says Picardo. Spain's foreign minister, José Manuel Albares, has cast it in a similar light, speaking of ""a new era"" for the Rock. However, the deal also means that goods sold in Gibraltar must comply with EU regulations, something that had not been the case until now. In addition, the lack of value added tax (VAT) in Gibraltar has meant that a new transaction tax is being introduced, replacing import duty. Charged on all goods sold in Gibraltar, it will start at 15% this year, eventually rising to 17%. There will also be higher rates of excise tax on certain goods. John Isola, managing director of Anglo Hispano Company, which runs several restaurants and bars on the Rock, says there is a sense of relief among the Gibraltarian business community that the drawn-out Brexit issue has, finally, been resolved – and without a hard border. He sees the new arrangement as ""a good compromise"" that will encourage more visitors to Gibraltar and therefore more business. However, Isola also admits to some nervousness due to the new regulations and tax regime, which he expects will have an impact on competitiveness. ""For anybody importing goods the scenario changes completely in terms of the paperwork that one is going to have to present to get the goods in,"" he says. He also believes that new requirements to adhere to EU standards ""is a challenge for anybody who is importing goods from the UK or anywhere else outside the EU"". Gibraltarians and residents of La Línea de la Concepción have had plenty of time to get used to the idea of the new arrangement. In recent weeks, machinery has been tearing down the border fence each night, in preparation for 15 July. Having witnessed so much drama in the past, this territory is about to discover the significance of the latest twist in its history."
4752c7b5-c9ea-4532-83de-d901a93406e9,https://www.bbc.com/news/articles/ckg47lz10p7o,2026-07-13,Small plane crash in Bahamas kills 10 people,"Nine passengers and a pilot have died in a small plane crash in the Bahamas, officials said. The light aircraft was making a short trip from Lynden Pindling International Airport, near capital Nassau, to San Andros Airport when it ""reportedly encountered difficulties"" and crashed into bushes prior to landing, the country's Aircraft Accident Investigation Authority said in a statement. The fatal crash occurred on the day of the Bahamas' 53rd independence anniversary. ""Today is a day ​of celebration but it has become a ⁠day of mourning,"" Prime Minister Philip Davis told a media conference. He added: ""Once again, a chapter in our nation's story has been marked by tragedy."" Davis initially said there was one survivor, although he confirmed hours later that the person had died from their injuries. The details of the people on board, including their age and names, have not been released. T he Cessna 402 aircraft ​was operated by ​Flamingo Air, ⁠a Bahamas-based airline. The Ministry of Aviation said it was temporarily suspending ​the airline's air operator certificate ""as a precautionary ​safety ⁠measure."" The grounding measure ""should not be treated as an adverse compliance action against Flamingo Air,"" the ministry said. It noted there had been ""two safety incidents"" that had occurred on Friday. Aviation Minister JoBeth Coleby-Davis told reporters a plane had earlier routed back to Nassau when the pilot reported an issue. A fire broke out on board once the aircraft landed and passengers had disembarked, the BBC's US partner CBS News reported. The BBC has contacted Flamingo Air for comment. In remarks to local media, the airline said: ""At this time, the details are being gathered, and we are committed to cooperating with the relevant authorities."""
5a59e05f-6e48-44b9-b9f1-8d1463caaf69,https://www.bbc.com/news/articles/cly7jq4qyp8o,2026-07-13,Councillors reject call for council shake-up pause,"Nottinghamshire County Councillors have rejected calls to pause work on reforming local authorities. Ministers want to merge some councils and scrap the two-tiered system of local government in an attempt to streamline services, and three options for Nottinghamshire were submitted in November. All three would see the number of councils in the area reduced from nine to two, and a decision is expected from government next week. A motion, proposed by Broxtowe Alliance councillor Teresa Cullen at a full county council meeting on Thursday, asked for the authority to write to the Ministry of Housing, Communities and Local Government (MHCLG) calling for all work on the plans to be halted. Cullen said the proposals have been ""ill-thought-out"" and ""rushed"". ""Maybe local government does need to be reorganised but that is a huge undertaking and it shouldn't be done quickly and it shouldn't be forced,"" she said. ""There's such a lot at stake for everybody. It's very important and it's important if we're going to do this that we do it right."" She added the two-tiered system ""works perfectly well"". ""A one-tier system might be necessary but it doesn't need doing on the back of a fag packet within a year."" Cullen's motion was rejected by 38 votes to 18. The ruling Reform UK group voted against the motion along with Labour councillors, while Conservative and Nottinghamshire Alliance councillors voted for it. Council leader Mick Barton called the motion ""frivolous"". ""We put our options in last November and we worked on them all last year. A lot of hard work by councillors and officers, and now we're waiting for the government to see which decision we've got,"" he said. He added he did not agree with Local Government Reorganisation (LGR) in general. ""If we do nothing and don't put an option in, the government will choose it for us, so at least we've got control of it,"" Barton said. Labour group leader Penny Gowland said not engaging with the LGR process would be ""irresponsible"". ""Whatever happens next week, we've got to make it work for everybody and we've got to go forward in a positive way and this motion was just turning their back,"" she said. ""Everybody involved in local government really knows that having those multiple layers doesn't work. It just wastes money and causes confusion."" Conservative group leader Sam Smith, however, said the plans should go ""back to the drawing board"". ""I totally understand the requirement to streamline services. Councillors should be a one-stop-shop and you shouldn't have to contact that councillor for roads and this councillor for bins. It is a complicated system,"" he said. ""The Conservative group I lead are pro-unitary authorities but we're pro-them on a boundary that is relevant to the people within it and the proposals put forward for Nottinghamshire by the Reform council and the Labour government simply aren't good enough."" Nottinghamshire County Council and Rushcliffe Borough Council have backed ""option 1B"" which would see Nottingham City merge with Gedling and Broxtowe, with a second council created for the other council areas. Meanwhile, Bassetlaw, Gedling, Mansfield, and Newark and Sherwood are supporting a north-south divide option, called ""option 1E"", separating them from the area currently covered by Nottingham, Broxtowe and Rushcliffe councils. Nottingham city council has backed boundary changes, which would see the city expand into the urban areas of Broxtowe, Gedling and Rushcliffe. Broxtowe Borough Council and Ashfield District Council chose not to support any of the three proposals. A spokesperson for MHCLG said: ""We are taking forward the programme of local government reorganisation on the basis of the current timetable, which would see decisions announced ahead of the summer recess period in July."" Listen to BBC Radio Nottingham on Sounds and follow BBC Nottingham on Facebook , on X , or on Instagram . Send your story ideas to eastmidsnews@bbc.co.uk or via WhatsApp on 0808 100 2210."
dc2b0ce0-2952-4a30-828c-ee0a6f456c19,https://www.bbc.com/news/articles/ckg7my15e7ro,2026-07-13,Man arrested after woman found dead in flat,"A man has been arrested on suspicion of murder after a woman was found dead at a flat in Stoke-on-Trent. Police were called at about 03:30 BST to Oakwell Court on Oakwell Grove where they discovered the body of a women in her 20s. The 30-year-old suspect, from Stoke-on-Trent, was in custody for questioning, Staffordshire Police said. A cordon remains at the scene where there is to be an increased presence as officers gather evidence and provide reassurance to the community. Police urged anyone with information or CCTV footage to make contact. Follow BBC Stoke & Staffordshire on BBC Sounds , Facebook , X and Instagram ."
21dd98f8-0d05-4986-94a8-721bb3599c7f,https://www.bbc.com/news/articles/cq51vg8v6p4o,2026-07-13,Town hall's £1m refurbishment nears completion,"The £1m redevelopment of Todmorden's Grade I listed town hall is nearing completion, Calderdale Council has said. The 19th Century building, which is owned and managed by the local authority, has undergone refurbishment as part of the previous government's Town Deal project to revitalise town centres. Work has included renovations to the main hall, with a new bar created using materials repurposed from the court room. Pam Warhurst, who chairs the Todmorden Town Deal board, said: ""Thanks to the Town Deal, this wonderful building is more sustainable and has a secure future offering spaces and facilities that are attractive, more accessible and fit for purpose."" Other improvements to the building on Bridge Street, which opened in 1875, include reopening its rear entrance, which features a Victorian lobby, and making it fully accessible for the first time. Further works have seen alterations to the former courtroom, including new flooring, to create more open space while retaining its historic features. The ground floor has been redecorated and toilet facilities on the ground floor and under the stage have been improved. A council spokesperson said the finishing touches were now being applied, which include refurbishing the building's external doors. Keith Ingle, Calderdale Council's cabinet member for economic regeneration, said: ""The improvement works will enable the venue to be used in different ways, from large scale events or parties in the magnificent ballroom, to smaller community gatherings. ""The work will support the future of this important building, and also make the most of its history, with the improvements balancing modern facilities with heritage preservation."" Todmorden was awarded £17.5m as part of the Towns Deal, which has funded improvements to Bramsche Square, Centre Vale Park, the Hippodrome Theatre and Tod College, as well as a new enterprise centre with 23 business units. Improvements to walking and cycling routes in the town centre are also planned. Listen to highlights from West Yorkshire on BBC Sounds , catch up with the latest episode of Look North ."
bf2f9cc5-b75e-4bb9-b053-e75dbd782b2b,https://www.bbc.com/news/articles/c33yxe2ey22o,2026-07-13,"Londoners face hidden poverty premium, study says","Low-income households in London are facing an additional burden of more than £600 a year to access standard goods and services, research suggests. The study by Fair by Design , funded by Trust for London, found affected families in Peckham pay an average of £493 more annually than wealthier households for identical items. This ""poverty premium"" rises to over £600 in the worst affected areas of the capital, driven by factors such as a higher reliance on high-interest credit and increased costs for non-direct debit billing. A government spokesperson said ministers were “determined to turn the tide on poverty after years of rising hardship"" and that their policies were working. The report's authors found the single largest driver of the so-called poverty premium was food shopping, with 39% of families forced to rely on local convenience stores instead of larger supermarkets with more competitive pricing. The research also noted that despite recent regulatory changes, energy and insurance systems continued to penalise the poorest across Britain. Prepayment meter users pay £129 more a year than those on competitive fixed direct debit tariffs, while drivers living in deprived postcodes faced an average of £153 extra on their motor insurance. Manny Hothi, chief executive of Trust for London, called for regulators to take into account the effect of their markets on people in poverty. He added it was vital to ""end the unfairness of people having to pay more because they pay monthly or don't sign up to direct debit."" At a free cafe in Peckham run by the charity Pecan, visitor Josiah Lahai said he goes to the supermarket “and there are certain things I want but I can't buy them.” Doreen Davies, community engagement officer at Pecan, said soaring local rents are forcing some families to leave their established networks and move ""as far as up north"". Speaking on the BBC's Politics London programme, Labour MP for Peckham Miatta Fahnbulleh described Pecan as an ""amazing charity"" and agreed that ""the cost of living is biting"". Fahnbulleh highlighted a £150 energy bill reduction and a £39bn investment in social and affordable housing to alleviate pressure. Conservative MP Julia Lopez said energy bills had risen and the state of the public finances was in an ""unsustainable position"". She also criticised London's housing record, claiming that housing starts have gone down 84% while Sir Sadiq Khan has been in charge as the London mayor. ""I'm not entirely sure what their policy is going forward, but I suspect it involves spending a lot of money,"" she added. The government spokesperson pointed to a £1bn crisis and resilience fund, which included nearly £150m for London's local authorities. ""Our recent statistics show that effort is beginning to make a difference - household incomes have risen 5% in real terms, food bank usage has fallen, and food insecurity is down,"" they said. The spokesperson also highlighted policies such as the removal of the two-child benefits limit - which affects approximately 240,000 children living in 65,000 households in London – and lifting the minimum wage. Listen to the best of BBC Radio London on Sounds and follow BBC London on Facebook , X and Instagram . Send your story ideas to hello.bbclondon@bbc.co.uk"
a5a70e62-9999-47ee-8351-3d831b6e826e,https://www.bbc.com/news/articles/cly9l44jxdlo,2026-07-13,"Man, 24, dies in South Lanarkshire motorway crash","A 24-year-old man has died in a one-car crash on the M74 northbound in South Lanarkshire. Police were called to the crash involving a silver Mazda 2 about four miles from junction 13 near Abington at about 05:00 on Friday. The man was pronounced dead at the scene and his next of kin are aware. The road was closed for investigation for about six hours, and anyone with information is urged to contact police . Sgt Ross Allison said: ""Our thoughts are with the family and friends of the man who has died."""
86c5547b-403b-4b53-98d4-efa3b5e031be,https://www.bbc.com/news/articles/c5yzjlgr7zlo,2026-07-13,"Why Gen Z chilling red wine is socially acceptable, especially in the summer heat","On Wednesday evening, red wine lovers gathered in south Manchester for a tasting. But the sell-out event, which cost £44 a ticket, shunned the long-standing belief that red wine is only properly served when at room temperature. Instead, all the wines offered during the two-hour session in Didsbury came straight from the fridge. Henry Alassane, the owner of Cru Manchester, has been drinking chilled red wine for years. But he says it is only recently that he has noticed more customers wanting to do the same - and there has been a ""massive increase"" this year. ""It's something that we see guests actively asking for,"" agrees Holly Willcocks, owner of Half Cut wine bar in Kentish Town, London. ""I think it's definitely, slowly become something that people are really keen on."" She adds that it is specifically younger drinkers asking for chilled reds. ""It's the [same] guests that were asking for an orange wine last year."" As well as cropping up on bar menus, people are popping red wine in the fridge at home. Searches for chilled red wine on Ocado have soared compared to last year and, in April, Aldi released a red wine with a label that changes colour once it's properly chilled. ""This summer has seen a surge in the popularity of chilling red wine,"" says Miles Beale, CEO of the Wine and Spirit Trade Association. ""This is partly down to the heatwave and partly down to breaking down old school wine myths."" Younger shoppers are driving demand for the drink, according to an Ocado survey in June, with 56% of Gen Z and young millennial respondents saying they've had a red wine chilled or served with ice during summer months. It was in trendy London wine bars where Dominic Lee, 26, first encountered a chilled red. He enjoyed it so much that he decided to start putting bottles of it in the fridge at home. It ""takes the edge off"" the drink and makes it less heavy, says Dominic, who usually prefers white wine. For Emma Moore, chilling red wine makes it taste more refreshing and accentuates its fruitiness. ""I love a chilled red and have done for quite a while,"" she says, calling it ""rosé for grown-ups"". Moore runs wine tastings in York and makes sure she always includes a chilled red option, much to the surprise of many of her clients. As temperatures in Britain soar , people say the option of a chilled red wine becomes all the more appealing. ""With weather like we're having at the moment, it's the only way you can handle a red wine,"" says Willcocks. Many of her patrons at Half Cut agree. Alassane says it's all he drinks in Manchester's hot weather. While many customers opt for a chilled white or rosé when it gets warm, he thinks a chilled red has more flavour and character. He thinks its rise in popularity is also partly down to Brits enjoying chilled reds on holiday, where he says ""it's much more common"" during the warmer months. ""They come back from holiday and want to keep drinking them here,"" he says. This was the case for Sam Colenutt, 29, who first tried a chilled sparkling red wine at a vineyard in Australia. ""Initially I was a little apprehensive but it was very smooth and much less heavy when chilled,"" he says. ""It's the only way to drink red wine in the heat."" But alcohol can also cause dehydration. Dietitian Kate Hilton previously told BBC News she recommends drinking alcohol in moderation during hot weather and alternating it with non-alcoholic drinks. To serve an optimal chilled red wine, you shouldn't keep the bottle in the fridge overnight. Instead, wine experts recommend placing it in there for between 20 minutes and an hour before serving. If it does get too cold, don't worry - your body heat will help bring it up, says wine connoisseur Filippo Bartolotta. But if it's too hot, there's ""no comeback"". Though he does have one quick fix to bring the temperature of red wine down by a few degrees - dropping in a big ice cube for about a minute and then fishing it out with a spoon. Sommeliers may tell you that you're going to ruin your drink but ""actually you're just going to get the wine to the right temperature,"" says Bartolotta. When selecting a red to chill, the consensus is to go for something lighter-bodied and fruity that's low in tannins and has a lower alcohol content. Red wine varieties that Moore, the wine tasting host, suggests chilling include Pinot Noir, Zweigelt and Gamay. ""I've got a bottle of Beaujolais in the fridge at the moment,"" she adds. Dominic typically opts for reds from cooler climates like Austria or Germany. English and organic red wines, which he says can taste tarter, are among his favourites to drink chilled. In contrast, big-bodied red wines taste bitter and metallic when they're served lower than 16C, says Bartolotta. But that doesn't mean you should always serve them straight from the kitchen cupboard - it depends on how hot your house is. The notion that red wine must be served at room temperature is an outdated concept based on it being kept in the much cooler conditions of a cellar, says Bartolotta. Temperatures over 18C are a ""killer for any fine wine"", he explains. To counter this, Willcocks recommends popping all red wines in the fridge for 10 minutes before serving. ""Temperature is one of the most misunderstood variables in wine service,"" adds Michael Sager, founder of Sager + Wilde wine bar in London. ""Most reds are served too warm."" Chilling red wine is not so much a trend, he says, ""it's just correct service for the right wine."""
6139b419-69a2-4c90-a801-5c2bb00f92fc,https://www.bbc.com/news/articles/cg4w7gz29g2o,2026-07-13,Fears M5 project could be shelved to fund defence,"Council chiefs fear a planned new motorway junction could be ""sacrificed"" in the government's proposal to reallocate funds to defence. Gloucestershire County Council wants to build a new M5 junction to the south of Tewkesbury to help solve long-standing issues and unlock plans for 25,000 homes. However on 29 June Prime Minister Keir Starmer said a £15bn rise in military spending would come from cutting investment budgets in other areas - including £700m in savings from roads projects. County councillor Julian Tooke, who leads on infrastructure on the council, said: ""We are very concerned that Gloucestershire's need for improvements to junction 9 of the M5 and the A46 may get sacrificed."" The Department for Transport (DfT) said it will not comment on funding prospects for junction 9 at this stage, the Local Democracy Reporting Service (LDRS) said. In 2024, the works were estimated to cost up to £930m, and funding was approved to develop a £13m business case for the project . The new junction, which would be called 9a, would also see a section of the A46, between the M5 and the Teddington Hands roundabout, re-routed. The council wants to build the junction to help with the creation of up to 25,000 homes at Tewkesbury Garden Communities, including 10,000 homes at Ashchurch . The LDRS said councillors are calling for a funding commitment from ministers for the major road project. Tooke added: ""The government has been very clear in its expectation that councils enable the building of more homes and has set ambitious targets. ""Housing has to come with improved infrastructure."" Councillor Vernon Smith, who represents a ward in Tewkesbury, said it would be a ""betrayal"" of Ashchurch and ""the whole of Gloucestershire"" if the scheme does not get government funding. ""Residents in Ashchurch have put up with gridlock, HGVs thundering past their front doors and unreliable journeys for more than 30 years. ""You cannot fund the nation's defence by leaving our county's most important road scheme to rot."" The extra £15bn in spending was confirmed by the government to take place over the next four years . The DfT's proposed £700m savings from its roads funding includes the A38 Derby junctions and A46 Newark bypass scheme being considered for cancellation. The government said it remains committed to protecting funding for local authorities to mend potholes and repair their roads, protecting investment in rail infrastructure and the proposals will not impact bus or rail services. Follow BBC Gloucestershire on Facebook , X and Instagram . Send your story ideas to us on email or via WhatsApp on 0800 313 4630 ."
b0337e9c-1532-4619-88c2-794479851fed,https://www.bbc.com/news/articles/cn9403qpj09o,2026-07-13,Cars set alight in suspected linked arson attacks,"Police are investigating two suspected arson attacks in Londonderry which they believe may be linked. One fire happened in Ivy Mead at about 03:45 BST on Sunday following reports that two vehicles had been set on fire outside a house. The Northern Ireland Fire and Rescue Service (NIFRS) attended the scene and extinguished the blaze. The occupants were inside the house at the time of the incident, but no injuries were reported, police said. A second fire was reported a short time later, at about 04:10, when a car was set alight outside a licensed premises in Drumahoe Road. Firefighters also attended this blaze and brought it under control. No injuries were reported. Insp Hughes, from the Police Service of Northern Ireland (PSNI), said it is believed the two incidents may be linked. Enquiries to establish the circumstances of both incidents are ongoing, the officer added. Anyone with information, or who witnessed either incident, have been asked to contact police."
52062b72-c418-45c1-8785-e7c3bd0204d4,https://www.bbc.com/news/articles/cj0g5432er1o,2026-07-13,'Bellingham is a genius' as fans celebrate England win,"England fans in Stourbridge erupted in celebration as Jude Bellingham scored two winning goals at the England vs Norway World Cup quarter final in Miami. Roars of jubilation could be heard at Stourbridge Football Club - where Bellingham started his career- on Saturday evening as football fans chanted 'Hey Jude' in the player's honour. Fans at Stoke City Football Club could also be seen hugging and crying, with people throwing their drinks in the air the moment England were confirmed winners. England now stand one win from their first men's World Cup final since 1966 and their third World Cup semi-final since they lifted the Jules Rimet trophy 60 years ago. Fans warned Argentinian fans to ""stay ready"" as England prepares to play them in the semi-final on Wednesday. Three thousands fans viewing the game a fan park in Birmingham displayed pure euphoria at Bellingham's two-goal display. One fan told the BBC: ""What an absolute genius that bloke is. We're absolutely buzzing. I feel like we've won it."" Others, who had predicted it a 2-1 win said they were confident that ""it's coming home"". After the game on Saturday night, England captain Harry Kane said: ""What a tough game, a difficult opponent, but we're over the moon. ""We had to dig deep, especially in the second half and extra time. ""When you've got someone like Jude who can change the game for us like he did again today, that's obviously a big factor. The boys' heart and desire got us over the line."" England will now face World Cup holders Argentina in Atlanta for a place in the final. It's been 24 years - or six World Cups - since David Beckham's first-half penalty gave England a Group F victory over Argentina in 2002. Follow BBC Birmingham on BBC Sounds , Facebook , X and Instagram ."
245f336c-59d2-46ae-8e36-4b7029a9e9d6,https://www.bbc.com/news/articles/czde627npepo,2026-07-13,Protests held over asylum plan for MoD base,"Two separate groups of protesters have gathered to oppose plans to provide  accommodation for asylum seekers on a former military base. The Home Office announced plans to use the Ministry of Defence (MoD) site near Bicester in Oxfordshire to house 1,250 single adult male asylum seekers last month, as part of plans to move people out of hotels. Protestors gathered in the town centre, with some raising safety concerns about using the base, while an anti-racism group called for the processing of asylum claims to be made ""more efficient"". Thames Valley Police said 300 people were in attendance, and the protests ""passed peacefully without incident"". Kelsey Day who attended the protest with her husband and three sons, said: ""We're not against migrants coming over here but they should come legally. ""We don't know who these men are, we don't know where they're from and what they're about. I want my kids to grow up safe."" Another protester, Sam, said the site would be ""a male-only dumping ground"". ""I feel we're constantly being called racist and that's not the case. I don't care what colour you are or where you come from, if there is a risk to my children, that's enough for me."" Jane Coles from Oxfordshire Stand up to Racism said she opposed the ""inhumane warehousing"" of asylum seekers on such sites. ""It would become a magnet for right-wing agitators and it will have a really polarising effect on the population in Bicester. ""We believe the government would be better putting the money into the Home Office to ensure the system for processing asylum claims is much more efficient and much quicker, so the need for this kind of housing will be very much reduced."" A factsheet published online by the Home Office said the site would provide ""basic, safe accommodation"" and would be designed to be ""largely self‑sufficient to minimise any impact on the local community"". If approved, it would be used for a minimum of ten years to house about 1,250 asylum seekers . The Home Office said all would have had mandatory security checks linking their biometric data to immigration, security, and criminality databases. It also said the site would be monitored by CCTV and 24/7 security and would be self-contained, with essential services provided to reduce the impact on local services. Asylum seekers would not be detained but, if they wished to leave the site, would follow a sign-in-sign-out process. The government previously stated its intention to increase the number of MoD sites it was using to accommodate asylum seekers last year. Two former military sites - RAF Wethersfield in Essex and Crowborough Training Camp in East Sussex - are already being used to house asylum seekers. Labour has pledged to stop using asylum hotels, a costly form of accommodation that has become a focal point for anti-migrant protests."
69f7cb0e-3d3f-4fd5-97ff-79e458f9118e,https://www.bbc.com/news/articles/c07y41gvyy3o,2026-07-13,Murder probe after injured man found in street,"A murder investigation has been launched after ambulance crews pronounced a man dead in a Leicester street. A man in his late 20s was found seriously injured on Compton Road, Braunstone, by emergency services in the early hours of Sunday. Leicestershire Police set up a cordon at about 07:00 BST. No arrests have been made. The force said Operation Wool was investigating how the man came to be in the street and the full circumstances around his death. It added his next-of-kin had been informed and were being supported by trained officers. Det Insp Kevin Hames, from the East Midlands Special Operations Unit, said the investigation was in its early stages, with officers speaking to witnesses and analysing CCTV from the area. He said: ""A forensic post mortem examination is being completed to try to establish the cause of death. ""As we progress our inquiries, I do of course ask that anyone with any information makes contact with us as soon as possible. ""Were you in the area of Compton Road this morning? Did you see or hear anything which caused you concern? I would also ask anyone with CCTV footage or dashcam footage from the area to get in touch. ""We understand the concern this incident may cause so please do speak to officers in the area about any information or concerns you may have."" Listen to BBC Radio Leicester on Sounds and follow BBC Leicester on Facebook , on X , or on Instagram . Send your story ideas to eastmidsnews@bbc.co.uk or via WhatsApp on 0808 100 2210."
80de7320-6030-48c9-b88c-696aa3bb93c1,https://www.bbc.com/news/articles/c5yz164gz8qo,2026-07-13,"Boy, 15, found dead in river was 'heart' of family","A 15-year-old boy who died after getting into difficulties in a river was the ""heart of our family"" and ""brought energy, laughter and happiness"" wherever he went, his family said. Leon Pafu Ngoy was reported missing after going into the River Irwell at Clifton Country Park in Swinton, Greater Manchester, on 27 June. His body was recovered two days later. In a tribute, his family said: ""People will always remember his infectious smile, his sense of humour and the way he treated others with kindness and compassion."" They said his death was ""a tragic accident"" and they wanted to warn people ""no matter how safe the water may look, it is never worth taking the risk"". ""We want people to know that nobody was to blame for what happened. ""It was a tragic accident that has changed our lives forever,"" they said in a statement shared by Greater Manchester Police (GMP). ""If Leon could speak to others today, we believe he would have one important message - no matter how safe the water may look, it is never worth taking the risk. ""We will always wonder what might have been if different choices had been made. ""If Leon had gone to the local swimming baths instead of the Clifton Country Park that day, he would still be with us. ""Leon was our baby, our brother, our best friend and the heart of our family."" They added that by ""sharing Leon's story"" they hoped no other families would have to go through such ""unimaginable pain and heartbreak"".  The family also said that Leon, a basketball, fashion and music lover, had just completed his GCSEs and had been ""excited"" about the future. They also thanked friends and ""our community"" for their support at this ""incredibly difficult time"". The family's warning comes just days after the death of two men who got into difficulties in reservoirs in Greater Manchester in the space of just over 24 hours. The body of an 18-year-old man was pulled from Dovestone Reservoir, Oldham, on Friday, while a 49-year-old man's body was recovered from Sykes Reservoir, in Stockport, on Thursday. The search for Leon in the River Irwell was carried out by North West Ambulance Service and Greater Manchester Fire and Rescue Service. At the time, Det Insp Dave Ogden from GMP said the incident was ""truly heartbreaking"" and ""my thoughts remain with the family and loved ones of the young boy who has so tragically lost his life"". He also said he was satisfied there was nothing suspicious about the death and it was an ""incredibly upsetting reminder of the serious risks associated with open water"". The force said it understood people wanted to make the most of the warm weather, but urged them to avoid going in reservoirs, rivers, canals or ponds. ""Please take care and enjoy the weather in a safe way,"" he added. Listen to the best of BBC Radio Manchester on Sounds and follow BBC Manchester on Facebook , X , and Instagram . You can also send story ideas via Whatsapp to 0808 100 2230."
4bdf0688-43bf-4705-8d75-6bddfb273331,https://www.bbc.com/news/articles/czx5jppvlqlo,2026-07-13,Safety warning after two men drown in open water,"Safety campaigners are warnings of the dangers of open water and reservoir swimming after the deaths of two men in just over 24 hours in Greater Manchester. The body of an 18-year-old man was pulled from Dovestone Reservoir, Oldham, on Friday, while a 49-year-old man's body was recovered from Sykes Reservoir, in Stockport, on Thursday. Matt Black, a crew manager with Lancashire Fire and Rescue Service, said if swimmers got into difficulties in reserviors, there was often ""no escape out of it"". The warning comes after coastguards and RNLI teams in the north-west of England reported a spike in incidents as people flock to the seaside amid the heatwave. Greater Manchester Police urged people not to be tempted to cool off in open water as high temperatures continue across the North West this week. The force said reservoirs were ""extremely dangerous and are not safe places to swim"". ""Reservoirs are clearly signposted and swimming is prohibited, yet incidents continue to occur,"" it said. ""Even on the hottest days, the water temperature can remain much colder than expected, often only reaching around 12°C to 16°C. ""Cold water shock can happen quickly, affecting your breathing, movement and ability to stay afloat. ""As temperatures rise this week, please stay safe, choose designated swimming locations, and stay out of reservoirs."" Black added: ""Because they are not for public swimming, once you are in a reservoir you'll find that there is no escape out of it."" Cheshire Police also warned of the dangers. ""While it might be tempting to cool off in open water and the surface can look safe, it can hide strong undercurrents, shockingly cold temperatures, debris, and disease just a few feet below the surface,"" the force said. ""Cold water shock can affect even the strongest swimmers."" HM Coastguard's Fleetwood crew said the recent hot spell had resulted in a ""significant increase"" in demand on the coastline. The team in Crosby, Merseyside, has been busy on its operation beach safe as people head to the Sefton coast. HM Coastguard Crosby said it was ""patrolling its beaches and helping everyone enjoy the coast safely"". Crosby beach is a RNLI red-flagged area, which means water conditions are unsafe for swimming. Crosby Leisure Centre ran a series of events last month in partnership with the Royal Life Saving Society UK as part of Drowning Prevention Week. Deputy manager Liam Brown said: ""Teaching vital water skills is one of our main goals to prevent drownings especially as we are so near to the beach."" The HM Coastguard's Wirral team also advised people wanting to have a dip, to choose a lifeguarded beach and always swim between the red and yellow flags. Its team was called to reports of four boys swimming in the River Mersey off Tranmere Oil Terminal on Thursday evening. It said the youths had just left the water when they arrived and they had been spoken to by members of a sailing club who gave them safety advice. A spokesperson said: ""This is not a safe location for swimming. Entering the water from the end of the jetty puts you a considerable distance out into the River Mersey, where there are strong, fast-moving currents."" Ross Macleod, RNLI safety manager, urged families to talk about the dangers of jumping into open water. ""This could be a conversation that saves lives,"" he said. ""The sea or open water may look inviting during hot weather, but it remains cold enough year-round to trigger cold water shock, which can cause uncontrollable gasping, increased heart rate, and can lead to panic and drowning very quickly. ""It's best to enter the water slowly to gradually acclimatise.""  He urged people who find themselves in danger to fight the panic instinct and use the ""float to live"" technique by relaxing and floating on their back, with head tilted back, gently moving hands and legs to stay afloat. ""This buys valuable time to get your breathing back under control, before then calling for help or swimming to safety."" He also warned people not to attempt rescues. ""Instead, remember phone, float, throw - phone 999 or 112 and ask for the coastguard, tell the struggling person to float, throw them something buoyant like a life ring,"" he said. He said the safest option was to go to lifeguarded beaches and swim between the red and yellow flags. ""If you can't choose a lifeguarded beach, find out about your chosen beach before you visit - check weather and tide times and read local safety signage,"" he said. Read more stories from Cheshire , Lancashire , Greater Manchester and Merseyside on the BBC, watch BBC North West Tonight on BBC iPlayer and follow BBC North West on X ."
92acebcd-353a-435c-a845-48440198ed5e,https://www.bbc.com/news/articles/cn940vgxd91o,2026-07-13,Plaid and Labour face off over education budget cash,"Welsh Labour's leader has said they will ""be left with no choice"" but to vote against the supplementary budget unless their demands are met. As a minority government, Plaid Cymru must get the support of at least six Members of the Senedd (MSs) from other parties to pass the budget. They had offered £80m over two years for children with Additional Learning Needs (ALN) in exchange for Labour support. But Ken Skates, the interim leader of Welsh Labour, told BBC Politics Wales that the offer wold be a ""bad deal for education"". He said: ""If we don't get that fair deal for education, then I'm afraid it will leave us with no other option than to vote against the budget."" Speaking on behalf of the Welsh government Deputy Minister for Public and Preventative Health, Nerys Evans, accused Labour of ""playing politics"" with extra money for the NHS, childcare and free school meals. She urged them to return to the negotiating table before the vote on Tuesday. This supplementary budget is the allocation of extra funding for the Welsh government. The final budget was set by the previous Labour government before the election that was held in May. Extra spending by the UK Labour government on ALN, known as SEND in England, means Welsh government has received a windfall. That money is not ring-fenced for that purpose by the Welsh government, who can choose to spend it however they want, but Welsh Labour and other parties want to see more of it spent on ALN. Plaid Cymru has offered £40m per year for two years to the sector and have promised to improve sustainability in the long-term. Speaking on Politics Wales, Skates who is currently the only candidate standing in their leadership contest, confirmed they had rejected the offer on the table. He said Labour wanted £100m put towards ALN adding that it was ""absolutely vital"" that more money was put into education. He added: ""I believe that £40m this year is a bad deal for education, and I believe £40m next year would be another bad deal for education."" Skates said young people in Wales ""deserve"" an additional £100m set aside for education and specifically ALN. Also appearing on the programme, Nerys Evans hit back and and accused Labour of ""playing politics"", adding ""£80m for ALN is a lot more"" than Labour's planned spending in the budget when they were in government. She acknowledged that ALN needed ""more investment""  and said their plan to ""surge capacity, look at options for early identification of ALN and look at training"" was ""sustainable"". The supplementary budget also included plans to spend £145m more on the NHS, £55m on childcare and £15m on free school meals. Evans said the Labour Party has ""spoken warm words"" about supporting these policies in the past and urged the party to ""look again"" at the supplementary budget ahead of the vote. The vote on the supplementary budget will take place in the Senedd on Tuesday."
312ffebc-db90-4208-b04b-42bc457342a6,https://www.bbc.com/news/articles/cjdgmn33491o,2026-07-13,East of England news quiz of the week,"From England fans and hosepipe bans to drunk seagulls, how much East of England news can you remember from the past seven days?"
527e5f2f-76ff-4bdd-bc54-737c18fd51f0,https://www.bbc.com/news/articles/cy5vdvlq1z9o,2026-07-13,'It's 50C in the polytunnel' - workers tackle the heat,"Workers in kitchens, farms and other hot environments across the Channel Islands and South West have adapted their routines during a period of record-breaking temperatures. Guernsey had its warmest June since records began in 1843, according to Guernsey Met, with 25 June becoming the island's hottest day on record at 36.4C (97.5F). Plymouth in Devon recorded its fifth hottest day in a century at 31.5C (88.7F) during this week's heatwave and Bude in Cornwall saw a high of 31C (87.8) . There is no legal maximum working temperature in the UK, Guernsey or Jersey , although guidance says employers should manage risks and improve comfort where possible, with ventilation, cold drinks and breaks. Excavation operator Adrian Riley from Guernsey Electricity works outside operating diggers fixing network services. ""You just have to get on with it as if it is any other day,"" he said. ""We look after each other a lot out here, water and hydration but sometimes it's too hot,"" Riley added. ""Nobody is a hero in this heat."" Guernsey Electricity's health and safety lead, John Tostevin, said: ""People pay money to go to a sauna but these are the temperatures we're dealing with here when working with the engines, and the worst thing for us is we have to wear black overalls to protect ourselves. ""We have to manage the heat, even if it's really hot, taking half a day off work because the sun is out just isn't an option for us. ""If there's a power cut our employees have to work."" Tostevin said they give employees extra rest and have lots of water on site. ""We are now coming up with new ideas to allow us to work safely that we haven't had to think about before because we cannot work in the sun."" In Jersey, Ollie Griggs, from Lomah Farm where they grow vegetables and flowers, said the lack of rain between heatwaves had made conditions harder for crops and staff working in polytunnels. ""At the moment it's 42C (107.6F). We did hit the maximum in the last heatwave, which was 50C (122.0F),"" he said. Griggs said the farm had been starting earlier and finishing earlier on the hottest days, while chickens were being given shade and cool water every two to four hours. Paul Belhomme has been at Jersey Post for more than 30 years starting as a postman and working his way up to director of operations. ""In all the years I have been here, I would say that I have not had hot conditions for as long a period as what we're seeing now,"" he said. ""Records have been broken, so it's definitely climate change we're seeing and we're actually predicting this to happen more and more, which is why we've got to be prepared for this."" Belhomme added postal workers are beginning to move their start times earlier, ""which has made the staff happy and it means we can keep them out of extreme hot conditions later in the afternoon or from lunchtime"". At the Rocquettes Hotel in Guernsey, pastry chef Lornah Ongechi said staff were able to keep working because management provided drinks and the kitchen doors were kept open. ""We are really hydrated in terms of water,"" she said. Ongechi said chefs still had to adapt in the heat, adding: ""If you were used to wearing a heavy jacket, like me, today I'm wearing a long jacket but it's still hot."" At Anni's Hideaway, Moores Hotel in Guernsey, chef Freddie Pereira, said working over hot pans in summer was ""part of the job but can still be difficult"". ""I just have water with ice and some juice, take some fresh air,"" he said, when asked how he cooled down. ""Sometimes it's too much, but we still have to do it,"" he added. In Jersey, A&A Scaffolding Solutions Ltd managing director Alex Wareham said it was hard managing a busy schedule and heavy deadlines during the heatwave, but they have no choice but to carry on. Mr Wareham said: ""We have set a few rules, allowing staff too start early and then finish early if they want to. ""As much as we'd like to say to our workers, 'let's go home for a week', we just can't afford to do that."" Architectural Ironworks' blacksmith and fabricator in Jersey, Joseph Evans spends his job welding, forging and making gates and railings. Evans said during a heatwave ""its like being in a sauna most of the time, it gets pretty warm"". ""We have one fan at the moment, we just sweat it out and wait till the end of the day, or have a few minutes break and carry on."" Cornish theatre company Ha Hum Ha are touring their period drama the Scarlet Pimpernel which sees the cast donning wigs, heavy skirts and frock coats. Producer and actor Ben Kernow who plays multiple roles in the show said: ""We can't do much to the costumes, without going on naked, essentially. ""We're taking things a little bit slower (with fight sequences) at half speed if it's a very hot evening."" He added: ""We hide water around the sets in places where people might not spot it."" ""The main thing is keeping hydrated so that we keep our energy levels up, and we're not kind of running into a burnout zone."" He said most of the costumes are ""quite breathable"" as they are made from cotton and linen, apart from the heavier coats. ""The show is naturally fast-paced and multi-role so we're changing out of costumes fairly quickly anyway, so we get moments of respite through that."" Kernow said costume changes are challenging in the heat ""because you might be a bit sweaty and a little bit bigger than you would be usually."" The team at Amary Farm at Lincombe near Lee Bay in north Devon were also working round the weather and said temperatures peaked at 52C (125F) in the polytunnel. Will Davis said: ""We're having to shift the work from being able to do it in the day to early mornings and late evenings."" He said they are picking produce at 05:00 and keeping it in fridges, ""packing it later in the day"" ready for the veg boxes they deliver each week. He said he was picking basil at 08:00 and ""it's wilting as you're going"". ""So you're really having to change the day and how you approach the day to be able to deal with the heat."""
cb1fb7a4-7176-448b-b6c6-810e630bdd10,https://www.bbc.com/news/articles/cwy0znl1760o,2026-07-13,Jersey Post releases book written by children,"Jersey Post has launched its first book - a collection of short stories written by children on the island. Once Upon a Letter features more than 30 stories from Jersey Post's writing competition, held last autumn for children aged five to 11. Each story had been written in the form of a letter and aimed to showcase the creativity of young Islanders, organisers said. All proceeds from book sales would support the Friends of Jersey Oncology (FOJO), which works with the hospital oncology unit to support cancer patients and their families throughout their treatment journey, they added. Mark Siviter, CEO of Jersey Post, said: ""There is something incredibly special about receiving a handwritten letter. ""It can make us feel connected, transport us into another world, and leave a lasting impression in a way that digital messages often cannot. ""The creativity shown by Jersey's young writers has been truly inspiring, and we are delighted to showcase their stories in this beautiful collection."" The competition was launched to encourage children to rediscover the joy of letter writing in an increasingly digital world. More than 300 children took part, with entries judged on creativity, plot and originality. The standard of writing was so inspiring that Jersey Post decided to publish a selection of the stories in a special book for the community to enjoy, bosses said. Local children's author Penny Byrne and Nicola Mackereth, education programme manager from Every Child Our Future, were among the competition judges, alongside representatives from Jersey Post. Follow BBC Jersey on X and Facebook . Send your story ideas to channel.islands@bbc.co.uk ."
9b002300-a7e4-4a28-8cd1-fbaca34a5bc3,https://www.bbc.com/news/articles/ce8krwx3zpno,2026-07-13,Arrests as man's body found in suitcase in woods,"Two men have been arrested on suspicion of murder after the body of a man was found in a suitcase in woods, the Met Police said. Officers were called to a report of a potential murder at a block of flats on Kingfisher Court, off Queensmere Road in Wandsworth, at 22:55 BST on Thursday. No-one was found at the property, but a search led officers to believe someone had been harmed there so an investigation was launched. On Friday, two men, aged 27 and 32, went to Medway police station in Gillingham, Kent, where they were arrested. Later that day, officers found the body of a man in a wooded area of Borstal. The victim and the two men were known to each other, the force added. Formal identification has not yet taken place, but police said they believed they knew the victim's identity and had contacted his next of kin, who were being supported by specialist officers. The two men remain in custody. A third man, who was arrested on suspicion of assisting an offender, has been released on bail. No-one has been charged. Det Insp Ben Dalloway, who is leading the investigation, said: ""Our thoughts remain with the victim's family who are understandably distraught at their loss. We will continue to offer them every support."" He added: ""This has been a fast-moving investigation and we are working tirelessly to establish the exact circumstances of the incident."" Listen to the best of BBC Radio London on Sounds and follow BBC London on Facebook , X and Instagram . Send your story ideas to hello.bbclondon@bbc.co.uk"
f0be07bf-1479-4bca-925c-00a1c5ee01e2,https://www.bbc.com/news/articles/cgk65r35g0go,2026-07-13,Traders want site rebuilt three years on from fire,"Three years ago today a massive fire ripped through an industrial estate destroying more than 40 business units. The blaze on 11 July 2023 at the Baldock Industrial Estate, Hertfordshire, was likely to be have been started accidentally by burning of plastic waste at the Stair Company in units 24 – 42 . Owners want to see the buildings demolished so the units can be rebuilt and their businesses can return to the site. North Herts Council told the BBC that responsibility for any demolition work lies with contractors Gately Smithers Purslow . The company, which specialises in building surveying and structural engineering, declined to comment. In June 2025 the council granted planning permission to rebuild the estate on the condition work began by June 2028. Craig Ross, 41, who ran an engineering business on the site, said it was ""heartbreaking"" that it had not yet been demolished and rebuilt. He said the estate, which has 17 different private owners, cannot be surveyed as it is too dangerous and no one was allowed in. ""I don't believe the council is doing enough to support the owners to get the buildings pulled down and made safe"" he added. However he said that ""trying to get 17 different people to agree on the same thing is near on impossible"". He has relocated his business to Stevenage but he hopes to move it back to Baldock so he can get his passing trade back. Malcolm Gammons, 59, said his family run business lost ""millions"" of pounds in the fire three years ago but ""it was difficult to quantify (the amount) fully"". The MD of Brown and Gammons, which was founded by his father in 1977, operates an MG car dealership on the high street in Baldock. He said they had the biggest single unit on the industrial estate where they stored a range of parts for cars over the past 25 years. ""Most of what I had in there I cannot replace,"" he added. He described dealing with the aftermath of the blaze as ""tough"" and ""the hardest thing I have had to deal with"". ""Baldock is a strong little town which has lost fifty percent of its industrial area but it is going to come back - hopefully soon,"" he said. Do you have a story suggestion for Beds, Herts or Bucks? Contact us below. Follow Beds, Herts and Bucks news on BBC Sounds , Facebook , Instagram and X ."
d1b23fe7-2cbc-44ec-8033-32a43ea29fe2,https://www.bbc.com/news/articles/clye0dy72x3o,2026-07-13,More homes evacuated in Coalsnaughton ground movement probe,"More homes have been evacuated in a mining village in Clackmannanshire after families were told their properties are dangerous. In total, 256 residents of Coalsnaughton have now been told to move out after ground movement was discovered in May. On Friday, Clackmannanshire Council issued dangerous building notices for a further six properties while an investigation is ongoing. The Mining Remediation Authority (MRA) told the council last month that ground movement in the village was showing ""no signs of stopping"" . It identified between 2mm and 10mm (0.07-0.39in) of ground movement a week in Dunmoss View and Benbuck View. The MRA is expected to give more information on the cause of the movement in the next few weeks. It is widely believed that the ground movement is linked to a former mine, but this has not been confirmed. The MRA plans to monitor the site for a further six months after the ground has stabilised. Residents will not be allowed to return to their homes before the probe is concluded. Some families have previously told BBC Scotland News that they expect to be out of their homes for several more months. And some fear a number of the properties will have to be demolished. Residents are currently in short-term accommodation - some in housing association properties, some in private rentals including Airbnbs, others are in alternative temporary accommodation including student residences in Stirling. A Clackmannanshire Council spokesperson said: ""We recognise this is a worrying time for the affected residents and we will engage directly with them to ensure they receive clear information and support."" ""This action has been taken under the Building (Scotland) Act 2003 following detailed inspections and professional advice from structural engineers, which identified defects that may present a risk to public safety."" Clackmannanshire is the smallest mainland council in Scotland and this is thought to be the biggest ongoing local emergency it has ever faced. In June the Scottish government confirmed a £1m package to help it meet the cost of the emergency. The money will be used to cover expenses including temporary housing, welfare and staffing."
60d892db-f4f2-4e3a-ab94-e088f9e306ef,https://www.bbc.com/news/articles/c5yznxv1xgzo,2026-07-13,'Busy' city road to close for seven weeks,"Part of a Leicester road will be closed for up to seven weeks while traffic calming measures are installed. The £250,000 project begins on Gipsy Lane on Sunday, said Leicester City Council, with a closure between Northfield Road and Oliver Road. Two existing zebra crossings will be raised onto tables, while speed cushions will also be installed and footpaths widened. Two existing 20mph zones will also be linked by a new order to expand the regulations along Gipsy Lane between Oliver Road and Naseby Road. The council said the work aimed to reduce speeds near North Mead Primary Academy, in response to local concerns. Assistant mayor for transport councillor Geoff Whittle, said: ""This road closure is required while important road safety improvements are carried out to this busy route which runs alongside a local school. ""The work will be carried out during the school summer holidays when traffic is considerably reduced, and we will do all that we can to ensure that work is completed quickly and that the road reopens in good time."" A diversion will be signposted during the works, said the council. Listen to BBC Radio Leicester on Sounds and follow BBC Leicester on Facebook , on X , or on Instagram . Send your story ideas to eastmidsnews@bbc.co.uk or via WhatsApp on 0808 100 2210."
76e14afd-07ab-4beb-a559-30e89f3e5616,https://www.bbc.com/news/articles/cy8w67l642no,2026-07-13,Major incident declared in Wales as firefighters tackle wildfires across UK,"A large-scale wildfire in north Wales has been declared a major incident by emergency services, as firefighters tackle fires across England and Wales during the record-breaking heatwave. Residents near Conwy Mountain and the Sychnant Pass have been evacuated, while members of the public were warned to avoid the area. In Greater Manchester, fire crews are working to contain a moorland fire near a reservoir, while in Camberley, Hampshire, crews are extinguishing a large heathland fire. Wildfires burned in County Durham, Derbyshire, East Sussex, West Sussex, Devon and Somerset over the weekend, during a warning that parts of the country were facing an ""exceptional"" risk for fires. North Wales Fire and Rescue Service said in an update on Sunday afternoon that it was working in ""challenging conditions"" in order to contain the Conwy Mountain fire, with operations ""expected to continue for some time"". Residents in the village of Capelulo, near the mountain, were advised by the town council to ""leave safely and follow the instructions of the emergency services on scene"". Those in nearby communities have been advised to keep windows and doors closed and seek medical advice if they experience breathing difficulties. The service later said it was also responding to a number of grass fire incidents, including in Braichmelyn Forest in Bethesda. Natural England said southern England and pockets of the south Midlands were at the highest wildfire risk over the next few days, while many other areas in England and Wales were at ""very high"" risk. Parts of the UK are set to enter a second week of temperatures above the heatwave threshold, with amber and yellow heat health alerts issued for between Sunday night and Wednesday night. Greater Manchester Fire and Rescue Service said on X on Sunday afternoon that firefighters were at a moorland fire near Dovestone Reservoir. ""Due to high winds, smoke from the fire may travel significant distances,"" it said, warning residents in surrounding areas to keep windows and doors closed and others to avoid the area. Crews are expected to remain at the scene of a large heathland fire in Blackwater, Camberley on Sunday evening, as they continue to monitor for remaining hotspots after working overnight to bring the fire under control. The wildfire broke out on Saturday afternoon and spread across about 10 hectares (25 acres) of heathland near the Surrey border. Over in County Durham, a wildfire as large as 14 football pitches hit fields near Durham University. County Durham and Darlington Fire and Rescue Service said it had received calls at about 14:15 BST, and the fire was put out in about an hour. West Sussex Fire & Rescue Service said several vehicles had been sent to a fire in a field in Nutbourne, Chichester on Sunday afternoon. It follows firefighters battling several wildfires across the country on Friday and Saturday, including in Derbyshire. On Saturday morning, Derbyshire Fire and Rescue Service said crews had returned to wildfires near Arnfield Farm and at Tintwistle Moor - with a helicopter also carrying out water drops on hotspots. The blaze first started on 24 June - during the last heatwave - and has affected about 260 hectares (642 acres) of moorland and woodland. Firefighters covering Devon and Somerset also battled at least four grassland fires on Saturday. Crews from East Sussex and West Sussex also tackled two fires in the South Downs National Park - one at Devil's Dyke and one near Eastbourne - overnight on Friday. Many parts of England and Wales are facing an increased wildfire risk after three record-breaking heatwaves and a prolonged lack of rainfall. Over the next few days, the continued hot and dry weather, coupled with strengthening winds and lower humidity, is expected to accelerate the drying of vegetation, increasing the risk for fires. Stronger winds would also allow any fires that do break out to spread more rapidly and become harder to contain. The risk is expected to ease slightly towards the middle of next week as winds become lighter and the chance of showers increases. Meanwhile, safety warnings have been issued by campaigners after multiple deaths of people who had been swimming in open water over recent days. On Friday, the body of an 18-year-old man was pulled from Dovestone Reservoir . Two men died on Sunday afternoon after attempting to assist two children who had got into difficulty in the sea at Seaton Carew Beach off Hartlepool coast. Hot weather warnings are also in place, with amber and yellow heat health alerts from the UK Health Security Agency (UKHSA) issued from 09:00 BST on Sunday to 21:00 on Wednesday. That means significant impacts are likely across health and social care services due to the high temperatures, including a rise in deaths, particularly among those with health conditions or aged 65 and older. Climate change is driving up temperatures around the world, causing increased summer heatwaves and more intense wildfires."
35406012-7d66-4538-a06c-ed86437a7793,https://www.bbc.com/news/articles/c8x2z7wnljwo,2026-07-13,Crews tackle large fire on heath and woodland,"More than 60 firefighters have tackled a large heathland fire on the Hampshire-Surrey border. Hampshire and Isle of Wight Fire and Rescue Service (HIWFRS) said the fire at Blackwater near Camberley was reported shortly after 13:30 BST. At its height, the fire spread to approximately 10 hectares of heath and woodland. Firefighters used hose reels and specialist wildfire equipment to bring it under control and prevent it spreading further. Road closures were put place and people were urged to avoid the area. On Saturday evening, HIWFRS said a reduced number of crews would remain at the scene overnight to maintain fire breaks, carry out damping down and extinguish any remaining hotspots. Fire services across the south of England have warned that a few days of hot weather have ""greatly increased"" the risk of wildfires as the country experiences its third heatwave of 2026."
314b8699-de50-4127-b39b-d07fb8b22de7,https://www.bbc.com/news/articles/cvge2pppveqo,2026-07-13,Fire breaks out at seafront electricity substation,"A fire has broken out at an electricity substation on the Dorset coast, leaving a number of properties without power. Dorset and Wiltshire Fire and Rescue Service (DWFRS) said it was called at about 15:45 BST to reports of a fire at Greenhill in Weymouth which had spread to nearby trees and bushes. Firefighters wearing breathing apparatus have been using hose reels to extinguish the fire close to the Sealife Centre attraction and skate park. More than 100 properties had initially lost electricity supply, according to Scottish and Southern Electricity Networks (SSEN). Preston Beach Road has been closed while the fire is dealt with. The Sealife Centre also confirmed on Facebook that it had closed because of the fire. BBC reporter Sophie Cridland on the scene said a plume of black smoke could be seen over the resort. ""It's already a hot day here in Weymouth, making it busy with people on the beach and walking down the Esplanade, and when I arrived fire engines and police cars were blocking the road. ""The wind is blowing the smoke in between the Sealife centre and the skate park."" Beach chalets opposite also have lost electricity because of the fire. On Sunday evening, DWFRS said seven fire engines were dealing with the blaze. It urged people living nearby to keep doors and windows closed to avoid breathing in smoke."
772a4d62-b8ee-4e35-b227-a99e43497723,https://www.bbc.com/news/articles/c0ky0e147jzo,2026-07-13,Village in shock as 'horrific' Ann Widdecombe murder case unfolds,"A police cordon remains in place at Widdecombe's Rest - the name Ann Widdecombe gave to her Dartmoor home as a symbol of her retirement. That name has now taken on a new, and tragic, significance. The residents of the tiny village of Haytor Vale - where neighbours are accustomed to feeling so safe they can leave their doors unlocked - are a community in shock. Home to fewer than 200 people and nestled on the edge of Dartmoor, this peaceful valley is reeling with the knowledge that police suspect foul play in the death of the former government minister. Widdecombe was found with serious injuries on Thursday morning. As police arrest a man more than 270 miles (430km) away in South Yorkshire, locals in Devon are grappling with grief and horror. ""It shouldn't have happened, it's horrific,"" said one neighbour. ""It's very, very safe around here."" Another said: ""It's unbelievable someone could do something like that."" Meanwhile, the walkers, families and nature lovers who usually populate the village during the summer months have been replaced by police, forensics officers and journalists. There have been several tributes for the former MP for Maidstone in Kent, from politicians and those who encountered her on the national stage. Near her Devon home, flowers are now propped against a ""Please drive slowly"" sign. Locally, there is horror over the death of a woman who had become ""just a person in the community"" since moving here 18 years ago. Widdecombe was ""a really nice woman"" with a great sense of humour, said neighbour Alison Gilbert. ""She didn't deserve to die like that,"" added Simon Gilbert. Another neighbour remembered her as ""well-liked and accepted"". Widdecombe was described as a frequent worshipper in the Abbey Church at Buckfast Abbey, where the community said she would be ""missed and fondly remembered"". The monastic community extended ""its heartfelt condolences to her family and friends"". Meanwhile, her former long-time driver Peter Horrall, who had laid flowers near her home, reflected on a ""great, very kind"" lady. It had been ""a privilege"" to drive her, he said. ""I liked her because if you asked her a question, you'd get an answer - no mucking about."" In the nearby village of Ilsington, a short drive away along the winding Devon roads, Widdecombe was often seen at the local shop. She had always made time for a ""smile and a wave"", said villagers there, with resident Jane Parsons adding the ongoing police investigation had left them ""worried"". Uniformed police officers have been going door-to-door, checking on people as well as asking for information that may help. As those inquiries continue, villagers can only sit tight, wait for more news and reflect. Follow BBC Devon on X , Facebook and Instagram . Send your story ideas to spotlight@bbc.co.uk ."
648480b6-1e31-481f-927d-37aeff7f72bf,https://www.bbc.com/news/articles/czrxzr1xy3ko,2026-07-13,Pets and pools: How are people coping with the hosepipe ban?,"People in the driest part of the UK are adapting to a hosepipe ban for the first time in a decade , after a series of heatwaves and lack of rain left the region on the edge of drought. Anglian Water, Affinity Water and Cambridge Water, who supply much of the East of England, are implementing ""temporary use bans"" to protect customer supplies and the environment. ""Dry weather depletes our water, and hot weather means we use more of it,"" the Environment Agency pointed out. So at a time when the temptation is to use more water than usual, how are people responding to the regulations? Rescue dog Lili is 16 years old and finds the high temperatures challenging. ""Each morning, in this heat, I put her cooling coat on her and slowly sprinkle water on her from the hose,"" says her owner Sandra Davis, from Haddenham, Cambridgeshire. People are allowed to continue using a hosepipe if it is needed ""for animal welfare, including the care of pets, livestock and fish"", according to Anglian Water's list of exemptions . ""Even if it wasn't allowed, I would probably do it anyway, to keep her body cool,"" Sandra says. She adds she is using the method four or five times a day, as Lili's coat dries out. Watering the vegetable patch and orchard is a daily task for children at Beach Babies nursery in Landbeach, Cambridgeshire. Michelle Rodbourne, the nursery's manager, says they ""used this [hosepipe ban] as an opportunity to talk to the children about sustainability, and how there is little water"". ""The hose pipe will obviously be removed, and the children will see that process happening. ""The children will be taking care of their growing patch by using their small watering cans to get water from the water butts if there is any left, or from the taps inside the nursery."" Rodbourne says they also spoke to the children about being mindful of water use at home. ""I did say that we would need to be filling our paddling pools with watering cans and that might take much longer,"" she adds. Joan Sampson from Tolleshunt Darcy, Essex, is working hard to conserve water. ""We have a large, lovely garden. We have water barrels, but at the moment they're coming to empty,"" she says. ""We will just have to use a watering can and do what we can. Everything I have, it goes into a bowl and out into the garden. ""Even the cat's water that she doesn't drink goes out into the garden,"" she says. Joan was visiting Green Island Gardens near Colchester, run by Fiona Edmond. ""Everything we do here is about maximising water, conserving it in any way we can,"" says Edmond. Green Island Gardens has a borehole which means the 20-acre site is not affected by the hosepipe ban, but Edmond is still being sparing with the water. ""We concentrate on things that are newly planted. It's a question of watering plants at the base to keep them alive."" Her advice to the public was to let the grass ""go brown"", and not plant annual bedding plants but focus on more resilient shrubs and perennials that require less water. ""Any water, don't waste it, save it: bathwater, anything you can siphon off, the plants won't mind,"" she says. The hosepipe ban only applies to domestic use, not businesses or public facilities. Locations such as Splash n' Play at Willen Lake in Milton Keynes use a recirculating water system, meaning the water is filtered, treated and reused. Robert Wood, the executive director at Willen Lake, says: ""In response to the temporary use ban, we don't currently plan to close Splash 'n' Play at Willen Lake. ""As things stand, Splash 'n' Play will continue to give local families a safe, affordable, and fun way to stay cool during the current hot weather."" Norwich City Council confirms its splash pad at Waterloo Park will remain open over the weekend ""as one of our most popular venues for families to enjoy during the warm weather"". Peterborough City Council says Central Park paddling pool will remain open with Bretton Water Park due to open on 18 July. ""These will not be impacted, as such facilities fall into different water usage categories,"" a spokesperson says. Cambridge Water, which announced its hosepipe ban on Thursday, says the early response from customers had been ""hugely encouraging"", with a ""slight reduction"" in water demand. However it adds this was ""only a start"" as water use this year has reached ""record levels"" with 30% more being consumed than usual for this season. Elena Karpathakis, the company's managing director, says: ""We know asking people to use less water isn't easy. ""Many customers have simply got on with doing their bit, putting away hose pipes, watering plants less often, taking shorter showers and thinking carefully about how much water they use."" Do you have a story suggestion? Contact us below. Follow East of England news on X , Instagram and Facebook: BBC Beds, Herts & Bucks , BBC Cambridgeshire , BBC Essex , BBC Norfolk , BBC Northamptonshire or BBC Suffolk ."
91e60eb9-bb5f-45e9-ada6-38b264008967,https://www.bbc.com/news/articles/cn8qwj611qxo,2026-07-13,Landmark US housing bill becomes law despite Trump protest,"President Donald Trump allowed landmark housing legislation to become law overnight on Friday without his signature. He had earlier refused to sign it in protest over Congress's failure to pass voter ID legislation but did not veto the housing bill. Experts have said the legislation marks the most comprehensive action from Congress on lowering house costs for renters and homebuyers in the 21st Century. Americans have been frustrated with housing costs. Trump, who has repeatedly made false claims of widespread fraud altering the results of US elections, wanted Republicans to prioritise the voter ID bill ahead of the November midterm elections. Without his veto, it became law automatically. In June, both chambers of Congress approved the housing bill - called the 21st Century Road to Housing Act - in a rare moment of bipartisan agreement. ""This bill becoming law is a genuine milestone—and I don't use that word lightly,"" Dennis Shea, of the Bipartisan Policy Center (BPC), said. ""Getting Congress to move on housing supply and affordability has been a long time coming, and the American people made clear they were ready for it."" A survey from the BPC earlier this year found that 89% of voters from across the political spectrum wanted action from Congress to make housing more affordable. After Congress passed the Road to Housing legislation, Trump cancelled a ceremony to sign the bill and said he would not do so until the voter ID law was passed. As recently as Friday, he reiterated his call for passage of the The Safeguard American Voter Eligibility Act (SAVE) , which would require Americans to provide ID and proof of citizenship to vote. ""I will not sign the Housing Bill, which has been fully approved by Congress and sent to the White House, in protest over the fact that the United States Senate is not capable of passing the Save America Act,"" Trump posted on social media. Republicans, who control the House and the Senate by slim majorities, have said there is not enough support to get the measure over the finish line. Democrats say the SAVE legislation disenfranchises eligible voters. After Trump's Friday post about not signing the bill, several Democrats attacked the move on social media. House minority leader Hakeem Jeffries wrote on X that Republicans ""would rather make it harder to vote than easier to afford a home"". The housing bill aims to both reduce costs and increase housing supply, as Americans have faced housing shortages for years. It includes more than 40 provisions, including making it easier to build new homes and limiting how many single-family homes institutional investors can buy nationwide. The bill comes as the median price of existing homes hit an all-time high in June: $440,660 (£328,000), up 1.8% from $432,700 a year ago, according to the National Association of Realtors. A US family needs an income of about $117,000 a year to afford an average home on the market, according to the real estate brokerage Redfin, but that is nearly $30,000 more than what most US households earn, according to Census data. Potential homebuyers also face high inflation and interest rates, making homeownership even more out of reach for many Americans."
c711f471-1f30-4181-bac7-7bb8cf5da059,https://www.bbc.com/news/articles/cz6v5z9zz8jo,2026-07-13,Man arrested on suspicion of murder of Ann Widdecombe,"Police say a 28-year-old man has been arrested in South Yorkshire on suspicion of the murder of Ann Widdecombe. ""The suspect, who is a white British national, is now in police custody,"" a statement from Devon and Cornwall Police said. Widdecombe, a former Conservative minister turned Reform UK spokesperson, was found dead with serious injuries at her home in Haytor, Devon, at 11:40 BST on Thursday. Police believe she was attacked almost 24 hours earlier. A man, 26, had been arrested earlier in Newton Abbot, 11 miles (18km) away, on suspicion of murder before being released on Saturday, after which police said he was ""no longer part of the investigation"". The latest arrest took place at an address in South Yorkshire, police say, approximately 270 miles (430km) from Widdecombe's Devon property. In its latest update, Devon and Cornwall Police said: ""We were supported by Counter Terrorism Policing North East and South Yorkshire Police who carried out the arrest on behalf of Devon and Cornwall Police. ""At this time, there is still no information to suggest that this is a terrorism related incident and as a force we retain primacy of the investigation."" It added: ""This is a live and active investigation, and no further information will be issued tonight."" Widdecombe's family had been informed of the latest updates, police confirmed. A significant police presence remained around Widdecombe's property in Devon over the weekend, with forensic officers seen arriving outside the 78-year-old's home. People, including Reform UK leader Nigel Farage, were also seen laying flowers at Dartmoor National Park, near her home. Farage paid tribute to Widdecombe, telling reporters that she was a ""remarkable individual"" and ""the fiercest defender of free speech"". Widdecombe's long-time driver, Peter Horrall, also laid flowers near the scene on Saturday, telling the BBC that he ""just couldn't believe"" what had happened. ""She was a great lady, very kind,"" he said, adding that ""if you asked her a question, you'd get an answer - no mucking about"". Politicians from across the spectrum, including outgoing Prime Minister Sir Keir Starmer and Conservative Party leader Kemi Badenoch, expressed shock and grief over her death, commemorating her contributions to public life. ""She was an extraordinary lady,"" shadow chancellor Mel Stride, MP for Central Devon - Widdecombe's constituency - told BBC One's Sunday with Laura Kuenssberg programme. ""I was always struck both by the fact she had real true conviction, strong personality, yet she had that twinkle in her eye, that enormous energy and that great sense of humour,"" he said, describing the combination as ""quite rare"" and ""rather special"". Widdecombe's management team first announced Widdecombe's death on Friday. Shortly afterwards, Assistant Chief Constable Matt Longman said counter-terrorism officers had been initially involved in the investigation. They ruled out terrorism after finding no information to believe her death was a ""politically motivated crime"". On Saturday, Longman said the force had decided not to release further information, including descriptions of any potential suspects or CCTV footage, for the time being. ""Releasing such information prematurely could compromise ongoing enquiries and may prejudice future investigative opportunities,"" he said. Widdecombe's political career spanned several decades, having served as Tory MP for Maidstone in Kent from 1987 to 2010. She held the positions of employment, prisons and Home Office minister in John Major's government between 1994 and 1997. After the Conservatives' defeat at the 1997 election, she held numerous senior roles including shadow health secretary and shadow home secretary. Following her departure from the Commons, Widdecombe appeared on BBC's Strictly Come Dancing in 2010 and was a runner-up on Celebrity Big Brother eight years later. She joined the Brexit Party in 2019 where she represented South West England as a Member of the European Parliament (MEP) from 2019 to 2020. In 2023, she became a member of Reform UK, where she was the party's Immigration and Justice spokesperson."
50da3d65-f818-4b4b-a30b-20ad4a483d00,https://www.bbc.com/news/articles/c982z98e5nwo,2026-07-13,Woman's body recovered in search at waterfall beauty spot,"The body of a woman has been recovered after a major search at a waterfall beauty spot near Loch Lomond. Emergency services were called to the Falls of Falloch, near Crianlarich, at about 22:45 on Friday after she was reported to be in difficulty in the water. The Scottish Fire and Rescue Service (SFRS) said water rescue units from Oban and Stirling were sent to the 30ft (9m) waterfall. Police Scotland confirmed that the woman's body was found at about 11:45 on Saturday and said her death was not suspicious. A force spokesperson said: ""Emergency services attended and water searches were carried out. ""Her death is being treated as unexplained, but there are no apparent suspicious circumstances. Her next of kin have been made aware."" Police closed the nearby car park and urged visitors to avoid the area during the search. The Falls of Falloch is near the top of Loch Lomond just off the A82. During summer months it is a popular for hikes and picnics. In 2021 emergency services rescued eleven people from the water after they got into difficulty. The group had waded out to a rock and then become stranded when the water level rose quickly. The rescue team said the group had been caught out due to heavy rain showers higher up in the mountains. The site was temporarily closed to the public at the end of March this year to allow for safety and access improvement works. The Loch Lomond & The Trossachs National Park Authority said this was required due to a ""marked rise in visitor numbers"" ."
e5a661e6-a5c3-49b3-a67a-709d21d1bcad,https://www.bbc.com/news/articles/c07yldvr8dko,2026-07-13,College waiting lists for September leave teens with 'nowhere to go',"Hundreds of teenagers are on waiting lists for courses because there is not enough funding to accommodate record numbers of applicants, college bosses have warned. Entry level courses in subjects such as construction and health and social care are amongst the most oversubscribed for September. ""I found a purpose for what I could do for my life and something I actually enjoy,"" said one 18-year-old of his college experience. The Welsh government has been asked to comment. Yana Williams, chief executive of Coleg Cambria in north east Wales, which has waiting lists for 44 of its courses, said the situation risked adding to already worrying numbers of young people not in education, employment or training (Neet). ""Almost all our places, entry and level one, are now full,"" she said adding the college had seen an increase in applicants for two years running, meaning teenagers were being placed on waiting lists. Entry and level one courses are below GCSE level and places are usually taken up by young people who either have not sat or have not passed exams. ""Unless we have that money soon we can't recruit new tutors, we can't have any more courses and we will be turning learners away in September,"" she said. ""There is nowhere else for learners to go if they don't come to a college, but at this moment in time the college can't offer any more places than it has."" Coleg Cambria has five sites including campuses in Wrexham and Deeside. In south Wales, Coleg y Cymoedd serving Rhondda Cynon Taf and Caerphilly faces similar challenges. Principal Jonathan Morgan explained they had already set up temporary buildings, converted classrooms into workshops and increased staff numbers and had now ""stretched every lever"" - with funding for 4,600 learners but applications from 6,000. ""We've made offers to 5,500 learners, but that leaves us a gap of 500 learners, which we're unable to make offers to at the moment, and we're having to hold them on a waiting list."" He said demand was greatest in courses such as construction, engineering, creative industries, digital and IT, health and social care and childcare. ""There is going to be uncertainty for many young people, which is really, really unfortunate and a situation that we would not want to be in,"" he said. One reason for the pressure on places and budgets, according to Morgan and Williams, is that more learners are going into college at a lower level and then staying beyond the usual two years. Other factors include more over-16s in the population and learners who had been home-schooled applying for college but not being included in funding calculations. ""Before I went to college I felt lost,"" said Joshua Walker, 18, an electrics and plumbing student from Pontypridd. ""When I was first here, I felt like I found something I want to do."" After he ""struggled a bit in school"", Carrick Swannack, also 18 and from Porth in Rhondda Cynon Taf, switched from another course to plumbing and ""so far it's been amazing"". ""I think it always should be funded for young people because obviously this is the future for us,"" he said. Nineteen-year-old Finleigh Clark from Aberdare had a similar experience. He said: ""The school environment wasn't really for me. I couldn't sit down in a classroom and do work. It wasn't the right environment for me at all."" When he attended a college open day he ""saw the plumbing and the electrics workshop and I was like 'oh my god this is a bit of me'."" ""Ever since, I've loved it."" Colleges Wales, which represents Wales' further education colleges, said the sector is facing a £30m funding shortfall from September alongside record levels of applications for courses. With funding for fewer than 46,000 learners, they predict that more than 50,000 will enrol on courses but hundreds more are on waiting lists. Funding of £21m for extra students last year has been reduced to £6.5m for 2026-27. Calling for more funding from the Welsh government, Morgan said he understood the pressures on public sector finances. ""But young people across our region deserve the opportunity to come to college and to study on courses that they're passionate about so they can lead meaningful lives going forward into the future,"" he added. Earlier this year, a report for the UK government warned of a ""lost generation"" facing shrinking job and career opportunities. Data from the Office for National Statistics showed 13.5% of all 16-24 year olds in the UK were Neet. The latest figures for Wales, based on a different set of data , suggest it is higher at 17%."
7a43136b-a366-4313-a7ab-37141845dfe9,https://www.bbc.com/news/articles/c74yv79g8zzo,2026-07-13,Musician's love of music to endure through gift,"A widower hopes his wife's love for music will be shared by generations to come after donating the instrument she loved to a youth band. Andrew Keirl has given the glockenspiel owned by his wife Alison to Cornwall Youth Brass Band with the epitaph: ""May the music play on"". Alison played piano and violin before being diagnosed with rheumatoid arthritis as a teenager. She struggled to continue playing her instruments so Andrew suggested she try the glockenspiel instead. Andrew said: ""Alison retired after 40 years in the NHS last year and we both joined St Breward Silver Band. In a cruel twist of fate, just three weeks later she suffered a stroke and died in April."" Andrew, a retired optometrist from Liskeard in Cornwall, said Alison spent a year in hospital being treated for her arthritis. He was a brass band conductor at the time and, when Alison struggled to play piano and violin, he suggested she try the glockenspiel, which could be played with sticks. Alison took to the instrument ""like a duck to water"" and loved playing it, Andrew said. When they were married 29 years previously, he gave her a top-of the-range glockenspiel as a wedding present. After her death, Andrew said he did not want the instrument ""stood in a corner gathering dust"". ""I wanted it to be used, and I'm sure Alison would as well, to help young people,"" said Andrew. He added: ""Music is so important for youngsters, banding in particular, for communication, team building, trust. ""I moved around the country over the years and as a bander you find the nearest band suddenly you're in a strange town but you've got 25 new friends. ""It's an absolutely wonderful thing to do and to encourage these youngsters by donating a decent quality instrument for them to use is really what I wanted to do,"" he said. Tom Arnold, a Truro Cathedral chorister as well as a percussionist, said: ""It's wonderful to have an instrument like that in our band. ""Tuned percussion is very different from all other percussion, it's not like a drum it doesn't have a skin, but it's pretty much just like a piano. ""Learning it [glockenspiel] has been such fun, and not many people can play it. Keirl has been made an honorary member of the Cornwall Youth Brass Band in recognition of his donation. Follow BBC Cornwall on X , Facebook and Instagram . Send your story ideas to spotlight@bbc.co.uk ."
e4b6b18f-d984-4a21-82d0-5b89b13707bb,https://www.bbc.com/news/articles/c1dywzv5rn4o,2026-07-13,"Building supplies workers' strike ends after 'inflation beating' pay rise, says union","A union has said that a strike at a branch of one of Northern Ireland's leading building supplies firms has ended as a result of what it described as an ""inflation beating pay increase"". About 40 staff at Haldane Fisher's Carnbane premises in Newry had been on strike for the past five weeks. Earlier this week, striking workers told BBC News NI they had previously rejected an offer of up to 2.8% because it was ""still nowhere near inflation"". A Haldane Fisher spokesperson said the firm was ""very pleased to have reached an agreement"" adding that the deal included ""changes to working practices"" at the site. The firm is part of a larger timber and builders' merchant business which employs about 700 people across Northern Ireland, England and the Isle of Man. On Saturday, Unite general secretary Sharon Graham said: ""This was a hard fought and well won victory by workers who were prepared to strike to secure a decent pay increase."" She said joining a union was the ""best way for workers to protect against the rising cost of living"". Unite regional officer Sean Smyth said: ""The workers struggle at Haldane Fisher has been inspiring. ""This strike should never have been necessary but now the workers return with renewed confidence having won respect and an inflation-busting pay deal."" In a statement, Haldane Fisher's spokesperson said the company was ""pleased to be welcoming colleagues back to work next week"". They added the deal had been reached against a backdrop of ""significant cost pressures"" including rising National Insurance contributions and higher energy bills. The firm pointed out that its Newry premises ""remained open and continued to serve customers"" throughout the five-week strike with the assistance of other staff. It explained the changes that accompanied the deal would assist with ""modernising and future proofing the site"" and ""building a fully flexible, multi-skilled team"". ""Reaching a resolution that rewards our colleagues fairly while securing the changes we need to operate efficiently is the right outcome for everyone,"" the firm said."
334c97dd-6ebe-4d90-baeb-d907bdfa5b06,https://www.bbc.com/news/articles/c0lyrd22d9no,2026-07-13,UK Town of Culture nomination 'bittersweet' amid theatre closure,"When you drive into the County Tyrone town hoping to become the first UK Town of Culture, the first thing you see are the Tinnies - five 18-foot metal statues, dancers and musicians, performing as cars pass by, travelling onwards. These are the giants that welcome you to Strabane, a place hoping to perform something of a giant-killing by securing the prize ahead of bigger towns across the UK like Grimsby, Rotherham and Port Talbot . The town, with 13,000 people about 14 miles from Londonderry in the north west of Northern Ireland, has a rich cultural history. Singer-songwriter Paul Brady; solar astronomer Annie Maunder; and Brian O'Nolan, best known as writer Flann O'Brien, all called Strabane home at one time. However, the town of culture bid comes at a time when Strabane's main arts centre, the Alley Theatre, is closed due to a water leak - and set to remain shut for much longer than first expected . The irony isn't lost on the people involved in the arts in the town. Ciara McCay, director of the Strabane Drama Festival, said the news was ""bittersweet in a way"", given that the award recognises culture and showcases original storytelling while the Alley Theatre remains closed. She said theatre runs deep in her family, noting that her father, Aodh McCay, was involved in planning the venue and helped shape its design. McCay said it is ""heartbreaking"" that it is not currently open but said she is delighted that the town is being recognised in a positive light. Comedian Emer Maguire, meanwhile, knows all about it - she had to move two of her shows after the theatre's closure. ""I was so upset, as were the audiences because they had sold out well in advance,"" she said. ""I've performed there since I was a teenager and it's a wonderful, high-spec venue, so having somewhere like that in Strabane means we're already punching above our weight. I'd like to see continued investment in it. ""Some people feel it would not have taken so long to reopen if it had been a theatre in Derry or Belfast, and I think there is probably some truth in that. Sometimes people forget about us and we get left behind."" For Maguire, this is what the town of culture bid could potentially, in her view, correct. ""Being from Strabane and growing up there gave me a real sense of pride and joy in the town. We know what the town means to us and how great it is, but it's lovely to see that recognised nationally on such a huge scale,"" Maguire said. ""I'm very proud and very happy, to be honest."" Maguire credits the town with helping her forge a career in comedy and music. ""For such a small town, we have produced an amazing number of musicians, writers, actors, comedians and artists, and there seems to be something about growing up there that breeds creativity. ""For me, I'd love to see investment in the arts that leaves a lasting legacy, like workshops in schools, rehearsal spaces, small performance venues or festivals,"" she said. Adding that similar programmes had a ""huge impact"" on her when she was growing up. ""I'd also love young people to know they don't have to leave to be creative."" Martin Gallan agrees when it comes to Strabane's cultural reputation. ""I think it reinforces what people like me have said for years: that Strabane is of huge historical and cultural significance,"" Gallan said. Gallan, an uilleann pipe maker and a former president of Strabane's Chamber of Commerce, said the town sometimes ""gets a lot of unfair bad press"" which can overshadow the ""fantastic people who live and work here"". ""For quite a small place, we have such a huge amount of amazing musical talent, both traditional and contemporary, who are, in my opinion, some of the best on this island."" The closure of the Alley Theatre, he said, made it a struggle for the town to attract major acts but he hopes a successful town of culture bid would help. UK Town of Culture is a new Department for Culture, Media and Sport (DCMS) competition. It said it was inspired by the success of the UK City of Culture and aims to ""celebrate towns and help to create a lasting cultural legacy"". The government will select the best small, medium and large towns from the applications it receives. One of these will be named UK Town of Culture 2028 and receive £3m to develop a year-long programme of cultural celebrations while the other two finalists will each receive £250,000. The new competition - which has seen 15 places selected from almost 400 applications - will run alongside the UK City of Culture 2029. Coffee shop owners Adrian and Gillian Maxwell said they are delighted the town has been shortlisted. ""I am originally from Derry but we wanted to move back to Strabane and open our business because we do love it here,"" Gillian said. ""You'll not meet nicer people anywhere, everyone will stop and chat and there is a real community here."" Gillian says she hopes the town can now go on to win the award and be recognised for the lovely place she and her husband both love. Raymond McGoldrick from McGoldrick Sports welcomed the recognition and said the town could benefit from further investment. ""I was absolutely great to hear the news. Strabane is a fantastic wee place and anybody who does not know about it should certainly come and visit us. ""It's a beautiful wee town and it just has so much to offer."" Diane Faulkner is co-owner of the opticians which has been in business for more than 18 years in the town centre. ""I hope the bid opens up the town to people who maybe don't know about Strabane because it has so many good things going for it. ""Hopefully this can help bring more money into the area and see more improvements to Main Street,"" she said."
6942030a-c35b-4bc9-a7ab-cce93cb46863,https://www.bbc.com/news/articles/clyrdn216k2o,2026-07-13,"Anthony Zurcher: From Trump critic to ally, Lindsey Graham was a political survivor of the Maga era","Lindsey Graham, who has died aged 71, was a political survivor. His career as a Republican senator served as a telling barometer for the dramatically changing climate in his political party - and America - in the Donald Trump era. While there were certain issues central to Graham's political identity – including a hawkish foreign policy that focused on containing Russian global ambitions, support for Israel and regime change in Iran – his 23-year career in the Senate was marked by a willingness to adapt to the gale-force change of political winds that accompanied Trump's rise to power. Shortly after being elected to represent South Carolina in the Senate in 2002, Graham became a close ally of Senator John McCain, the Arizona Republican who, while a staunch conservative, developed a national reputation for political independence. When Graham ran for president in 2015, the idea of cooling partisan tensions and working with political opponents was one of his central messages. ""If I get to be president, we're going to open up a bar in the White House,"" Graham said. ""We're going to get liquored up and solve problems."" He bristled when Trump criticised war-hero McCain for being a prisoner of war, with the New York real estate mogul telling a campaign event: ""He's a war hero because he was captured. I like people that weren't captured."" Graham called Trump a ""jackass"" who shouldn't be president. Trump then read out Graham's phone number at a rally, which inundated the senator with angry calls and messages. In response, Graham destroyed a collection of mobile phones in a stunt video. A few months later, as his presidential campaign fizzled, Graham called Trump a ""race-baiting, xenophobic, religious bigot"". That criticism would reach a crescendo in his famous Twitter post in May 2016 that if the Republican Party chose Trump as its nominee it ""will get destroyed ... and we will deserve it"". Graham – like many national Republicans – stayed wary of Trump during his 2016 general election race against Hillary Clinton. He publicly announced he would not vote for either, instead opting for independent candidate Evan McMullin. Once Trump secured victory, however, Graham changed his attitude. As Trump consolidated his control over the Republican Party during his first presidential term, Graham became a close ally and, by all accounts, a friend. The two men regularly golfed together, and the senator, who was always a fixture on cable news television, ardently defended the president and his policies. When Trump picked Brett Kavanaugh to be his second Supreme Court appointment, Graham angrily condemned allegations of sexual assault made against the nominee, who denied wrongdoing. Through his intervention, Graham helped to ensure he was confirmed – albeit by the narrowest of margins. Graham broke with Trump, however, after he lost the 2020 presidential election to Joe Biden – a former Senate friend of Graham's who he once called ""the nicest person I've ever met in politics"". When a crowd of Trump supporters stormed the US Capitol on 6 January 2021, disrupting the election certification and forcing Graham and other legislators to flee, Graham said he was cutting ties with the soon-to-be-ex-president. ""Trump and I had a hell of a journey,"" he said. ""I hate it to end this way... All I can say is count me out. Enough is enough."" Trump's political exile would prove to be only temporary, however, as would Graham's distance from him. He voted to acquit Trump of impeachment charges in his February 2021 Senate trial. And as Trump began his steady march toward the 2024 Republican presidential nomination, Graham once again threw his support behind him – while explaining his previous break. ""He was a very good president from my point of view,"" Graham told the BBC in 2023. ""I am judging him by what he did as president."" After Trump returned to office, Graham was a reliable vote for Trump's cabinet and judicial nominees and for his legislative agenda. He praised the president's military actions in the Middle East and, at times, gently encouraged him to continue the US strikes until Iran's regime collapsed.   While he publicly called for greater US support for Ukraine in its war against Russia, he tempered his criticism of Trump's overtures to Russian President Vladimir Putin and declined to push new sanctions against the nation without the president's explicit approval. Despite Graham's close ties with the president, he continued to maintain friendships with his Democratic counterparts in the Senate, as evidenced the growing list of statements of condolences following his death – including from outspoken Trump critics like Adam Schiff of California and Elizabeth Warren of Massachusetts. ""He was able to deal with Democrats,"" Trump said during a television interview on Sunday morning. ""If I had a problem with a Democrat, he could work it out.""  Graham's relationships with Republicans who, unlike him, did not shift to accommodate the changes Trump brought to the party were more complicated. ""Before Trump, we were friends,"" former Congressman Adam Kinzinger, who served with Democrats on the 2022 committee investigating Trump's role in the 6 January attack on the US Capitol, posted on X. ""I choose to remember the man I knew before our paths diverged – the one who cared deeply about America's role in the world and wasn't afraid to see suffering up close."" Graham's sudden death will complicate Republican legislative strategy – including efforts to pass new spending legislation and approve Trump's choice for attorney general, Todd Blanche. It also leaves South Carolina Republicans scrambling: the 71-year-old senator was in the midst of running for another six-year term and had won his party's nomination unopposed. Republican Governor Henry McMaster will now appoint a replacement for Graham for the rest of the year, and the party will hold a new primary to choose a candidate to stand in November's general election. While South Carolina is a reliably conservative state, if Trump's disapproval ratings remain high and Republicans continue to face strong political headwinds, they may have to commit more resources to defending what is now an open Senate seat. Whoever follows Graham will be a junior senator without the decades of influence, seniority and access to the corridors of power that Graham built - and maintained - during one of the most tumultuous periods of American politics in the modern era."
6cdce46a-2cde-44cd-bc1a-b30070c54f25,https://www.bbc.com/news/articles/c24yev53q06o,2026-07-13,At least 27 killed in Bangkok bar fire,"At least 27 people have been killed in a fire that tore through a bar in Bangkok, Thailand's prime minister has said. Firefighters were called to the scene just after midnight on Monday, and discovered patrons fleeing through the flame-enveloped front door of the venue. Footage posted on X shows flames blasting out of the bar as people run out, some screaming, and some falling over. At least two people appear to be on fire. Prime Minister Anutin Charnvirakul told media at the scene that 27 bodies have been recovered, and others have been taken to hospital. The cause of the fire is still under investigation, he said. Firefighters were reportedly able to bring the flames under control in about half an hour, but the result was already devastating. Local reports said that nine men and 18 women make up the 27 who were killed. More than 60 people are being treated in hospital. A number of people are still missing, Thai outlet Thairath reported . The prime minister told reporters that he asked a musician, who was performing when the fire started, what happened. ""He said that there was a fire at the cut-out switch, and after that things happened very quickly. There was blasting and everybody tried to flee from the smoke and flames. ""Many of them were not able to make their way out because they went to the back of the building and tried to hide themselves from the smoke and flames in the toilet, and that's where we found most of the bodies."" The bar - named locally as Rong Beer Na Lat Phrao - is located in the Chatuchak district of Bangkok. It is a popular restaurant and entertainment venue in the area, Thai outlet the Daily News reported . Confronting pictures taken after the fire had been brought under control show many body bags lined up outside the bar, and a large cordon around the area. Inside, the furniture, walls and ceiling are completely blackened, and parts of the ceiling is peeling off. Firefighters arrived at the scene just after midnight, reportedly after a passing driver saw the venue on fire at 23:30 local time. He told the Daily News that he leapt out of his car and broke windows to help two people escape."
e07efd08-ec12-4fbd-a850-416feb38f285,https://www.bbc.com/news/articles/ckg49ymdy3zo,2026-07-13,Artwork marks 100th anniversary of general strike,"A metro station is hosting an exhibition to commemorate the 100th anniversary of the General Strike. The Broken Lines exhibition tells the story of the strike in the North East, where a group of miners were jailed after accidentally derailing the Flying Scotsman train. North Tyneside Art Studio (NTAS) worked with more than 30 of its members to create the banners, which are on display in the Bridge Gallery at Tynemouth Metro Station until Sunday. In 1926, more than two million Britons across a range of sectors refused to work for nine days in solidarity with one million miners who had been told they would need to work longer hours for less money. On 10 March miners sabatoged the London to Edinburgh mainline at Cramlington, in Northumberland, hoping to prevent a coal train from reaching its destination. They unintentionally derailed the Flying Scotsman, which was carrying 281 passengers. Although the train came off the tracks, the driver - who had been alerted to possible trouble ahead - was already slowing down, so passengers only sustained minor injuries. Eight miners were sentenced to up to eight years in prison, but were released early after pressure from the trade unions. NTA project lead Jess Kinnersley said: ""This exciting exhibition has been developed by our members looking for a connection to the event and how the universal themes of community and connection matter as much today as they did 100 years ago. ""We've been hosting weekly workshops for the past two months, exploring the story and using the theme 'Broken Lines'. ""This helps people focus not only on the physical act of breaking the train lines but also, importantly, the human elements of the story - human struggles, lives changed and communities divided."" Follow BBC Newcastle on X , Facebook , Nextdoor and Instagram ."
6466d601-d9d1-4e12-8a17-2ee6ec1d01f5,https://www.bbc.com/news/articles/cpd3g5w7556o,2026-07-13,Man dies after falling from east Belfast bonfire,"A man in his 40s has died after he fell from an Eleventh Night bonfire in Belfast. It happened in the Braniel housing estate in the east of the city on Friday night. He was taken to hospital on Friday night and is understood to have died on Saturday afternoon. He has been named locally as Warren ""AKA"" Lyttle. In a joint statement three local groups involved in Braniel's Eleventh Night commemorations said they were ""heartbroken"" by his death, which they described as a ""tragic accident"". Police are investigating the circumstances of what happened, and the Health and Safety Executive for Northern Ireland (HSENI) has been informed. The Northern Ireland Ambulance Service said a man was taken to the Royal Victoria Hospital following an incident at Farmhurst Green, Belfast. Local residents who were there on Friday night told BBC News NI the man fell from the structure. A statement announcing his death, published on social media, was attributed to the Braniel Bonfire Committee, Braniel Loyal Flute Band and Braniel Community Group. They said their thoughts, prayers and deepest sympathies were with Lyttle's family and friends ""at this incredibly difficult time"". ""As a community, we are heartbroken by this tragic loss and ask that everyone keeps his loved ones in their prayers in the days and weeks ahead,"" they added. Bonfires were due to be lit in the estate on Saturday night as part of the community's annual Battle of the Boyne commemorations. The bonfire organisers said they had held discussions with the man's family who had ""expressed their wish for the bonfire to proceed as planned"". ""After careful consideration, we have decided to honour their request"", the organisers added. They planned to hold a one minute silence for Lyttle before the bonfire was lit. The group also requested that once the bonfire has been lit that ""everyone pays their respects by dispersing quietly and respectfully afterwards"". Dundela Social Club said Warren Lyttle was a ""familiar face around the club and will be sadly missed by many"". Bonfires are lit annually in some unionist areas across Northern Ireland in July to usher in the Twelfth of July, the main date in the parading season. The majority are lit on 11 July, known as the Eleventh night. The Twelfth commemorates the Battle of the Boyne in 1690 when the Protestant King William III defeated Catholic King James II."
05a3a737-b6a9-46d6-9663-96105e9525c0,https://www.bbc.com/news/articles/c3wyg8977vvo,2026-07-13,Armed police arrest man over threats to woman,"A man has been arrested on suspicion of multiple offences, including possessing an offensive weapon in a public place, after police received reports of a woman being threatened. Sussex Police were called to Clifton Road in Worthing at about 17:00 BST on Saturday, amid reports that the woman's car was also being damaged with objects. Men left the area in a separate vehicle which was soon stopped by armed police officers in Woodside Road, the force said. Sussex Police said a 29-year-old man, who was also arrested on suspicion of making threats to kill and criminal damage, remains in custody. Anyone with relevant information such as CCTV, doorbell, mobile phone or dashcam footage is asked to contact police. Follow BBC Sussex on Facebook , on X , and on Instagram and listen to BBC Radio Sussex on Sounds . Send your story ideas to southeasttoday@bbc.co.uk or WhatsApp us on 08081 002250."
8d617a85-9d3e-48dd-aa99-4e5d06b13421,https://www.bbc.com/news/articles/c79y2ny8llno,2026-07-13,Crews still tackling hot spots at heathland fire,"Firefighters are continuing to tackle hotspots at a heathland fire. The wildfire broke out at Blackwater, in Hampshire, on Saturday at about 13:30 BST and has spread across about 10 hectares (25 acres) of heathland near the Surrey border. More than 60 firefighters in nine fire engines, along with three water carriers and numerous specialist wildfire vehicles, have been working overnight to bring the fire under control and prevent further spread. Hampshire & Isle of Wight Fire & Rescue Service (HIWFRS) said crews would remain at the heathland throughout Sunday and urged people to avoid the area. Fire services across the south of England have warned that a few days of hot weather have ""greatly increased"" the risk of wildfires as the country experiences its third heatwave of 2026."
575b7955-70a5-4efa-93d3-380c14f4515a,https://www.bbc.com/news/articles/c4gy146pvylo,2026-07-13,McGill's files legal action after £4.3m electric bus funding rejected,"Bus firm McGill's has filed a legal claim after being rejected by the Scottish government for £4.3m of funding for new electric buses. The Greenock-based operator - owned by billionaire brothers James and Sandy Easdale - failed to secure support from the third phase of the Scottish Zero Emission Bus Challenge Fund (ScotZeb). In March, ministers approved £45m of awards to bus firms Ember, Stagecoach, Rock Road, Lothian and First Bus. McGill's has now submitted a claim with the Competition Appeal Tribunal in a bid to overturn the decision and reform the award process. The company had secured funding in the first two phases of the ScotZeb scheme. McGill's said it had planned to use its third phase bid to purchase vehicles from ailing bus builder Alexander Dennis . Sandy Easdale said it would have enabled McGill's to remove more diesel vehicles from its fleet in Scotland and secure jobs at Alexander Dennis. He added: ""The largest share – £13m – was awarded to coach firm Ember to buy 100 Chinese electric coaches to expand its existing network, which would not result in any diesel vehicles being replaced. ""We have questionable decisions being made on large amounts of public money by nameless people in secret rooms who are trying to avoid scrutiny. ""Decisions on taxpayers' sums of this magnitude should be fully transparent and decision-makers should be willing to be held accountable."" James Easdale – whose company Dalglen (No 1813) Limited donated £150,000 to Scottish Labour – added: ""There is also a fundamental question about fairness and transparency in how this funding has been allocated. ""We have looked very closely at the scoring process and reached the inevitable conclusion that a legal appeal had to be submitted."" McGill's previously secured £8.66m in government support for 41 buses through the first phase of the scheme in 2022. The firm was also part of a consortium led by energy technology company Zenobe, which was awarded £41.7m, for 42 buses in the second phase of ScotZeb in 2024. A Transport Scotland spokesman said: ""We are aware that McGill's Buses has submitted a claim to the Competition Appeal Tribunal. ""As this matter relates to legal proceedings, it would not be appropriate to comment further at this stage."""
eb21aac5-d105-4788-b93e-4515d36b2cba,https://www.bbc.com/news/articles/cjrgwxjgl1no,2026-07-13,Fire service tackles fire on Cave Hill,Firefighters are dealing with a fire on top of Cave Hill in Belfast which appears to be burning close to a transmitter on Squire's Hill. The Northern Ireland Fire and Rescue Service is at the scene. It is located between the Upper Hightown Road and the Crumlin Road. The black plumes of smoke can be seen across the city.
655e68da-62d4-495c-9e2a-1481e8354b65,https://www.bbc.com/news/articles/c8x2zryk5evo,2026-07-13,Teenager dies at Dovestone reservoir,"The body of an 18-year-old man has been pulled from a Greater Manchester reservoir. Greater Manchester Police said emergency services were to Dovestone Reservoir, Oldham at about 19:00 BST on Friday. Police in Oldham posted on social media that the man was found ""unresponsive"" in the water and ""despite best efforts of medical professionals, he was sadly pronounced dead at the scene"". Det Insp Steven Horton said: ""We have tragically recovered the body of an 18-year-old man from the water and are conducting extensive enquiries to establish the full circumstances."" He added: ""Our thoughts remain with his family and friends during this incredibly difficult time. ""We strongly encourage people to stay safe and refrain from entering large bodies of water including reservoirs, rivers, canals, or ponds"" ""Your safety is our priority. Please look after yourselves and enjoy the weather safely."" A scene remains in place and enquiries are ongoing. Listen to the best of BBC Radio Manchester on Sounds and follow BBC Manchester on Facebook , X , and Instagram . You can also send story ideas via Whatsapp to 0808 100 2230."
9401acae-096a-4d13-a7cf-7c33af99c219,https://www.bbc.com/news/articles/c5yznlwvrdlo,2026-07-13,Fire crews battle four grassland fires in one day,"Firefighters covering Devon and Somerset battled at least four grassland fires on Saturday as temperatures continued to soar. Devon and Somerset Fire and Rescue Service said on Saturday evening it was still at the scene of a fire which was raging across fields in Collaton St Mary, in Paignton, Devon. Meanwhile, crews battled a blaze in Chudleigh, Devon, for 12 hours and were still ""damping down"" at 17:30 BST, while there had been a grassland fire in Marldon and crews attended another blaze in Ilminster, Somerset, on Saturday afternoon. A spokesman for the service said while the exact causes were yet to be identified, ""the heat and strong winds"" had contributed to their intensity. Devon and Somerset Fire and Rescue Service said it was called to Collaton St Mary, at about 14:30 BST on Saturday. A neighbour told the BBC there were a ""multitude of engines"" in the area, which is close to farmers' barns and a housing estate. The service said the fire began in dry grass before spreading to nearby fields, scorching an area of 450m by 250m. Eight crews used water jets and beaters to try and prevent the fire from spreading to nearby fields, while farmers were also enlisted - ""using ploughing equipment to create fire breaks"". It is expected a ""relief crew"" will be called in on Saturday evening to take over their work. Meanwhile another fire took hold in woods near Chudleigh, Devon, at 05:30 BST on Saturday, with crews remaining at the scene for 12 hours. A smaller fire on grassland in Ilminster began at 13:45 BST, while firefighters remain at a fire in Marldon, Paignton, after being called at 16:40 BST. Firefighters tackled a grass fire on a clifftop near Hope's Nose, Torquay, on Friday afternoon. A spokesman said it had been caused by ""an open fire which hadn't been properly extinguished"", causing damage to grassland over a 50m (164ft) area. He said Brixham RNLI had helped transport firefighters and equipment to the remote site, adding: ""Please avoid having open fires and barbecues in the countryside."" Follow BBC Devon on X , Facebook and Instagram . Send your story ideas to spotlight@bbc.co.uk ."
17ed0ffe-ea89-45cf-87bd-53a6cfb6960b,https://www.bbc.com/news/articles/cpd3g8q51g7o,2026-07-13,Trump administration subpoenas New York Times journalists over Air Force One reporting,"Several New York Times journalists were summoned to testify under oath after they reported alleged security concerns involving President Donald Trump's new Air Force One plane, the US newspaper said. Federal agents delivered subpoenas to some reporters' homes demanding they appear before a federal grand jury investigating a potential crime, the Times said. The paper had published stories alleging that the Qatari-gifted plane was not secure enough, and the Secret Service urged Trump to switch planes on his way home from a Nato summit in Turkey. The Justice Department told the BBC it was investigating illegal leaks, adding: ""Reporters are not the targets, those leaking classified information are."" David McCraw, the Times's top newsroom lawyer, called the summons a ""brazen act"" and ""nothing more than an attempt to prevent the public from knowing what is happening in their country by intimidating journalists from doing their jobs"". The subpoenas - a legal requirement from a court or government agency that compels a person to appear or produce records or evidence - say the reporters' testimony is required ""in regard to an alleged violation of federal criminal law"", the Times reported. The summonses require the reporters to appear before a grand jury in Manhattan on Wednesday, the Times said. Grand juries are composed of members of the public and convened by the US government to examine evidence and decide if there is enough to charge a person or persons with a crime. The New York Times reported on security concerns about the president's plane citing unnamed sources. While speaking to media about classified information is a crime, the US Constitution protects the freedom of the press to report information in the public interest. ""We value and appreciate the important role that the press plays in this country, but DoJ also plays an important role to make sure that the people entrusted with our nation's secrets do what they're supposed to do with that information, which means not sharing classified information,"" the Justice Department (DoJ) said in a statement provided to the BBC. The Times reported on Wednesday that while Trump flew to the Nato summit in Turkey on the new Air Force One, he left the summit on an older plane on the advice of the Secret Service. The next day, the newspaper reported that security officials were concerned the newer plane did not have advanced security features, including antimissile capabilities. ""Our journalists report the facts and advance the American public's right to know how their government is operating and their taxpayer dollars are being used,"" McCraw, the Times' lawyer, said. Other outlets published similar reports, including CBS News, the BBC's US news partner. A former US government official told CBS that there was not enough time or money for the plane to be updated with the security requirements to serve as Air Force One. While these reports were surfacing, tensions with Iran over a negotiated ceasefire deal were growing, and the US was launching strikes. Trump brushed off concerns about the plane when asked by reporters this week and said: ""I have a threat all the time. I'm No. 1 on their list"". Last month, Trump unveiled the new Boeing 747-8 jet  that the Qatari government donated last year as an ""unconditional"" gift to the US to act as the new Air Force One. The luxury jumbo jet was modified to transport the president and included upgrades in security, mission communications, logistics support, and advanced technology, the Air Force said. Any potential threats identified with the use of  previously owned aircraft were ""neutralised"" in the new one, it added. It has been valued at an estimated $400m (£300m)."
b6288a44-3c3d-488e-b844-5c0b34a2e56a,https://www.bbc.com/news/articles/cx2j0k0xxlwo,2026-07-13,Council defends 20mph speed limit plans,"A town centre is near the top of a county council's list for a 20mph roll-out because of collisions and the impact on cycling and walking, scheme backers say. A 20mph speed limit is being proposed in and around Cheltenham town centre, aligning with the council's wider safer roads and community 20s programme for Swindon Village, Leckhampton, with Warden Hill, Prestbury, Charlton Kings and Up Hatherley. The initial consultation has been blasted by Cheltenham Civic Society, which described it as a ""disappointing and weakly-evidenced exercise"". Gloucestershire County Council road safety chief Roger Whyborn said the authority was considering all responses to the proposals carefully. Cheltenham Civic Society said it supported improving road safety and reducing casualties. But members said they believed the consultation failed to demonstrate why many collisions occurred, whether speed was a significant factor, and why imposing a town-wide 20mph speed limit represented the most effective solution. Councillor Whyborn told the Local Democracy Reporting Service there was a mass of evidence to support the principle of a 20mph speed limit in areas where people lived and worked. He said: ""The civic society has... accused the county council of putting forward a blanket scheme. ""The decision to propose 20mph roads over Cheltenham, in common with the rest of the county, has been taken in respect of all the towns and parishes, where support has been indicated. ""Over 150 towns and parishes responded wanting 20mph schemes, including Cheltenham, and they didn't want just a few selected roads. ""Indeed, many parishes are complaining that they will not get schemes until after two years, but we cannot be everywhere at once. ""There has been a huge response which is being analysed. ""Council officers will consider it carefully, and I've no doubt there will be adjustments before it is proposed for a traffic order."" Follow BBC Gloucestershire on Facebook , X and Instagram . Send your story ideas to us on email or via WhatsApp on 0800 313 4630 ."
132efd59-76a1-4154-9ca3-4b7281c9a298,https://www.bbc.com/news/articles/cpwe47dzn87o,2026-07-13,Caravan park evacuated as fire breaks out,"A large fire has broken out at a caravan park with a large plume of smoke visible from around surrounding countryside. Thames Valley Police said the blaze broke out at Oaks Caravan Park, Fyfield Wick, near Abingdon. Residents were evacuated from the park and taken to Kingston Colts Football Club. People living nearby have been urged to keep windows and doors closed as a precaution. Police said road closures are in place on Faringdon Road, the A415 Kingston Road, A338 and Digging Lane."
40cc6a89-5f5b-4c6d-9d5e-bd389b1dc77a,https://www.bbc.com/news/articles/cn0vnl8nqyvo,2026-07-13,Weeks-long effort to recover stranded ship nears completion,"The operation to recover a ship which ran aground off the coast of Pembrokeshire is nearing completion. It is thought that the Resolute, a 24m (78.7ft) guard boat for an offshore wind farm near Ireland, had drifted onto rocks in west Wales in rough seas on December 11 last year. The vessel became stranded near Fishguard, where four crew members were rescued by lifeboat and HM Coastguard said the vessel remained aground and the responsibility of its owner. Specialist marine contractors Jevington Logistics, from Pembroke Dock, started recovering the stranded ship on 29 June. The company said it used an excavator with shears attached on a 36m (111.5ft)-long barge to cut the vessel up into large sections. These sections were then cut into smaller pieces by staff using oxy-propane torches, before being sent to a local company to be recycled. Steve Bradley, operations director with Jevington Logistics, estimated there would be a total of 110 tonnes of steel salvaged from the ""well-built"" ship while speaking from a tugboat as the dismantling work continued nearby. Bradley said: ""I'm currently up on the bridge of the Forth Trojan and right in front of me is the barge where we've got the excavator working away, nibbling at the metal superstructure of the vessel right on the bow."" He said that after the main dismantling work had cleared the vessel, the company would search the rocks near to where the Resolute was grounded as well as the seabed below to ensure nothing had been left behind. In February HM Coastguard said the majority of the Resolute's fuel had been transferred ashore and there had been no reports of pollution since a small amount was initially identified. Bradley said dismantling the vessel was the best way of clearing the stranded ship which had ""some quite big holes"" in the hull. ""There's a 12m-wide channel that you can use to get onto the [ship's] starboard side. So we chose... a shallow draft barge. It needed to have 'spuds' which are legs that drive into the seabed and hold it in position. ""This was the only way to do it, I believe - systematic sectioning into five sections, and then lifting onto the barge, and then dismantling those large sections on the barge itself."" Bradley said one of the challenges was getting the barge into position close to the Resolute, and also the weather – they had to pause work for two days because the sea swell was too big. He added that the Maritime and Coastguard Agency (MCA) has been monitoring the pollution prevention measures. ""We installed a boom around the perimeter of the wreck, and the MCA came out and were happy with all the measures in place for the environmental protection practices,"" he said."
13886347-ab61-474c-85c7-7b9eaf24c176,https://www.bbc.com/news/articles/c621jzex0gyo,2026-07-13,Could Andy Burnham scrap stamp duty?,"Since Andy Burnham emerged as prime minister-in-waiting, there have been few clear details as to what we could expect to see from a government led by the MP for Makerfield. The former mayor of Greater Manchester has promised to stick to Labour's 2024 manifesto pledges not to raise income tax, VAT and national insurance but has suggested there could be ""some movement"" with possible increases to business rates on warehouses to fund tax cuts for pubs and some high-street businesses. And when he launched his campaign to return to Parliament in May, Burnham indicated he wanted to change how property and land is taxed. One of the measures Burnham has advocated in the past is scrapping stamp duty and replacing it with a land value tax (LVT) - an annual levy based solely on the value of the land itself, excluding any buildings or improvements on the property. Another proposal he has reportedly backed is a proportional property tax - an annual tax based on a percentage of the property's value. It's not clear that just because he's endorsed property tax reform that he'll definitely implement changes in government, but we've asked some experts for their view. Stamp duty is a tax paid by home buyers on properties or land worth over £125,000, or £300,000 for first time buyers, in England and Northern Ireland. The Institute for Fiscal Studies, an independent think tank, has described it as ""one of the most economically damaging taxes"", while Kemi Badenoch said last year a Conservative government would abolish the levy on main homes. Burnham too has been critical of the tax, instead favouring an LVT. ""The LVT, an annual tax on the market rental value of the land, would allow for the abolition of stamp duty - a tax on the aspirations of young people to put down roots and get on in life,"" he wrote in the Guardian during his first bid for the Labour leadership in 2010. In the 16 years which have followed, Burnham has repeatedly called for reforms to property taxes. But being in favour of property tax reform and then enacting it in government when confronted with the political and practical reality are two different things. Economists are broadly united in their contempt for stamp duty, largely because they say it penalises transactions. ""More or less any property tax or local tax is going to be better than stamp duty,"" says Stuart Adam from the IFS. ""What stamp duty does is discourage people from buying and selling."" He argues that a land tax is an efficient way of raising revenue because land is in fixed supply, visible and identifiable, and cannot leave the country. There are no ""damaging disincentive effects"", with the LVT not having an impact on behaviour at all, he says. He adds that one of the ways to deal with the shortage of the housing stock in the country is to make the best use of what we have - and scrapping stamp duty would help with that. ""It would lead to less pressure on the housing market - less need to build more stuff,"" he says. But Lucian Cook, head of residential research at estate agents Savills, says implementing an alternative tax system would be fraught with difficulties - both practical and political. ""Has Burnham been given the electoral mandate to do it?"" he asks. ""It is such a big change to the tax system with clear winners and losers; it will be difficult to pull off within the rest of this Parliament."" Cook argues that stamp duty is a simple tax because it's levied on the point of sale of a property and generates ""upfront receipts"" for the Treasury. A land value tax, on the other hand, will be ""highly bureaucratic"" to implement and open to ""significant challenge"" from landowners because it is hard to determine the value of land separate to the buildings on it, he argues. ""For any new tax system you bring in, you would want it to be revenue neutral,"" he says. ""There is little doubt that [stamp duty] suppresses transaction activity. but it's about balancing that against the alternative,"" he says. Proponents of an LVT say that by shifting the tax burden away from homebuyers, it will encourage retirees and empty nesters to downsize and frees up housing for growing families. Cook says that implementing it on this basis would be tough politically. Property is an ""emotive issue"" for many people, he says. ""Some of them would just find it unaffordable and people would feel forced to sell their home of which they have an emotional attachment. ""In general you do want to encourage a bit of downsizing in the market, but people want to feel like it's their choice."" Burnham too has spoken out against what he views as the ""highly regressive"" council tax. Council tax is an annual property tax in the UK introduced in 1993 and used by local authorities to fund essential community services. Properties in England are categorised into eight valuation bands, A to H, based on what it would have sold for in 1991. The percentages are set based on the funding gap between how much a council needs to spend and the amount of money they receive in central government grants. It's described as regressive in nature because lower value properties, in bands A and B, pay higher rates of tax than properties in higher bands. Many politicians and economists have called for council tax reform, describing the current system as outdated. The Lib Dems have long called for reform, while the IFS has previously said that a reevaluation of council tax bands is ""long overdue"". Chancellor Rachel Reeves announced a High Value Council Tax Surcharge of at least £2,500 on properties valued at more than £2m to come in from 2028. The tax will be levied on homeowners, rather than occupiers, and runs alongside council tax. Burnham reportedly supports a proposal by campaign group Fairer Share, which which suggests a levy equivalent to 0.48% of a property's value. But Cook argues that a tax like this would be heavily weighted on London and the south-east of England, where house prices are generally higher than the rest of the country. ""If you are living in Wandsworth, you may be thinking 'why am I paying for libraries in Wigan?'"" However, Adam, from the IFS, argues that whether or not money would be redistributed from London and the South East depends on whether the government changes the central grants it gives to local authorities. The IFS argues that an efficient way to generate tax revenue would be some sort of combined land value and proportional property tax - to replace stamp duty and council tax. ""There is a case for taxing the land but also a case for taxing the building,"" Adam says."
8870196a-0f04-4bdd-ad7e-18a3124ff393,https://www.bbc.com/news/articles/c8628q3eqdeo,2026-07-13,Police say no suggestion of political motive in Widdecombe killing after new arrest,"Police investigating the alleged murder of Ann Widdecombe say there is ""nothing to suggest it was politically motivated"". Devon and Cornwall Police added they are not looking for anyone else in connection with her death, following the arrest of a 28-year-old white British man in Rotherham, South Yorkshire, on Saturday. The former MP and MEP, 78, was found dead on Thursday at her home in Haytor, Devon, having sustained serious injuries. Police believe she had been attacked almost 24 hours earlier. Police activity was seen throughout Sunday at a house in Rotherham believed to be connected to the investigation, after neighbours described officers arriving on Saturday night to make an arrest. Police earlier said an arrest was carried out shortly after 21:00 BST on Saturday by officers at Counter Terrorism Police North East and South Yorkshire Police on behalf of the force. Assistant Chief Constable Matt Longman said officers remained ""open-minded"" about a potential motive and that there was not thought to be any threat to the wider public. At least two police vehicles were seen parked outside the property in Rotherham, which was cordoned off while officers and forensic teams worked at the scene. One neighbour, Raed Astle, told the BBC: ""I was making some food in the kitchen and looked out the window, there was loads of banging, and there was armed police in the pathway and they just went into the house and pulled him out."" Another neighbour Claire Whybrow said: ""We've never seen so many police."" ""We didn't know what was going off"", she added. Rotherham is approximately 270 miles (430km) from Widdecombe's home. There is no information to suggest the attack on Widdecombe was terrorism-related, Longman told reporters on Sunday. The family of the former Conservative minister, and later Reform UK spokesperson, have been informed of the updates and are being supported by specialist officers. Devon and Cornwall Police has received more than 120 reports of information after making a public appeal, and Longman asked anyone who had not yet come forward to do so ""as a priority"". He reiterated calls asking people not to speculate, especially about a potential motive, saying this was ""unhelpful"" for the investigation and ""distressing"" to Widdecombe's relatives. Longman said a ""heightened"" police presence would remain in the area over the coming weeks. Chief Constable James Vaughan said Devon and Cornwall Police had ""mounted an extraordinary response to a horrific murder of a very prominent public figure"" and shown ""British policing at its very best"". He said the investigation had been running at ""lightning pace"" over the past 48 hours, adding: ""I am really pleased that we have a suspect firmly in custody."" In a statement,  Alison Hernandez, police and crime commissioner for Devon, Cornwall and the Isles of Scilly, said it has been a ""very unsettling time"" for the local community. ""One of the lines that the police are always saying is 'don't speculate' – my view is everyone is going to speculate, but just do it in the safety of your own home or down the pub,"" she told reporters. A group of around 40 mourners, including senior Reform figures, gathered in Haytor Vale to pay tribute to Widdecombe on Sunday. Reform UK deputy leader Richard Tice told reporters he last spoken to her on Monday and said he ""nearly fell over with shock and horror"" when he heard of her death. ""We have lost an absolute colossus, a legend in all our lifetime,"" he told the crowd. Widdecombe served as the Conservative MP for Maidstone for 23 years, holding ministerial roles in John Major's government between 1994 and 1997. Following her departure from the Commons in 2010, Widdecombe appeared on BBC's Strictly Come Dancing that year, and was a runner-up on Celebrity Big Brother eight years later. She joined the Brexit Party in 2019 where she represented South West England as its MEP from 2019 to 2020. News of Widdecombe's death was first released by her management agency on Friday morning. Later that day, Devon and Cornwall Police issued a statement saying they had launched a murder investigation. On Friday evening they said they had arrested a 26-year-old white British man. He was released the following day and the force said he was no longer part of the investigation. The second arrest of the 28-year-old man took place later on Saturday. There has been an outpouring of shock and grief from across the political divide following the news of her death. Prime Minister Sir Keir Starmer paid tribute to Widdecombe, describing her death as a ""significant loss"" as he called on people to ""rise above"" political differences. ""My heart is breaking for her family,"" said Conservative leader Kemi Badenoch, describing Widdecombe as a ""very fun and feisty woman"". Reform UK leader Nigel Farage, who visited Dartmoor to pay his respects to Widdecombe, described her as a ""remarkable individual"" and ""the fiercest defender of free speech"". ""She was an extraordinary lady,"" shadow chancellor Mel Stride, MP for Central Devon - Widdecombe's constituency - told BBC One's Sunday with Laura Kuenssberg programme. ""I was always struck both by the fact she had real true conviction, strong personality, yet she had that twinkle in her eye, that enormous energy and that great sense of humour,"" he said, describing the combination as ""quite rare"" and ""rather special"". Peter Horrell, her personal driver of 10 years, was among those who lay flowers outside her home. He said Widdecombe had ""never mentioned any fear"" for her safety and loved living in the tiny village she had made her home."
47e33467-7dff-480b-b338-196ac10543bb,https://www.bbc.com/news/articles/c8x2k5q8w4jo,2026-07-13,Garden centre boss fears for business in heatwave,"The owner of a garden centre said he fears frequent heatwaves could threaten his livelihood. John Cutteridge opened Megaplants in Doddington, near March in 2013 and said footfall is at least ""40% down"". The five acre site has eight large polytunnels and more than a million plants, trees and shrubs, but with temperatures hitting 50C inside the structures, no one wants to look around. During periods of extreme heat, Cutteridge said he used 400,000 litres of water everyday from the centre's own reservoir to keep plants fresh. Cutteridge said during the most recent heatwave, the centre had to close for only the second time in its history, due to the heat peaking at 38C outside. He said: ""I have been watering from dusk till dawn. Some of my acer saplings died of the heat intensity despite being watered twice a day, it is incredible. ""I ordered 20,000 extra plants for last Bank Holiday in May, which is usually really busy, but the temperature was 32C, so I have not shifted many at all. ""People are really struggling to keep plants and flowers healthy at their homes because of the watering involved, and they don't want to add anything else in case it dies, especially if they're unable to water it at least twice a day.""  Cutteridge stores and collects water in his own reservoir but because he is using electric pumps to transport it, his electricity bill has ""quadrupled"". He added that the business can cope with watering the plants, but said it will be a difficult year for the garden centre to survive with so few customers. Do you have a story suggestion for Cambridgeshire? Contact us below. Follow Cambridgeshire news on BBC Sounds , Facebook , Instagram and X ."
6b856074-88cc-49a9-bbb6-e835af4e3d0c,https://www.bbc.com/news/articles/c17ykpgxq2yo,2026-07-13,Woman's swim to fundraise for water safety charity,"A woman who once helped pull a drowning man from the sea is undertaking a river swim to raise funds for a charity promoting safety in the water. Natalie Andersen, from Brighton in East Sussex, entered the sea in rough conditions on New Year's Day to reach the swimmer, who had got into difficulty near the seaside resort's Palace Pier. She performed CPR on the man but he could not be resuscitated. She will take part in the 3.1-mile (5km) River Adur Swim later to raise money for the Royal Life Saving Society UK. Speaking to the BBC, she said: ""I felt that doing a water-based activity was a real opportunity to be able to raise awareness of the importance of staying safe in the water."" A keen swimmer, Andersen said she has been training several times a week in preparation for the event. Describing her reason for taking part as ""personal"", she said she was expecting it to be ""very hot"", adding that swimming without a tide would be an additional challenge. With another period of hot weather due, Andersen said it was important that people learn about safety in the water. She said: ""The charity works to educate communities on the importance of enjoying water but also being really safe. ""I think a huge part of connecting people with the ocean and other bodies of water is that people are able to enjoy it. ""So, I would say do enjoy it but, before you do that, assess the risk and always be safe."" Follow BBC Sussex on Facebook , on X , and on Instagram . Send your story ideas to southeasttoday@bbc.co.uk or WhatsApp us on 08081 002250."
289464a5-4fd1-45ef-82fa-3576c17f3dd8,https://www.bbc.com/news/articles/cly80840w89o,2026-07-13,Driver flees after three people injured in crash,"A search has been launched for a driver who fled the scene of a serious crash which left three people in need of hospital treatment. Avon and Somerset Police are appealing for witnesses after the collision between a white Dacia and a black Range Rover on the A46 Gloucester Road, near Upper Swainswick, at 15:06 BST. Three people, who were inside the Dacia, were taken to hospital while the driver of the Range Rover left the scene. The A46 is currently closed between its junctions with London Road and the A420 while investigations are under way at the scene. Police have also asked anyone with dash-cam footage of either vehicle to get in touch. Follow BBC Somerset on Facebook and X . Send your story ideas to us on email or via WhatsApp on 0800 313 4630 ."
eb112f7f-ece3-4cb3-a9c6-aa4abcd57b63,https://www.bbc.com/news/articles/cly9lnjlp1eo,2026-07-13,More than 40 kidnapped children and teachers freed after Nigerian army operation,"Nigeria's military says it has freed all 44 pupils and teachers who were abducted two months ago from schools in the southern state of Oyo, and arrested some of their captors. A local teachers' union has told the BBC of its ""relief"" - but families say the ordeal has been harrowing and they are still waiting to be reunited with their loved ones. The military said that several soldiers died in the rescue mission. The freed captives are currently receiving medical treatment at an undisclosed hospital and will return home at a later date, army spokesman Danjuma Jonah Danjuma said in a statement issued on Friday evening. A renewed wave of mass kidnappings has hit Nigeria in recent months, and insecurity remains a major issue ahead of next year's general election. The government says it is stepping up security around schools and vulnerable communities but critics say it is not enough. In this case the victims were kidnapped by gunmen on 15 May from three schools in the district of Osiire, in Oyo state: Baptist Nursery and Primary School, LA Primary School, and Community Grammar School. No official confirmation has been given of the victims' ages, but children at such schools in Nigeria are typically aged between two and 18 years old. For their families, it has been an agonising wait. ""It was a harrowing experience... but we thank God that it ended well,"" Prof Wole Alamu tells the BBC. His wife Rachael Folawe Alamu is the headteacher of Community Grammar school and he said his family had found it especially difficult to see videos released of her and other teachers and pupils by their abductors. ""We are happy that they are out and we are grateful to everybody who has contributed in one way or the other for the release,"" Prof Alamu added. Speaking to the BBC, Hassan Ajibola who leads the Teachers' Union in Oyo State said he was ""happy and elated"" and felt huge ""joy"", but urged the authorities to fully implement stronger security measures as outlined in their Safe School Initiative that was launched over a decade ago following the infamous Chibok schoolgirls' abduction. ""I am very much convinced that should that [if the] program be fully implemented and as initiated, our schools will be very, very secured,"" he said. He added measures should include deploying security personnel to schools, CCTV, regular patrols, fencing school premises and using local security groups to support areas facing shortages of personnel. In Nigeria, continued school kidnappings have led to calls from lawmakers and rights groups for an investigation into how the Safe School Initiative funds have been used. The Oyo state abductions caused widespread concern in Nigeria because of their scale and because it took place in the predominantly Christian south-west of the country - as opposed to the predominantly Muslim north where such attacks are more commonplace. The army said the month-long rescue operation involved the military, police, intelligence agencies and local vigilante groups. It said they identified those behind the abduction and dismantled their support network, including informants and hideouts in the Old Oyo National Park forest. It is one of several large, difficult to access areas that have become hideouts for criminal gangs and jihadist groups. The military acknowledged that some of its personnel were killed during the operation but did not give any more details. It announced on Friday that it had arrested a number of suspects, but did not say how many remain at large. The army says more operations are planned. Additional reporting by Natasha Booty and Abayomi Adisa Go to BBCAfrica.com for more news from the African continent.  Follow us on Twitter @BBCAfrica , on Facebook at BBC Africa or on Instagram at bbcafrica"
87d0f227-2b46-42e4-b226-ad893a3d3772,https://www.bbc.com/news/articles/cgl3wgl434eo,2026-07-13,Calvin Harris homecoming show to be broadcast live on BBC,"Calvin Harris's Scottish homecoming show at Hampden Park in Glasgow next month will be broadcast live on the BBC. Harris will deliver a 20-year career-spanning set at Scotland's national stadium on Saturday 1 August, to go out on BBC One, BBC iPlayer, BBC Radio 1 and BBC Sounds. The DJ and producer, from Dumfries, released his debut album I Created Disco in 2007, with later songs including One Kiss with Dua Lipa and We Found Love with Rihanna topping charts around the world. He said: ""Coming back to Scotland to headline two dates at Hampden Park is a huge moment for me."" He added: ""I'm excited to play live in front of a home crowd and amazing to be partnering with the BBC and Sony Music Vision on the Saturday show."" BBC Music has covered Harris throughout his career, from early performances at Radio 1 in Ibiza through to seven appearances at Radio 1's Big Weekend, including Glasgow in 2014 and Coventry in 2022. Jonathan Rothery, head of BBC Popular Music TV, said: ""There are few artists who have shaped contemporary dance music quite like Calvin Harris. ""We are delighted to bring his landmark homecoming show from Glasgow to audiences right across the UK, giving millions of fans the chance to be part of what promises to be a truly special night."" Tom Mackay, president of Sony Music Vision, said: ""Calvin Harris is one of the defining artists of dance music, and this performance captures a truly special moment in his career."" Calvin Harris: Live from Scotland forms part of the BBC's Summer of Music 2026. Other highlights include coverage from UK festivals and live music events, documentaries celebrating Madonna, Wham! and David Bowie and performances from artists such as Charli XCX and Sam Smith."
453226f4-dd00-4c1b-adb9-dbb2076b736f,https://www.bbc.com/news/articles/cn94r4ywlxdo,2026-07-13,Firefighters tackle wildfire near Eastbourne,"Fire fighters are tackling a large blaze near Eastbourne, East Sussex. East Sussex Fire and Rescue Service said it was called to an area on the South Downs between Butts Brow and Eastbourne Downs Golf Club, off East Dean Road, Eastbourne, shortly after 16:00 BST. Two fire engines and four support vehicles have been sent to the scene, with 20 sq m (65 sq ft) alight. There are no reports of casualties and the fire has been contained, the fire service said. Follow BBC Sussex on Facebook , X , and Instagram and listen to BBC Radio Sussex on Sounds . Send your story ideas to southeasttoday@bbc.co.uk or WhatsApp us on 08081 002250."
da2594f4-509e-43f6-9370-02ce0b742340,https://www.bbc.com/news/articles/c4gyjn7vgz8o,2026-07-13,"Police better at answering 999 calls, inspectors say","Cambridgeshire Police has made ""substantial improvements"" in how quickly it responds to calls and incidents, inspectors have found. Concerns were raised during assessments of the force's performance between 2023 and 2025. However, following a reinspection in June 2026, His Majesty's Inspectorate of Constabulary and Fire & Rescue Services (HMICFRS) said significant progress was made, with 92.6% of emergency calls answered within 10 seconds. Chief Constable Simon Megicks said: ""Colleagues across the organisation have worked tirelessly to strengthen our control room, improve our governance and performance oversight, and officers have ensured we respond more effectively to those who need us most."" HMICFRS said that during its earlier police effectiveness, efficiency and legitimacy inspection , the force was found to be inadequate at responding to the public. In the year ending 30 June 2023, 80.1% of 999 calls were answered within 10 seconds, below the 90% target expected of forces in England and Wales. Performance dipped further in September 2023, when just 71.2% of emergency calls were answered within that timeframe. Inspectors said the force had since strengthened its governance arrangements and improved both attendance times and call handling. Response times and performance are now closely monitored at constabulary, inspector and sergeant level. The report also found the proportion of callers abandoning non-emergency 101 calls had fallen significantly. While further improvements are still needed in non-emergency call handling and emergency response times, inspectors said clear plans were in place to continue that progress. Police and Crime Commissioner Darryl Preston said: ""While recognising increasing demand across our county, getting this right is vital to improving public trust and confidence."" Megicks added: ""While we are proud of the progress made, we are not complacent and recognise there is more to do to ensure these improvements are sustained by continuing to reduce wait times for non-emergency callers and improve our response to incidents."" Do you have a story suggestion for Peterborough? Contact us below. Follow Peterborough news on BBC Sounds , Facebook , Instagram and X ."
d1652d0a-3129-407b-b668-43a1ef9bb672,https://www.bbc.com/news/articles/cgk6l702xkyo,2026-07-13,Plea over council's ash dieback 'challenge',"Homeowners have been asked to help tackle the ash dieback ""challenge"" that is facing Leicestershire. The destructive disease, caused by a fungus, has wiped out thousands of ash trees across the UK in the past 14 years. Leicestershire County Council said the disease can pose a threat to the public as it can cause trees to shed branches or to fall. Adam Tilbury, cabinet member for environment, said the disease continued to have a ""significant impact"" on the county's landscape. The ash dieback fungus originated in Asia and was introduced to Europe about 30 years ago. It was first recorded in the UK in 2012 and experts estimate that 85% of all ash trees could be affected by the disease. The council said many of Leicestershire's ash trees are on private land, and the body is working to raise awareness of the issue among residents, businesses and landowners. Tilbury said the council was urging landowners to ""remain vigilant"" for the signs of ash dieback, including thinning canopies, dark lesions on the bark and dieback in branches. ""Ash dieback continues to have a significant impact on our landscape, and it is vital that landowners understand their responsibilities in managing affected trees safely,"" he said. ""Dead or weakened ash trees can present a serious risk to people, property and our highways if not properly maintained. ""Everyone has a role to play in protecting public safety and preserving our natural environment, so please take the time to check your trees and seek professional advice where necessary."" Listen to BBC Radio Leicester on Sounds and follow BBC Leicester on Facebook , on X , or on Instagram . Send your story ideas to eastmidsnews@bbc.co.uk or via WhatsApp on 0808 100 2210."
80ce049b-5b99-4546-bc8a-64e0bfc62410,https://www.bbc.com/news/articles/cddl8gqyl4zo,2026-07-13,Cost of fixing city's bridge triples to almost £6m,"The cost of repairing a city's footbridge has almost tripled after 80% of the structure had to be replaced. The repair bill for Vauxhall Bridge, which stretches over the New Cut at Bristol's River Avon, was originally forecast to cost £2m. But that figure has now been estimated at £5.7m. The crossing, which featured in the television show Skins, connects Southville to Spike Island and has been shut since October 2023. ""Bridges are challenging,"" said Shaun Taylor, the council's head of highways. ""Until you actually strip a bridge back, you don't actually know what you're going to come across."" Speaking at the city's transport policy committee on 9 July, he explained that demolishing the 82m (270ft) long bridge and building a new one would have cost much more money. Built about 1900, it is also Grade II listed, according to the Local Democracy Reporting Service. ""We've had to replace 80% of it,"" Taylor said. ""The option and the recommendation from the consultants was to demolish and build a new one for £20m to £30m. ""We've actually managed to save the bridge, quite an iconic bridge, for £5.7m. ""The team has managed to make very good value out of that."" Bristol City Council initially estimated the repairs would take two years and the bridge would reopen by October 2025. Vauxhall Bridge was originally a swing bridge but since boats stopped using this route to get to shipyards along the New Cut, it has not been swung open since 1935. During the Second World War, the bridge was bombed and shot at, with some damage still visible. A new link bridge, the ramp and steps on the Spike Island side, was built in 1986. Vauxhall Bridge, which is due to reopen early next year, is one of eight bridges being repaired through a £16m restoration programme funded by the government. Follow BBC Bristol on Facebook , X and Instagram . Send your story ideas to us on email or via WhatsApp on 0800 313 4630 ."
bc34798a-5eb1-40b8-9faa-97d53a1d5f5c,https://www.bbc.com/news/articles/cy4ex3kngjpo,2026-07-13,Thousands attend Orange Order parade in Rossnowlagh,"The annual Orange Order parade in Rossnowlagh has taken place in County Donegal. Large crowds visited the seaside village for the demonstration which attracts visitors from across the island. The Grand Master in Donegal David Mahon said there were stalls and food on offer and ""a very relaxed atmosphere"". ""It's always a carnival type of day with lots of families here enjoying a really good time,"" he added. The Rossnowlagh demonstration always takes place each year on the Saturday before the main Twelfth of July commemorations in Northern Ireland. The Twelfth commemorates the Battle of the Boyne, when Protestant William of Orange defeated Catholic King James II in 1690. Lodges from across Donegal, Cavan, Leitrim and Monaghan are taking part. ""It's very important because it's part of our culture and part of our faith. ""We welcome everyone here from across the community,"" Mahon said. The grand master said the Orange Order in Donegal always had a good relationship with its Catholic neighbours. ""That's in terms of co-operation and some of them would be ringing us to see if we need the fields or land again for car parking or whatever."" Gardaí (Irish police) are visible, mainly for traffic duties during a busy parading day. Mahon said the order was going from strength to strength in the county. Lorna Walker, from Randalstown in County Antrim, said:""I always love coming to this annual parade every year. I like supporting the lodges in County Donegal. ""Today the weather is going to make it as the sun is shining from early morning. Let's hope everyone has an enjoyable day."" Samantha Bates said: ""We're from Lisnaskea in Fermanagh and we enjoy it and love it every year. ""This is the first year our boys Matthew (13) and Jacob (7) are on parade with Cornafanog flute band so they are very excited and we are very proud as a family."""
db7f32c5-cab2-4064-aeef-996eb7e67246,https://www.bbc.com/news/articles/cn940xd1g1zo,2026-07-13,Dog rescued from Ben Nevis suspected to have eaten discarded cannabis,"A dog has been rescued from Ben Nevis after it is suspected to have fallen ill from eating discarded cannabis. Christina Bluhme, a dog trainer from Esher in Surrey, was halfway up the UK's highest mountain when her black Labrador Tokyo collapsed on the trail. Lochaber Mountain Rescue Team came to their aid and stretchered Tokyo down from the 4,413ft (1,345m) peak to a local vet. Bluhme said Tokyo had made a full recovery after the incident during a trip to Scotland last weekend. She said vets believe she ingested cannabis left on the trail. The dog trainer said ""I genuinely thought I was going to lose her"", after Tokyo lost the use of her legs and began drifting in and out of consciousness. Bluhme said Tokyo remained unconscious for most of the journey down the mountain and praised the rescuers who brought her to safety. She said: ""Without the incredible Lochaber Mountain Rescue Team, there is simply no way I could have got her safely off the mountain. ""Carrying a 25kg Labrador down Ben Nevis was impossible on my own. ""Their kindness, professionalism and calm support meant everything during one of the most frightening days I've ever experienced."" Bluhme said she felt ""incredibly lucky"" that Tokyo had survived and thanked the rescue crew and vet team for their ""compassion and dedication"". ""You were there when we needed you most,"" she added. ""A little reminder to fellow dog owners - please be aware that discarded drugs and other toxic substances can sometimes be found even in the most beautiful outdoor places. ""It was something I never imagined we would encounter."" Lochaber Mountain Rescue Team said it was pleased that Tokyo had made a full recovery and praised the local vet team in Fort William. A spokesperson added: ""It's now suspected that Tokyo, a usually very fit and active working dog, had ingested something that made her critically unwell. ""Many thanks to Crown vets for their support, and to Tokyo's owner for the update and photos."""
16ae5155-f3f5-4569-99c7-dd7530ee052f,https://www.bbc.com/news/articles/c3eykgln5eeo,2026-07-13,"At Canada's biggest rodeo, the starting gun is fired in the fight over Alberta separation","Over a million people descend on the Calgary Stampede every year to marvel at the iconic chuckwagon race, a sport invented in the Albertan city where carriage drivers race teams of horses around the track to the sound of pounding hooves, or be amazed by the speed of bareback riders racing in First Nations horse relays. The 'Greatest Outdoor Show on Earth' is the marquee event on Alberta's summer calendar, a distinctly western Canadian spectacle where political leaders also have to test their mettle, judged on the quality of their pancake flips at community Stampede breakfasts and their ability to pull off a cowboy hat. This year, however, looming over the festivities and carnival music of the stampede grounds is the upcoming referendum on Alberta's place in Canada. In October, Albertans will vote on whether they want the province to remain in the country, or hold a binding referendum later on separation. It is, in some ways, the starting gun of what is shaping up to be a hard fought battle over the future of Alberta. ""The referendum is the cloud over everything,"" said Corey Hogan, a Liberal MP from Calgary who invited dozens of his colleagues from across the country to this year's stampede to promote unity. ""It underpins every other conversation we might want to have."" Those who are rallying for a united Canada are using the Calgary Stampede as the stage to make their case. At his own stampede speech, Hogan called separatism ""a poison"" dividing families across the province. Prime Minister Mark Carney is slated to make his own appearance in Calgary this weekend, where he is expected to deliver a unity message. ""Everybody wants to make sure they're here at this moment,"" Hogan told the BBC. Polls suggest the pro-unity side will comfortably win in October. But those who want Alberta to remain told the BBC they were still anxious about the outcome, fearing a Brexit-style upset, when the UK voted to leave the European Union, in which the ""Remain"" side grows complacent, only to lose in the end. ""The shadow of Brexit is hanging over this whole thing,"" said Andrew Kemle, a graduate student at the University of Calgary, at Hogan's stampede breakfast. ""An entire country sleepwalked into an economic disaster."" They'll have the challenge of winning over people like Justin Perkins, who spoke to the BBC about his thoughts on the referendum while fuelling his car in rural Alberta. ""I would say I'm 100% Canadian, but every year it is a little less,"" Perkins said. ""When you're not respected, it's hard to respect the people that don't respect you... I'm the hated redneck, right? That's me. Not that I did anything wrong, I'm just born here."" The pitch by Thomas Lukaszuk, a former Progressive Conservative Alberta lawmaker, is that separation ""would be, from a political, economic, and social perspective, a terrible process to have to go through."" Lukaszuk's group, Forever Canadian, recently formally opened its campaign headquarters in Calgary. He told the BBC that his aim is not to tell Albertans how to vote, but to remind them of what it means to be Canadian, and - in his view - the dire consequences of separation. He has spent the past two months driving a maple-leaf laden, refurbished 1997 camper van dubbed the ""Unity Bus"" across the province to make the case for Canada, handing out pins and lawn signs and speaking to would-be voters. The October vote has been dismissed by people on either side of the debate as a ""referendum on a referendum"", since the question doesn't ask directly if the province should separate, but whether Albertans want to explore the possibility. Still, many on the pro-Canada side are treating it like a binding vote. ""I think we're all very worried that Alberta politics could be consumed by this forever,"" Hogan said. The main motivator behind the separatist push is the belief that Alberta is misunderstood and overlooked by decision makers in Ottawa – the ""ugly cousin"", one independence supporter told the BBC at the Stampede –  arguing that the province has no choice left but to go it alone. The reason a binding referendum isn't taking place is due to a court challenge by First Nations groups, who successfully argued they weren't properly consulted and their treaty rights placed at risk by the prospect of Alberta independence - a decision now being appealed. ""Our future is more secure if we stay in Canada,"" said Chief Samuel Crowfoot of Siksika First Nation, located just east of Calgary. Crowfoot spoke to the BBC a few feet from where Treaty 7 was signed in 1877 between the British Crown and five First Nations in the region. Three such treaties encompass most of Alberta, of 11 numbered treaties in Canada. They form the basis of the relationship between the Crown, Canada more broadly, and hundreds of First Nations. ""Those treaties will be honoured more so if we stay within Canada,"" Chief Crowfoot said. ""There is no guarantee, there's no talk from the separatists, no outreach from any of the movements to speak with any First Nations about what this new Alberta would look like if we were to separate."" Chief Troy Knowlton of Piikani First Nation put it more bluntly, telling the BBC he would rather be ""dealing with the devil that we know today"". So far, it's First Nations that have done the most to keep Canada together, Chief Crowfoot argues. A binding referendum ""would still be moving full steam"", he said, if it wasn't for the legal battle launched by indigenous Albertans. Alberta Premier Danielle Smith, who has to navigate a political base with separatist leanings while being personally and politically pro-unity, argued the ""referendum on a referendum"" is a chance to hear directly from Albertans. While the idea of an independent Alberta has existed for decades, it gained steam last year, after pro-separatist groups held town halls across the province and later collected enough signatures for a petition to force a referendum under provincial law. The pandemic helped fuel that restive anger, and some pro-independence Albertans told the BBC that the Freedom Convoy protests in 2021, when hundreds of truckers, many from western Canada, travelled to Ottawa to protest vaccine mandates, was a turning point. ""I was raised believing that Canada was a free country,"" said Chris Scott, an Alberta independence organiser who took part in the Freedom Convoy. After two weeks of the protests, which gridlocked downtown Ottawa, then Prime Minister Justin Trudeau invoked the never-used Emergencies Act, granting authorities expanded powers to clear demonstrations. Scott, who spoke to the BBC at his cafe and truck stop in rural Alberta decorated with the province's blue flag and drawings depicting scenes from the Freedom Convoy protests, said Trudeau's handling of the protest fundamentally shifted his view. Many Albertans on both sides agree that the province is often overlooked by Ottawa, and that the oil-rich, landlocked province has struggled to get support for building more pipelines and getting its resources to market. Carney's main appeal to the province so far has been to push for the approval of an oil pipeline to the west coast - a long time demand from Alberta. It's been hailed as a good first step in healing the relationship between Alberta and Ottawa. But for Scott, that overture is not enough, and he has said Alberta has no option left but to set its own rules. The debate has been described as ""divisive"" and ""emotional"" by Albertans who spoke to the BBC. ""There are neighbours not trusting neighbours, and people watching which flag is flying on which house - is it an Alberta or Canadian flag? And if it's Alberta, (they are) suspicious that they're separatists,"" Lukaszuk said, adding: ""This has to end."" The separatist push has been dismissed by many in the unity camp as coming from a ""fringe minority"" - polls indicate about 20% of Albertans back independence. But in Mirror, a town of some 400 people a two-hour drive from Calgary, Scott said he could ""count on both hands how many people that I've encountered that are dead set against independence"" - a sign of the divide along urban-rural lines on the issue. As the 10-day Stampede comes to a close this weekend, and the fairground rides go silent and cowboys head back to the ranch, both sides say this is only the beginning of their fight. Scott said he bought his own camper van to rival Lukaszuk's Unity Bus. An independent Alberta is ""inevitable"", he said regardless of the outcome in October. For Lukaszuk, ""loss is not an option"". ""We will do everything we possibly can to win this referendum."""
839a589c-879b-47d7-a9e3-1e361ff5292a,https://www.bbc.com/news/articles/c8j2zr3gzz1o,2026-07-13,Last soldier given Victoria Cross by Queen honoured,"One of the last soldiers to be presented with the Victoria Cross by Queen Victoria herself has been honoured at a special event. Pte Charles Ward, of the King's Own Yorkshire Light Infantry, was hailed a hero for delivering a message requesting reinforcements while under enemy fire during the Second Boer War in June 1900. Ward, from Leeds, was presented with the medal at Windsor Castle in December 1900 - just a few weeks before Victoria's death on 22 January 1901. On Friday, Ward's grandson Mick Ward attended an event at Leeds Library to remember his relative, describing it as ""a celebration of that moment within the context of his wider life"". ""It's a way of understanding my own dad being brought up the son of a hero, but also an expectation of thinking, what can you do to contribute to make the world a better place?,"" he said. ""What you're prepared to do for your mates, your comrades still sends an important message today."" Pte Ward was born on 10 July 1876 in Hunslet, and joined the army when he was about 21 years old. While serving in South Africa, during the Boer War, his group, many of whom were wounded, were surrounded by enemy fighters. Ward volunteered to run ""through a hail of bullets"" from their position to a signal station to send a message for help, his grandson explained. Upon his return to the group he was shot in the arm, but survived and was treated back home at Leeds General Infirmary (LGI). He was among a group of five men who went to Windsor Castle to receive their medals from Queen Victoria. Ronnie Walsh, volunteer archivist with West Yorkshire Archives, organised the event after finding Ward's name on a patient ledger for Leeds General Infirmary. He has now researched Ward ""within an inch of his military and civilian life"", he said, ""It's been really important, not just for me, because I feel like I've gotten to know him, really, really well, but I've also gotten to know his family."" According to Mick Ward, his grandfather ""had a complicated life"" and died on 30 December 1921 at Glamorgan County Asylum in Wales, aged just 45. The event, sponsored by local glazing firm HIPCO who heard Ward's story, included a talk by Walsh and was attended by family, historians and military personnel. Ward's military jacket, with a bullet hole in the sleeve, and patient notes were also on display. Colin Cranswick, regimental secretary for the King's Own Yorkshire Light Infantry and the Rifles Regimental Association said the occasion ""meant a lot to the city"". ""It's our history, it's our ancestry and we're very, very proud of it,"" he said. ""I think the fact that it's so recognised still by historians, by the regiment, by the media is a thing to be really proud of,"" Ward added. ""I'm A Leeds lad. My dad was born in Leeds, my granddad was born in Leeds. I love that solid line of Leeds running through the family."" Listen to highlights from West Yorkshire on BBC Sounds , catch up with the latest episode of Look North ."
0af93590-3f2b-4df6-9773-bb7a79dc9f21,https://www.bbc.com/news/articles/cz6vznqp553o,2026-07-13,Council reconsiders closure of respite centres,"A council is looking to extend the contract of an organisation that runs two at-risk respite centres while it considers what to do with them. Lincolnshire County Council (LCC) has proposed closing Swallow Lodge in Lincoln and Cedar House in Spalding in favour of using multiple providers across the region. However, the plans could now been put on hold to allow for further consultation following a backlash from some service users. Families opposing the move said the units provided a ""home from home"" for vulnerable adults. At an extraordinary meeting of the adult care and public health scrutiny committee on Wednesday, Martin Samuels, executive director of adult care and community wellbeing at LCC, said the original proposals were in response to feedback. ""Throughout, the aim has been to ensure that we are meeting people's needs better,"" he said. He told the meeting the current contract for both sites was due to expire on 31 August, but LCC was looking to extend the contracts for 11 months, until 31 July 2027, allowing time for further consultation. ""It is a genuine consultation. No decisions have been made,"" he added. The proposed extension is estimated to cost more than £1m - and has been recommended for approval when it goes before the council's executive on 14 July, according to the Local Democracy Reporting Service . Councillor Maggie Cullen welcomed the extension. ""As I think I've said before, it gives the service users the reassurance that they can still use the service while we make a decision,"" she added. However, former council leader Martin Hill said he had concerns about the potential delay. ""There's now a year of uncertainty,"" he added. Listen to highlights from Lincolnshire on BBC Sounds , watch the latest episode of Look North . Download the BBC News app from the App Store for iPhone and iPad or Google Play for Android devices"
03fb8b25-c0fd-4bcb-a1d0-89449f5be660,https://www.bbc.com/news/articles/cx2dvg3j7y8o,2026-07-13,Fire crews tackle Devil's Dyke wildfire overnight,"Firefighters have worked through the night to tackle a wildfire in South Downs National Park in West Sussex. Eight fire engines and five specialist support vehicles were sent to Devil's Dyke after the blaze was reported just after 17:00 BST on Friday. Teams from West and East Sussex fire and rescue services worked together to extinguish the flames. Crews were still at the scene on Saturday damping down the area.  Follow BBC Sussex on Facebook , X , and Instagram and listen to BBC Radio Sussex on Sounds . Send your story ideas to southeasttoday@bbc.co.uk or WhatsApp us on 08081 002250."
707a39ab-c89f-4b60-aede-e8b6c7e79ec3,https://www.bbc.com/news/articles/cn940xrp10do,2026-07-13,Man dies after vehicle and pedestrian crash,"A man has died after a ""serious collision"" involving a pedestrian and a vehicle, police have said. Surrey Police said officers were called to the crash outside a Sainsbury's Local shop on the A322 Worplesdon Road, in Guildford, at about 22:30 BST on Saturday. The pedestrian, a man aged in his 30s, was pronounced dead at the scene, said the force. His next of kin have been informed. The road was closed overnight between Stoughton Road and Aldershot Road, reopening on Sunday morning. Anyone with information or relevant footage has been urged to contact the force. Follow BBC Surrey on Facebook , on X . Send your story ideas to southeasttoday@bbc.co.uk or WhatsApp us on 08081 002250."
77104c2d-48c5-40d8-bbbc-c049a15244cd,https://www.bbc.com/news/articles/cy8w3y4j10lo,2026-07-13,Murder investigation after man's 'shocking' death,"A murder investigation has been launched after a man's ""violent and shocking"" death. Officers were called to reports of an assault at Blues bar on Bow Street, Ashton-under-Lyne at about 2:40 BST, Greater Manchester Police said. The force said a man in his early 30s was found with serious injuries and died at the scene. A 36-year-old man has been arrested on suspicion of murder and remains in custody for questioning, it said, adding it believes it was an isolated attack. Det Supt Ian McNabb said: ""This is was a violent and shocking attack that tragically took the life of a young man."" He said detectives were working ""at pace"" to establish the full circumstances surrounding his death. McNabb said while no formal identification has taken place yet, the family of the who they believe to be the victim have been told and were being supported by officers. ""We currently have a man in our custody and a scene is still in place at this time."" He said: ""We would also like to reassure the community we believe this to be an isolated attack and poses no wider threat to the public. ""As we are still in the early stages of our investigation, we are appealing for anyone who may have information to please come forward and report."" He added: ""This can be anyone who may have witnessed the incident itself, or has any footage from the area that may support our enquiries."" Listen to the best of BBC Radio Manchester on Sounds and follow BBC Manchester on Facebook , X , and Instagram . You can also send story ideas via Whatsapp to 0808 100 2230."
7bababc5-ee9d-4a75-8e96-7c587876f583,https://www.bbc.com/news/articles/cze94x4361po,2026-07-13,Polish PM pledges memorial to victims of WW2 'genocide by Ukrainian nationalists',"Polish Prime Minister Donald Tusk has announced the creation of a national memorial to the victims of a ""genocide committed by Ukrainian nationalists"" during World War Two. Tusk was speaking on the anniversary of what Poland calls the ""massacre"" in Volhynia - a Polish territory in German-occupied Poland now part of Ukraine and known as Volyn - in which it says some 100,000 ethnic Poles were killed by the Ukrainian Insurgent Army (UPA) in 1943-45. Many in Ukraine see the UPA as heroes who fought for independence from the Soviet Union as well as against Nazi Germany and Polish authorities. Warsaw and Kyiv have for decades been at odds over the events, in which about 10,000 Ukrainian civilians are also estimated to have been killed. Speaking on Saturday, Tusk said: ""Truth is our duty toward the victims, but also a way to overcome a painful past for the sake of a better future. ""Memory cannot be the servant of hatred. The answer to nationalism cannot be more nationalism,"" the Polish prime minister said, urging Ukraine to ""embrace this truth"" if the country wanted one day to join the European Union. Last month, Ukrainian President Volodymyr Zelensky was stripped of Poland's highest state honour over his decision to name a Ukrainian military unit after the UPA, amid a diplomatic row between the two countries. Polish President Karol Nawrocki said he had to act - but stressed that the row would not impact Poland's support for Ukraine as it continues to fight against a full-scale Russian invasion launched in 2022. Three former Ukrainian presidents later returned their White Eagle awards to Poland in solidarity with Zelensky. In his video address late on Saturday, Zelensky said that ""representatives of the Ukrainian state took part in joint prayers with representatives of the Polish state"" in both countries to commemorate the victims of the Volyn killings. ""Ukraine is doing its part to honestly establish the facts about those killed in those years. ""We must not forget that now... Ukraine and Poland have one common threat, and this is a mortal threat to our independence, to our states, to every city, to every village, and this threat is called Russia,"" the Ukrainian president said. The exact number of people killed at the time remains contested, but historians from Poland's Institute of National Remembrance (IPN) estimate about 100,000 people died in the 1943-45 anti-Polish campaign in the Volhynia, Eastern Galicia and Lublin regions. The institute also estimates that 10-12,000 died in Polish attacks of retaliation."
4cbe62e3-9118-4603-9778-469cf86b6caf,https://www.bbc.com/news/articles/cgl3w15e5wpo,2026-07-13,Safari park's only two Capybaras become a family,"A safari park's only pair of Capybaras have become a family and welcomed two new pups. Longleat, in Wiltshire, said the newborn pups and their mother Mildred, are settling in a purpose-built nursery area with a private pool at the safari park. Capybaras are the largest species of rodent and are semi-aquatic, meaning they live partly on land and partly in water. A Longleat spokesperson said it is ""early days"" to determine the sex of the pups, and they are yet to be named. The pups were born weighing 1kg each, and when fully grown Capaybaras can typically reach between 35kg and 66kg. Capybara pups are born precocial, meaning they are born with fur, open eyes and are able to move and swim within a few hours. Alexa Maultby, hoofstock keeper at Longleat, said: ""With Mildred having only arrived at the park last July, it is a fantastic achievement to have already welcomed two pups. ""Mum and the pups are doing well. ""The pups will suckle from mum for approximately 16 weeks, whilst also eating some grass from a week old. ""We're expecting mum and the pups to spend quite a bit of time in their private pool. ""While the pups won't be the best swimmers to begin with, they will learn quickly and may even ride around on mum's back while in the water initially."" Mildred and their father Bart normally live alongside the Brazilian tapirs and a new trio of maned wolves. Follow BBC Wiltshire on Facebook , X and Instagram . Send your story ideas to us on email or via WhatsApp on 0800 313 4630 ."
3f180265-51c8-4bad-bffb-416380bfd865,https://www.bbc.com/news/articles/c8r2vd4kxk2o,2026-07-13,'We all need to pull together to tackle shoplifting',"A senior police officer has urged politicians to work with the force to deal with shoplifting, claiming comments about a lack of action make the job ""harder"". Kemi Badenoch and Nigel Farage have both highlighted shoplifting in speeches on crime, with the latter claiming it shows ""Britain is broken"". However, Sgt Christian Denning, who leads Essex Police's business crime unit, says the force is taking action and called for support from the Essex politicians. He said: ""Honestly (those comments) make the job harder, it almost encourages people to think it is lawless, it's not lawless. We need to all be clubbing together on this."" In recent months politicians, such as Conservative leader and North West Essex MP Badenoch, and Reform UK leader and Clacton by-election candidate Farage, have addressed shoplifting in major speeches. Speaking to the Times ahead of the local elections in May, Badenoch referred to sausage rolls being put under ""lock and key"" at Greggs. Farage has mentioned shoplifting as being part of possible ""societal collapse"" and has called for ""zero tolerance"" in dealing with the perpetrators. In a speech last year he suggested thefts under £200 would not be investigated, saying ""frankly nothing is going to happen to you"". But Denning says action is being taken and dismissed the £200 claim. He said: ""We put together 4,000 charges last year. Things are happening. ""The £200 rule is a complete fabrication. We will deal with whatever you give to us, we will look at it and see what evidence is there."" Essex Police has seen shoplifting increase in recent years. Between April 2022 and March 2023, 9,896 offences were recorded, but by March 2025 that had reached 14,327 offences. The latest figures for April 2025 to March 2026 show that has dropped to 13,855, but just 34% of offences are currently solved - up from 24% in March 2025. Denning said Operation Retail, where alleged shoplifters are presented with evidence of their offence and asked if they wanted a formal interview or for the cases to go straight to court, was having results and speeding up justice. The force said 284 suspects were dealt with that way in the first six months of its operation, saving more than 10 weeks of officer time and bringing about 930 charges. Neighbourhood policing teams in places like Brentwood, where officers work alongside council-funded town rangers, are also credited with making a difference. Denning added: ""We're saving time, effort and money in getting people in front of the court quicker, and when they get in front of the judge quicker they tend to give guilty pleas. ""We've managed to raise our solve rate whilst reducing the amount of crime being reported to us, it seems like a really big win."" Do you have a story suggestion for Essex? Contact us below. Follow Essex news on BBC Sounds , Facebook , Instagram and X ."
94873a05-ea9e-4283-98e5-9b2e66c26be6,https://www.bbc.com/news/articles/cr7xd042k7go,2026-07-13,When all Hull's paddling pools are open for summer,"One of Hull's most popular paddling pools will reopen later. The East Park splash pad had been closed for refurbishment but is now ready to open on weekends and throughout the summer holidays. A long-awaited new splash pad at Pickering Park will also open in time for the school break, Hull City Council said. Here is when all the paddling pools and splash pads will be open in Hull this summer. East Park: The newly refurbished splash pad will be open on weekends and daily from 18 July to 6 September. The splash boat will also be open during weekends and the school holidays. The Grade II-listed water ride opened in 1929 and is one of only three left in the UK. Pickering Park: The Pickering Park paddling pool has been closed since 2023 and is undergoing a £550,000 redevelopment, which has been delayed. Last month the pump house was vandalised, but the council says it will be ready to reopen on 18 July. It will close again on 6 September. Albert Avenue lido: The outdoor pool underwent a £10.5m rebuild in 2023 and includes a heated lido and children's splash pad. The lido is open daily until September, with sessions available for booking online. Alderman Kneeshaw, Bude and West parks: The paddling pools here are already open on weekends. They will open daily during the holidays from 18 July to 6 September, between 10:00 and 17:00 BST. Ings Road and Oak Road parks: Paddling pools here will open daily during the holidays from 18 July to 6 September, between 10:00 and 17:00. Listen to highlights from Hull and East Yorkshire on BBC Sounds , and watch the latest episode of Look North . Download the BBC News app from the App Store for iPhone and iPad or Google Play for Android devices"
95dde03a-4ce4-4187-9b5e-1a312c5b824d,https://www.bbc.com/news/articles/cy5vxw7dgx9o,2026-07-13,More than 100 firefighters respond to east London fire,"Around 100 firefighters have been called to a fire affecting a house, gardens, sheds and a railway embankment in Walthamstow, east London. London Fire Brigade (LFB) said two rest centres had been set up locally for impacted residents. It said it received the first of more than 100 calls to the incident near Vallentin Road and Shernhall Street just before 18:30 BST, with 20 fire engines and around 125 firefighters in attendance. In an update at about 21:00, LFB said the cause of the fire was currently unknown but ""crews have been working hard to extinguish the fire as swiftly as possible"". The fire brigade has advised people in the area to keep their windows and doors closed due to the significant amount of smoke produced by the fire. Motorists are also advised to avoid the area, including Wood Street, Shernhall Street, and surrounding roads, as road closures are in place. The Weaver Overground line has been partially closed in response to the incident. Walthamstow MP Stella Creasy said in an Instagram post on Sunday evening that ""hundreds"" of people had been affected by the fire. She thanked locals for donations of food and water brought to the rest centres, adding that ""it would make you cry to see what our community's done""."
6c7d29de-a9ae-4cb9-bf79-39944a83a45e,https://www.bbc.com/news/articles/c4gy1xg9z0mo,2026-07-13,"Five key scenes from the Bayeux Tapestry, and the story they tell","Power struggles, betrayal and bloody battles - these are the events shown in great detail in the Bayeux Tapestry, covering one of the most momentous periods in English history. The artefact, almost 1,000 years old, is a 70m-long storyboard of embroidered pictures showing an epic account of the Norman conquest and the Battle of Hastings of 1066. It depicts a medieval game of thrones as William the Conqueror fought King Harold to rule England. The tapestry has returned to England for the first time in more than 900 years, and will go on display at the British Museum. Here's the story in five key scenes, helped by Dr David Musgrove, co-author of The Story of the Bayeux Tapestry and content director of HistoryExtra magazine and podcast. The tapestry begins in 1064 or 65, when Harold, the most powerful earl in England and brother-in-law of king Edward the Confessor, is sent to Normandy, now in northern France. Harold joins William, duke of Normandy, in battle in Brittany, and is portrayed in a positive light for the first half of the tapestry. ""He's being given arms and armaments by Duke William, and this is really important because the subtext of the first half of the tapestry is essentially to present Harold as a heroic figure,"" Dr Musgrove explains. The most important scene in the tapestry, according to Dr Musgrove, shows Harold reaching both arms out to touch two boxes of holy relics while making an oath. He's thought to be swearing allegiance to William as Edward's successor as king of England. ""He actually looks physically contorted and conflicted,"" Dr Musgrove says. ""At least that's my take on it. He looks as if he's kind of a bit anguished about having to make this oath."" Dr Musgrove adds: ""This scene is basically where Harold goes from hero in the first part to zero in the second part."" Back in England, Edward the Confessor dies in January 1066 - and Harold claims the throne for himself. ""So he's gone against this supposed oath, and this is where he becomes the villain of the piece. This is a really important moment."" The appearance in the sky of Halley's Comet, which is only visible from Earth roughly every 75 years, is regarded as a bad omen following Harold's alleged betrayal. ""You can see all the people staring up and pointing at it,"" Dr Musgrove says. ""That is basically saying, 'Something's gone wrong here, Harold having himself crowned is going to lead to a bad result.' And that is what happens."" William amasses a mighty army to fight Harold for the crown, and the two sides meet at the Battle of Hastings. Harold is shot in the eye by an arrow, which he is seen clutching in his final moments. ""This is the most famous scene in the tapestry,"" Dr Musgrove says. The caption reads ""Here King Harold is killed"" - and the English army flee in defeat after their leader's death. At least, that's the most famous version of events. But there's debate about whether the arrow was actually in the original version of the tapestry or added during a 19th Century restoration. There's also disagreement about whether the figure is even Harold, or whether the inscription refers to a neighbouring figure who is slain by a soldier on horseback - or if they both in fact show Harold at different moments. ""It's undeniable that Harold is dead - the text says it - but the manner of his death is somewhat debated,"" Dr Musgrove says. Either way, it was a graphic and dramatic climax to a period that changed the course of English history. The Bayeux Tapestry will be on display at the British Museum from 10 September 2026 to 11 July 2027."
83dc9a74-148d-4402-8a0e-87dbc467205a,https://www.bbc.com/news/articles/cj9gkpp0dkeo,2026-07-13,US insists Strait of Hormuz is open as it exchanges strikes with Iran,"The US insists the Strait of Hormuz is open, despite Iran saying it has closed the waterway amid renewed strikes. Hostilities, which flared up again this week, continued on Saturday after the US said it had struck more than 140 targets across Iran. The attacks were a response to Iranian forces hitting a ship passing through the strait, which it said was using an unapproved route. Iran has been trying to assert control over the waterway, and early on Sunday said it was closed until further notice. Iran's Islamic Revolutionary Guard Corps (IRGC) also launched wide-ranging attacks on US bases and allies across the region on Sunday, marking an escalation in the scale of hostilities. It said it had hit a US base in Jordan, while the United Arab Emirates (UAE), Qatar, Kuwait, Oman and Bahrain all said they had responded to missiles and drones from Iran. The BBC has approached US Central Command (Centcom) for comment on the attack in Jordan. Qatar, a mediator in ceasefire talks, had not been attacked since April, while the UAE had not been attacked since May. On Sunday evening, Centcom announced another round of strikes against Iran, which it said started at 17:00 ET (22:00 BST) and would ""continue degrading their ability to attack civilian mariners and commercial ships freely transiting the Strait of Hormuz"". On Sunday afternoon, Iran's IRNA news agency said missiles were launched by the ""enemy"" towards Qeshm Island - a strategically important island in the Gulf, home to an important IRGC base. The renewed fire has put in jeopardy an interim ceasefire agreement signed last month, which aimed ​to reopen the Strait and eventually bring a permanent end to the conflict. Earlier this week, US President Donald Trump declared the Iranian attacks meant the ceasefire was over, while Iran's Foreign Minister Abbas Araghchi accused the US of violating the deal. However, Trump said talks would still continue and mediators were trying to revive the process. US media reported that Iran told American officials attacks on tankers earlier this week were a mistake and blamed a rogue internal group. The latest hostilities were sparked after the IRGC said it had fired a naval cruise missile at a vessel that was attempting to sail along an unapproved route. US Central Command (Centcom) said the IRGC ""blatantly attacked"" a Cyprus-flagged vessel which was ""unable to continue its journey"" due to damage to the engine room. A crew member from the MV GFS Galaxy ship was missing, it added. The UK's Maritime Trade Operations (UKMTO) said it had been informed by military authorities that the crew of the vessel were forced to abandon ship and were in a lifeboat. ""Iran was provided yet another opportunity to demonstrate adherence to the Memorandum of Understanding after being held accountable for earlier attacks on commercial vessels but has again failed,"" Centcom wrote on X. It said US strikes hit 140 Iranian military targets, including missile and drone sites, communication networks, and coastal surveillance locations. The statement was shared by US Secretary of Defense Pete Hegseth, who wrote: ""Iran made a poor choice. Now they pay."" The IRGC said the US had targeted ""a number of coastal bases and telecommunications towers on the southern coast"". In response, Iran said its ""first phase"" of retaliation included strikes on the Prince Hassan Air Base in Jordan, saying it had destroyed the base's command and control centre and MQ9 drone hangars. On Sunday, US Central Command reiterated the Strait was open, warning the US military was in position to make sure it stayed free-flowing. Earlier Iran's parliamentary speaker Mohammad Bagher Ghalibaf, who is also the country's chief negotiator with the US, wrote on X that the ""era of one-sided deals is OVER"". He went on: ""We told you: keep your word or pay the price. Reality is knocking."""
6ac09571-fc84-4236-b7ba-d6330562a7dc,https://www.bbc.com/news/articles/c2dy94r6gywo,2026-07-13,Massive wildfire hits fields near sports ground,"A wildfire as large as 14 football pitches has hit fields near a university, firefighters said. County Durham and Darlington Fire and Rescue Service said it received calls about the blaze near Durham University's Graham Sports Centre at about 14:45 BST. It said it had sent four fire appliances to tackle the blaze and it had been put out in an about an hour. A spokesperson said at the fire's height, the service had received more than 60 calls from the public. Follow BBC North East on X , Facebook , Nextdoor and Instagram ."
9461210a-d031-4547-aeda-dccd5c4c0c98,https://www.bbc.com/news/articles/c07y3el281no,2026-07-13,Traders 'really happy' after holiday park sale,"Independent business owners based at a holiday and retail park bought out of administration say the future is ""very bright"" following the take over. Stonham Barns Holiday Park, in Suffolk, called in administrators from FRP Advisory and was put up the for sale back in February due to financial pressures. But the complex is set to remain after being purchased by Cosgrove Leisure Parks UK, owners of a number of holiday and residential parks. The sale had raised concerns over the future of the complex's leisure and retail facilities, which have welcomed the news of the takeover. And managing director Patrick Cosgrove said the park was set to ""reach new heights"" following the deal. Luke Hughes, who runs the Legends Sports Bar and the garden centre, said he was ""really happy"" with the new owners and it was a ""big relief"". ""We've had a few meetings with the new owners and they are really supportive of what we do and want to help us move forward,"" he said. ""They seem really nice people who know what they are doing and are keen to get behind all independent retailers, so it's going to be a massive difference."" Glen Wade, who runs Glen's Collectables Shop and has been at the site over a year, said while the last few months had felt like ""entering the unknown"", the administrators had been confident of finding a good buyer who would take it from ""strength to strength"". ""We have spoken to the new owners a few times and they're very, very upbeat that they're going to be improving the park and spending money, which is great news. ""So, I'm very confident about the future."" Josh Cantwell, a manager at the Stonham Barns Golf Park, felt people who may have been put off visiting when it was under administration, would soon return. ""I would imagine we'll probably see a little bit of a jump in the summer holidays of people coming back up again and there'll be more people around, which will be nice. ""There's been a bit of a question mark for the last few months, but people know where they stand now."" Cosgrove Leisure Parks UK officially acquired the complex, which boasts a wide range of amenities and recreational activities and hosts about 30 events, on 29 June. Managing director Patrick Cosgrove said he was ""delighted"" to have added Stonham Barns to his portfolio and would look to ""introduce fresh ideas and improvements"". ""The vision is to build on the park's existing strengths and create even more unforgettable moments for visitors,"" he said. ""Stonham Barns Park is a heritage venue with so much to offer guests and visitors which has a place in the hearts of so many people. ""The community will benefit from increased employment opportunities and a boost in tourism, as the reputation of this Suffolk gem continues to grow."" Do you have a story suggestion for Suffolk? Contact us below. Follow Suffolk news on BBC Sounds , Facebook , Instagram and X ."
29de6259-f94a-438d-b87f-fbdc141583ff,https://www.bbc.com/news/articles/cx2wllrlrxgo,2026-07-13,'The perfect football song': Why England fans and players love Wonderwall,"""Cmon England cmon Wonderwall."" That was the message once again from Oasis frontman Liam Gallagher on Sunday morning, after England's travelling supporters - including former captain Sir David Beckham and sons - sang his band's most famous song with the players at full-time following their World Cup quarter-final win over Norway in Miami. It has become a new tradition in recent weeks, being belted out after all five of the men's team's wins across the US and Mexico. Speaking to the Sun after their opening win in Dallas, the man who wrote it, Liam's brother and bandmate Noel Gallagher said: ""Wonderwall belongs to the people, and it was a magical moment between the people and the players."" And he claims not to be an England fan. Captain Harry Kane told the Lions' Den podcast that the first impromptu singalong was one of his ""favourite ever moments in an England shirt"". His old teammate and now BBC Sport pundit Joe Hart said after the DR Congo game that such ""phenomenal"" moments of unity allow players to ""drop the mask, just for a few minutes, of being an elite professional"". Norway fans and players may have combined similarly at this tournament to do the ""Viking row"" , but (after all) it's Wonderwall that ""resonates with being English"", one fan told BBC Sport. While traditional England anthems including Three Lions, Vindaloo, World in Motion, as well as Sweet Caroline - the accidental breakout hit from Euro 2020 - have still been heard in pubs around the country, Wonderwall appears to be the song of the summer so far. The number two hit, taken from Oasis's all-conquering 1995 album (What's the Story) Morning Glory, re-entered the UK top 40 singles chart last week as a result of the initial viral moment. And on Friday it shot up from number 32 to 11. In 2008, shortly before the Manchester band split up, Liam declared that he ""can't stand singing that song"" - the acoustically-driven ballad that launched a thousand buskers. But since then he has done exactly that, many times and to great effect for adoring fans around the world throughout the band's big-selling reunion tour last year. Author and broadcaster PJ Harrison, who last year released the biography Gallagher: The Rise and Fall of Oasis, finds the process of pop songs being adopted by football fans fascinating. In the 1960s, the Evertonian tells BBC News, there was a tradition for fans simply singing pop hits of the day. He thinks what is happening now with England and Wonderwall could not have been contrived. ""You have the long lifespan of Wonderwall, then you have the renewed interest with the tour,"" he notes. ""And obviously, if you've got to put one song on from that tour, that fits. ""Then it's just a case of the DJ having the situational awareness to think, 'This is the song for the moment', put it on and everybody just embrace it."" He adds: ""Once it takes root and it becomes melded to an emotional moment, like winning a first World Cup game, it just takes on this emotional life and quickly gathers an immediate nostalgia."" As for the song itself, Noel told Uncut magazine around the time of its release that it was a musical love letter to his then-wife Meg Mathews. But he subsequently changed his story, telling Q Magazine it was about ""an imaginary friend who's going to come and save you from yourself"". The ambiguity in the lyrics allied to the familiar, easy melody, Harrison believes, allows fans to ""express an outpouring of love without necessarily specifying what it's towards"". ""What is a Wonderwall? I'm not really sure what it is but I can sing about it and it can be whatever I think it is,"" says the former Plymouth Argyle director and co-founder of the LA-based City of Angels FC. ""If I think it's Jude Bellingham or if I think it's England winning, it can be that, or it could be my girlfriend or whatever."" Unlike some of the other more upbeat, hopeful England songs, he feels the reflective nature of Wonderwall means it ""would also still work in consolation if the team get knocked out"". The term Wonderwall is originally taken from the psychedelic and surreal 1968 film of the same name. It stars Jane Birkin as the object of obsession for a man who lives next door, slowly making holes in his wall so he can watch her through it (not creepy at all). George Harrison provided the soundtrack - the first solo album by a Beatle - which is where avid record collector Noel came across it. The original working title for his tune had been Wishing Stone, but a smart tweak to the lyrics resulted in his best-selling song - millions of records and billions of streams - and probably paid for his swimming pool. Louder Than War writer and Membranes musician John Robb, who also released an Oasis book last year titled Live Forever: The Rise, Fall And Resurrection Of Oasis, tells us Wonderwall is the perfect song for football fans due to it's heady mix of ""euphoria"" and ""melancholy"". ""There's something really melancholic about being a football fan because any second you're about to lose but any second you're about to win,"" says the Blackpool supporter. ""The song captures both - it's the perfect football song."" He continues: ""It has that thing where you can sing along to it but it's got that undertone of sadness, it's also got that lift in the chorus."" Although not written as a football song, Noel has spoken of the influence of his time spent on the terraces at the old Maine Road watching Manchester City on his songwriting, Robb recalls. ""Football is about community and camaraderie and everybody being together in the moment, and those kinds of songs are perfect for it,"" he adds. ""The ultimate choir is a football terrace, because it's a lot of people who can't really sing, singing together and in harmony. ""That's quite a beautiful thing."" England fans will be hoping their team is on song next week so they can continue their new tradition all the way to the final in New York. All the roads that lead them there are winding, though, heading back to Atlanta for Wednesday's semi-final. Wonderwall lost its own final of sorts, back in November 1995. It was cruelly kept off the top of the chart by Robson and Jerome's double A-side, I Believe and Up On The Roof - which remain unsung by hordes of England fans as far as we're aware. If England do win the World Cup for the first time in 60 years, look out for the song maaaaaybe ending 30 years of chart hurt too. If not, supporters may be crying their hearts out instead. ""We're winning this WC,"" Liam Gallagher declared on X. ""I don't know how don't care respect to all those players manager you gotta make it happen."""
ef125c31-7254-475e-aa24-4d6cbbc28d33,https://www.bbc.com/news/articles/cvgdyr5wgpxo,2026-07-13,Climate group saddened as council stops support,"The chairman of the Essex Climate Action Commission said the group was ""saddened"" its work would probably pause after Essex County Council severed its support. Prof Jules Pretty said the staff and administrative support from Essex County Council, to deliver projects, was going to be removed. He said while the commission would not close, the activities undertaken would have to be cut back substantially. A spokesperson for Essex County Council, which has been run by Reform UK since May, said the authority planned to step back from the commission. But they said the council was committed to continue work across Essex on environmental issues such as water and air quality, local nature recovery and flood resilience. Pretty, who is also an environment academic at the University of Essex, said the commission's work had been superb and had helped to deliver environmental improvements across the county. The commission is an independent organisation launched in 2020 by the last Conservative administration of Essex County Council, with cross-party support. It produced a 100-point action plan to make Essex carbon neutral. Sixty-four of those actions are in progress or in place - the commission says - including new planning and building regulations that will see more energy efficient homes with lower bills built in Essex. Laura Mansel-Thomas, a senior partner at building design company Ingleton Wood, is one of the commissioners. She said ""tough targets for carbon and energy reduction"" had delivered ""low-carbon and resilient school buildings"". Roger Morris, who is Bishop of Colchester and is also a commissioner, added: ""This is not just bad news for the environment, it is bad news for Essex."" He warned it ""will cost the people of Essex millions of pounds in new investment and jobs"". Labour district councillor Ivan Henderson, based in Harwich, warned it could undermine plans for a clean, green energy investment in the East of England. Conservative Lee Scott, opposition leader on Essex County Council, said: ""We cannot deny climate change. ""It is not an answer to say it has been going on for millions of years. Whatever the causes may or may not be. If we ignore it, what are we doing to our children and our grandchildren?"" Reform Essex County Council leader Peter Harris has promised to end ""net stupid zero"" policies and claims to have found £3m of savings by addressing this. Net zero refers to an equal balance between the amount of gases or carbon being produced and the amount we are able to remove from the atmosphere by changing the way we do things, like driving electric rather than fossil-fuel powered vehicles. Scientists say that while the planet has been hot before, even as far back as 92 million years ago , human activity has accelerated warming rapidly since the dawn of the Industrial Revolution . Reaching net-zero CO2 emissions is essential to limit global warming, according to the United Nations. An Essex County Council spokesperson said: ""As the council continues to review its priorities, we plan to step back from the Essex Climate Action Commission from the end of July. ""The council is committed to continuing work across Essex on environmental issues such as water and air quality, local nature recovery and flood resilience."" Follow Essex news on BBC Sounds , Facebook , Instagram and X ."
4dac4996-7fb4-4a5c-8236-4256ff385e5d,https://www.bbc.com/news/articles/c30yer25253o,2026-07-13,Man's body recovered from river in Cornwall,"A man's body has been recovered from the River Fowey in Cornwall. Cornwall Fire and Rescue Service said it was called to the river at about 16:45 BST on Friday. A man in his 70s was removed from the water and life saving measures attempted but he was pronounced dead at the scene, the service said. It said it believed the incident to have been a ""tragic accident"" and next-of-kin had been informed, while the family was being supported by specialist teams. Follow BBC Cornwall on X , Facebook and Instagram . Send your story ideas to spotlight@bbc.co.uk ."
73d72097-1214-41ff-9f56-8a56b6b8cc7e,https://www.bbc.com/news/articles/cn75y330kpjo,2026-07-13,Which World Cup stars have roots near you? Try our postcode lookup,"Every World Cup hero started somewhere. Harry Kane's journey to becoming England captain began at a Sunday league team in east London while Jordan Pickford learned his trade on Wearside. But which World Cup stars have roots near you? Our postcode lookup includes players from all four home nations since 1950 – discover how many have come from your area. England stars hail from Torquay to Blyth, with many players still closely tied to where they grew up. Manchester's Nico O'Reilly has the city's 0161 dialling code tattooed on his arm, while Declan Rice keeps in touch with his old PE teacher at Grey Court School near Kingston upon Thames. Scotland's long-awaited World Cup return is led by players from Glasgow and the central belt. Captain Andy Robertson once worked on the tills at Marks & Spencer on Sauchiehall Street, while Lawrence Shankland was employed in a Hillington plumbing factory before turning professional. Despite being spread across the country, England's squad has a strong London feel. In total, a record 10 players come from the capital, surpassing the Golden Generation of the 2000s – a crop of talented players led by Londoners like David Beckham, John Terry, Rio Ferdinand, Ashley Cole and Frank Lampard. The North West, which has supplied more England World Cup players than any other region, has seven representatives in Thomas Tuchel's squad. Goalkeepers Dean Henderson and James Trafford hail from Cumbria. Henderson spent years making a two-and-a-half hour round trip with his father from Whitehaven to Carlisle United's academy, while Trafford was raised on his family's farm near Cockermouth. There is also a cluster of four players from the North East in the squad, including Sunderland's Jordan Henderson, who has been selected for a joint England-record fourth World Cup. The smallest of England's nine regions in terms of population, the North East punches well above its weight as a World Cup talent pool, having provided more players per million residents than any other part of the country. In Scotland, Glasgow's football culture has shaped generations of players. As well as producing stars such as Robertson and McGinn, the city also gave opportunities to Nathan Patterson, who was scouted playing for Rossvale in north Glasgow, and Aaron Hickey, who became the youngest player to start a Scottish Cup final in 2019. Since 1950, Glasgow has produced more World Cup players than any other UK council area, topping a list dominated by major cities such as Belfast, Liverpool, Edinburgh and Manchester. Yet World Cup stories can emerge from unlikely places too. Scott McKenna is the first player from Kirriemuir – a small Angus town of around 6,000 people – to reach football's biggest stage. For half of UK councils, however, the wait for a first World Cup player goes on. The data used in this analysis covers the 536 players who have been selected for England, Scotland, Wales and Northern Ireland squads at men's World Cups since 1950. This includes all players in squad lists submitted to FIFA before each World Cup. In some cases, particularly in the 1950s and 1960s, reserve players did not travel to the tournament. World Cup squad lists and player stats were initially gathered from the Fjelstul World Cup Database and then checked against other sources such as FIFA and national Football Associations. Players' birthplaces are based on where they were born (if known), or alternatively where they grew up. Facts about 2026 squad members are drawn from past media interviews with the players, or people connected to them or their local area. Player photos where available are taken from Getty Images. Some players were born abroad but moved to the UK as children, in which case their birthplace is listed as their UK childhood home. Six players – England's Owen Hargreaves, Graeme Le Saux and Tony Dorigo, plus Scotland's Lyndon Dykes, Richard Gough and John Hewie – spent their entire childhoods abroad and are excluded from the analysis. Reporting by Phil Leake, Yazmina Garcia, Libby Rogers, Deirdre Finnerty, Marie Jackson and Lauren Woodhead. Design by Jess Carr."
f33075a4-8e0d-44d1-8250-c41b5e0d5269,https://www.bbc.com/news/articles/cvgljevwy82o,2026-07-13,Sixteen starve to death in Uganda as drought kills crops,"The Ugandan government says at least 16 people have died from hunger in recent weeks in the north-eastern region of Karamoja due to a prolonged drought. Farmers say they've lost crops because the area received little or no rain since April - the beginning of the planting season. Experts warn the region's recurring shortages are caused by climate change, poor rainfall, deforestation, overgrazing and crop pests. Together, they leave communities increasingly vulnerable to hunger. Prime Minister Robinah Nabbanja says thousands of families have been left without food as the dry spell has destroyed crops, and her office is to seek cabinet approval on Monday to buy more supplies for affected areas. The government says it has started distributing emergency food aid. Large areas of maize, sorghum and soybeans have withered, shattering hopes of a bumper harvest. Experts are calling for better forecasting, investment in irrigation and drought‑resistant crops. Uganda's semi-arid north-east has been struck by catastrophic food shortages before. In 2022, more than 2,200 people died of starvation and related illnesses in north-east Uganda, a report by an official human rights body said. Despair turned to disbelief when the then-foreign minister, Henry Okello Oryem, called those who had died of hunger ""idiots"" , arguing that Uganda had favourable climate and fertile land so people should be able to grow food for themselves. Go to BBCAfrica.com for more news from the African continent.  Follow us on Twitter @BBCAfrica , on Facebook at BBC Africa or on Instagram at bbcafrica"
9544ce7d-8c38-4a1e-af50-e47387e62e29,https://www.bbc.com/news/articles/c5yzn9xqz0po,2026-07-13,"Prince Harry talks grief, stress and loss in final event of UK trip","The Duke of Sussex has spoken to bereaved children about how he marks anniversaries related to his late mother and deals with grief. In the final public appearance of his UK visit - a day after he, his wife and children met the King and Queen - Prince Harry visited a summer festival in Warwickshire set up by Scotty's Little Soldiers, a charity dedicated to supporting bereaved military children and young people. His mother, Diana, Princess of Wales, died in a car crash in Paris in 1997 when he was 12. After taking part in a yoga session with goats, he had a Q&A with some of the children. Poppy, nine, whose father, Able Seaman Daniel Turnbull, died in 2020 from leukaemia, asked him: ""What makes you laugh when you've had a difficult day?"" The duke touched his heart and said: ""You know what, sometimes it's just a difficult day. It's not always possible to laugh but my dog makes me laugh, my children make me laugh, and if I need to laugh I'll probably put something really funny on the television. ""But, and this goes for all of you, there are some days when you'd like to laugh but it might not always be possible to laugh. ""But you've got brothers and sisters, friends, this community… but yes, I think the point is that a laugh at the end of a hard day is the best medicine served."" Sebastian, 16, whose father Rev John Hill served in the Navy and died in 2010, asked if Harry did anything special to mark the day of his mother's death or her birthday. ""Yes, we do lemon drizzle cake,"" Harry responded. ""I think traditions are really, really important, especially when they're sweet."" Joshua, 21, whose father Lance Corporal Christopher Bradshaw died in November 2011 in a road crash, asked: ""When life takes its toll and things get tough, what do you do to de-stress and relax?"" The duke replied: ""Exercise is universally good for helping with grief, stress, loss."" ""Whether it's going for a walk through nature, taking the dog for a walk or swimming in the cold sea - I love that - just to get yourself out and moving."" Harry said that ""it's very easy to sit in your grief, to sit in your stress"" but he had learned that it was better to do something - talking. ""Guys, if you're feeling it, share it."" Prince Harry's final appearance of his UK visit came a day after he, his wife Meghan and their children had a private family reunion with the King and Queen at Highgrove - visiting together for the first time in four years. It has been a bumpy return to the UK for Prince Harry, in a visit promoting the Invictus Games for injured service men and women. He was not accompanied by Meghan to any public events in the UK this week, after a row over security. On Tuesday, the duke also lost his High Court claim , made with a group of well-known figures, against the Daily Mail and Mail on Sunday's publisher over alleged unlawful information gathering."
60060f61-ce8f-4a5a-9647-ac9473705855,https://www.bbc.com/news/articles/c1dywk7wv4eo,2026-07-13,Attempted murder arrest after stabbing in town,"An attempted murder arrest has been made following a stabbing in a town centre in Derbyshire. Emergency services were called to South Street in Ilkeston at about 18:30 BST on Friday after reports a man had been stabbed. A 33-year-old man has been arrested on suspicion of attempted murder, said Derbyshire Police, who remains in police custody. No details have been released on the condition of the victim. Listen to BBC Radio Derby on Sounds and follow BBC Derby on Facebook , on X , or on Instagram . Send your story ideas to eastmidsnews@bbc.co.uk or via WhatsApp on 0808 100 2210."
acd923da-6506-4363-9a15-e639e2238115,https://www.bbc.com/news/articles/cp8l0jg0pg1o,2026-07-13,'Keeping kids entertained can be expensive so VAT cut will help',"Mother-of-two Kirsty Gillingham knows all too well how expensive keeping children entertained can be. Speaking on a day trip to Pleasurewood Hills in Suffolk, she says: ""I think I'm constantly Googling, 'What can we do? And how far away is it from us?' ""And especially having two of them, trying to keep them both entertained for a reasonable price is quite tricky."" Like many visitors to the theme park, near Lowestoft, she has benefited from a new package of government measures that includes a temporary VAT cut at many attractions this summer. Ministers say the ""Great British Summer Savings"" scheme will help families with the cost of entertaining children during the holidays. Gillingham, from Hertfordshire, tells BBC Politics East: ""Anything that can help with reducing costs anywhere definitely helps for a young family."" Kay Bonning-Schmitt, a mother of two from Lowestoft, agrees. ""Attractions are obviously quite expensive, but it's all the extra stuff, like buying lunch and things,"" she says. ""I wouldn't normally buy food when I'm out, because it's just loads of money, and something we can't really afford."" She says a temporary cut in VAT on children's meals will ""definitely help"" her family during the holidays. Father-of-one Graham Hunt, from Salisbury in Wiltshire, is visiting another Suffolk attraction, Africa Alive in nearby Kessingland. He says he is in the fortunate position of not being put off by the cost of visiting attractions, but adds: ""I recognise there are families out there that are struggling, which means a reduction in VAT is a great idea."" Hunt says that his partner does not drive so free bus travel for children, another temporary measure, will be helpful. The scheme runs from 25 June to 1 September and will cost the government £300m. Its key points include: The government hopes that businesses will pass the tax cut on to customers. Pleasurewood Hills, which attracts about 200,000 visitors a year, welcomes the VAT cut. Operations manager Levi Bellis says: ""The hospitality industry has been crying out for a VAT deduction for a long time. Any help that it can give us as a business, and also the public, is welcome."" The move is also welcomed by the former head of the New Anglia Local Enterprise Partnership. CJ Green tells BBC Politics East: ""Many businesses are really struggling... so many [of them] would love to see an extension of this scheme to give them the boost that they really need."" Not every attraction can benefit, however. Africa Alive is part of the Zoological Society of East Anglia (ZSEA), a charity, so does not pay VAT. Joshua Hunter-Harl, sales and marketing director, says: ""Unlike commercial attractions, we won't see any benefit from the scheme, which has made it really tricky for us as a charity during the cost-of-living crisis."" Despite rising costs and no extra government help this summer, his parks are trying to compete by offering concessions and other discounts. ""We've had to be really proactive,"" he says. ""We know times are tough for families, and we've had to take our own steps to ensure that a day at the zoo remains affordable for everyone."" Bruce Leeke, chief executive of Ormiston Families , an Ipswich-based charity, says the VAT scheme is helpful, but will not solve the problems faced by families. ""The cost-of-living crisis hasn't gone away,"" he says. ""It has lots of different impacts on people's mental health, [and] obviously if you are anxious about your finances, that anxiety gets passed on to family members. ""When the summer comes, there is much more care needed for children."" He wants to see more investment by the government on long-term help for families. ""Our recommendation would be to invest in early intervention,"" he says. The Labour MP for Southend West and Leigh, David Burton-Sampson, says the government is already providing 30 hours of free childcare a week for children before they go to school, but concedes that the issue may need to be looked at again. ""But it is very difficult,"" he says. ""There is a finite amount of finance and we're trying to target that finance on the ways that will make the biggest difference to people's lives."" Do you have a story suggestion for Suffolk? Contact us below. BBC Politics East will be broadcast on Sunday 12 July at 10:00 BST on BBC One in the East of England, and will be available after broadcast on BBC iPlayer. Follow Suffolk news on BBC Sounds , Facebook , Instagram and X ."
11dc17bd-36fb-48c1-9c32-16c9bd3e4202,https://www.bbc.com/news/articles/cm204lgrv10o,2026-07-13,Pubs can stay open for full Norway game - even if kick-off delayed,"England fans can stay in the pub - either celebrating or commiserating with each other - until 30 minutes after the final whistle is blown in the World Cup quarter-final against Norway, the government has said. Extended licensing hours will allow supporters in England and Wales to watch the entire game, even if the start is delayed because of extreme heat. An earlier extension had allowed venues to stay open until 02:00 BST. The Three Lions are due to kick off at 22:00 (18:00 local time) at the Hard Rock Stadium, in Miami, Florida. It comes after England's match against Mexico on 2 July, held at the host country's Azteca Stadium, began an hour later than scheduled because of storms. ""England fans deserve the chance to watch every minute of the quarter-final together, and that is exactly what our extension guarantees,"" said Policing Minister Sarah Jones. ""After the weather delay we saw before the Mexico game, we want to give fans and venues complete certainty that no-one will miss a moment of the action."" There was confusion ahead of the Mexico game after Fifa went back on a plan to bring the game forward because of bad weather. It was eventually delayed by an hour , after heavy rain in Mexico City and reports of lightning above the stadium. Jones said she hoped pubs and bars would be ""packed"" for the game, as England ""hopefully move one step closer to bringing football home"". In a statement on Saturday, the Home Office said the extended hours would apply to any further England matches, including potentially the final, ensuring that venues can stay open 30 minutes after the final whistle. The blanket extension means individual venues do not need to apply for extended hours. Licensing hours had already been extended for the World Cup, from 23:00 to 01:00 for games with kick-offs from 17:00 up to 21:00, and until 02:00 for kick-offs between 21:00 and 22:00. The home secretary has the legislative power to extend licensing hours on occasions of ""exceptional international, national or local significance"". The threat of high temperatures has been a feature of the World Cup, being co-hosted by Mexico, Canada and the United States. Fifa also introduced mandatory hydration breaks midway through each half to help players tackle the heat and humidity. BBC lead weather presenter Matt Taylor said: ""It's going to be a tough day for players and spectators alike in Miami, as heat and humidity levels soar."" The National Weather Service has issued a heat advisory for the city from 11:00 to 19:00 local time. ""Daytime temperatures will peak at a scorching 33C (91.4F), but the impact of high humidity levels means that it will feel much more like it is 43C out there,"" said Taylor. At kick-off time, the risk of storms in the area stands at about 20-30%, Taylor added. Any lightning reported within eight miles of the stadium would mean an automatic 30-minute delay. Global sporting bodies such as Fifa use an index called Wet Bulb Globe Temperature (WBGT), taking into account temperature, humidity, time and amount of sunshine, to decide if it is safe to play. In its guidelines for playing in heat, external players' union Fifpro says a WBGT above 28C should lead to the ""delay or postponement of matches"" until conditions are safer. Currently, the wet bulb temperature forecast for Miami falls at 27C. There is no suggestion the game will not take place."
d310c0ab-ab7a-4949-82c0-df588484bf32,https://www.bbc.com/news/articles/c0qyk9jwq9no,2026-07-13,US Democrat Ro Khanna says he was detained by armed Israeli settlers,"US congressman Ro Khanna says he was detained for 90 minutes by armed Israeli settlers during a visit to the occupied West Bank. Khanna, 49, had been in a van with his team when they were surrounded by settlers wielding M4 rifles on Wednesday, he told Reuters news agency. Writing on X, Khanna said that when the Israel Defense Forces (IDF) arrived, ""they sided with the settlers and continued our detention"". The BBC has reached out to the IDF for comment. The Israeli military said in a statement troops and police officers took action after getting a report settlers had blocked vehicles in the area. ""Upon their arrival, the troops dispersed the Israeli civilians and allowed the vehicles to continue on their way,"" the IDF said. Khanna was visiting the ruins of Khirbet Zanuta , on a fact-finding visit to look at the impact of Israeli occupation of the area. The politician, a father-of-two, is mulling over a presidential run in 2028. ""We were at a village that Israeli settlers had destroyed, they had destroyed the school, they had destroyed that village, and we were just looking at it,"" he said. ""And these hoodlums come in with machine guns – M4, an American-made machine gun – and they detain us. They block off the road. And then they call the IDF and ​the IDF is on their side, not on the side of the Americans,"" Khanna said. While they were detained, an aide who was with Khanna said they made appeals to the US Embassy in Jerusalem for help, and were released after a group of police officers intervened. Israel has built about 160 settlements housing 700,000 Jews since it occupied the West Bank and East Jerusalem - land Palestinians want, along with Gaza, for a hoped-for future state - during the 1967 Middle East war. An estimated 3.3 million Palestinians live alongside them. The settlements are illegal under international law."
e844a079-a0a4-4c61-988c-0d375df16052,https://www.bbc.com/news/articles/cgk6ljx3vv4o,2026-07-13,Murder arrest as woman stabbed in west London,"A man has been arrested on suspicion of murder after a woman was fatally stabbed in Hayes, west London. The Met Police said officers were called just before 08:00 BST to a property on Uxbridge Road where they found a 24-year-old woman with stab injuries. Despite efforts of emergency services, she was pronounced dead at the scene. A man, in his 20s, was found outside the property also with stab injuries. The force said it was waiting for an update on his condition. Officers found a 44-year-old man matching the suspect's description nearby and arrested him. The force said he was taken to hospital with injuries believed to be caused after jumping from a window. Det Ch Insp Allam Bhangoo said it was a ""shocking incident"". ""Our thoughts at this time are with both victims and their loved ones, who are being supported by specialist officers,"" he added. ""Our enquiries are in the early stages but we do not believe there to be any wider threat to the public. However, we are keen to hear from anyone who may have seen anything or who has any information that could assist our investigation. ""We know this incident will have caused significant concern in the community and residents can expect to see an increased police presence in the area over the coming days."" Listen to the best of BBC Radio London on Sounds and follow BBC London on Facebook , X and Instagram . Send your story ideas to hello.bbclondon@bbc.co.uk"
883c75c1-8e65-4789-a95c-560804990032,https://www.bbc.com/news/articles/c70y247vd2do,2026-07-13,Lorry driver arrested as child dies in collision,"Police have appealed for witnesses after a boy who was struck by a lorry died in hospital. The collision happened in Epping Road, Chipping Ongar, Essex, at about 16:40 BST on Friday. Officers arrested the lorry's 48-year-old driver, from Derbyshire, at the scene on suspicion of causing death by dangerous driving. He was released on bail until September while an investigation continued. ""The child sustained serious injuries and was taken to hospital where, sadly, he died,"" a police spokesman said. Specialist officers have been supporting the family of the child, whose age has not been revealed. Epping Road, which connects Chipping Ongar with North Weald Bassett, was closed after the incident. Detectives ""continue to appeal for witnesses and anyone driving in the vicinity at the time who may have captured footage on dash cam to contact them"", the spokesman added. Do you have a story suggestion for Essex? Contact us below. Follow Essex news on BBC Sounds , Facebook , Instagram and X ."
0a6364ce-df7e-4439-9d17-f14cf9fa4060,https://www.bbc.com/news/articles/cr5jylqnpr8o,2026-07-13,Unusual requests to British embassies - from hair colour tips to restaurant refunds,"A British holidaymaker asking where to get blonde highlights in Jordan is among the ""unusual enquiries"" received by consular staff, the Foreign Office has revealed. Another caller contacted the UK Embassy in Paris for help locating where they parked a car near the Eiffel Tower, and a tourist in Egypt asked embassy staff to do something about the shower temperature at a hotel. The list was published by the Foreign Office as it sought to raise awareness ahead of the summer holidays about the support embassies and consulates could provide British nationals overseas, including help for lost passports and medical emergencies. The department said it could not, however, ""advise on hairdressing options or resolve restaurant complaints"". The Foreign Office said on Saturday that staff at UK embassies and consulates overseas dealt with more than 328,000 enquiries and requests for help over the past year - equating to nearly 900 calls a day. But it said that ""while the vast majority of enquiries are genuine requests for help or advice, a handful are more unusual"". Requests listed as examples also included: The department also said some enquiries had been football-related during the World Cup, with a caller in Italy asking where they could watch the Scotland v Haiti group game in Milan. Taking a more serious tone, it encouraged travellers to check the latest Foreign Office advice for their destination and ensure they had appropriate travel insurance. It added that the support it could offer travellers who run into problems included issuing an Emergency Travel Document if a passport was lost or stolen, with more than 29,500 issued in the last year to British nationals. Staff could also provide information and advice to British nationals who were victims of crime or required medical assistance abroad, and offer advice and support to those arrested abroad, the Foreign Office said. Fraser McDougall, head of the Consular Contact Centre, said that while the Foreign Office could not help with retrieving lost cars or spots to watch the football, it was ""proud of the support we provide to over a quarter of a million Brits each year""."
99c5c025-848d-406d-8bf3-03c5bc43fca8,https://www.bbc.com/news/articles/cvg7280qwxpo,2026-07-13,Family describes hearing fire 'coming down the mountain' amid evacuation,"A mountain wildfire that forced people in a rural community to evacuate their homes has been declared a major incident, with a family describing how they heard the blaze ""coming down the mountain"". The fire near Conwy Mountain and the Sychnant Pass in Conwy county broke out on Sunday morning. Firefighters were working in ""challenging conditions"" in order to contain the fire and protect local communities, said Jami Jennings, from North Wales Fire and Rescue Service. One family evacuated from their home said the fire reached their driveway, coming within 200 metres of their house. The fire service urged people to avoid the area, and told residents in nearby communities to keep windows and doors shut. ""Wildfires can spread rapidly, particularly during periods of hot, dry and windy weather,"" Jennings said. ""We continue to ask everyone to act responsibly by avoiding the use of disposable barbecues, ensuring cigarettes are fully extinguished and reporting any signs of fire immediately by calling 999."" Michelle Campbell, 44, her husband Ben, 46, and their three sons, fled their home in Capelulo as the fire reached their property. ""The sound was worse than anything. It was so loud, the crackling. You could hear it coming down the mountain,"" said Ben. He said he received a missed call at 04:30, but 30 minutes later a neighbour banged on their door and said: ""The mountain's on fire above your house."" The couple and their three boys – aged three, seven and eight – initially moved to a holiday rental they own nearby, but were forced to leave that when the fire approached. They have now rented a property on Anglesey for this week, and are awaiting an update on their home. ""We have no idea what the situation is,"" Michelle said. ""But we're safe, and the boys are okay. And we're insured."" The couple said a river runs near their property, and fire crews were using it to pump water to fight the fire. ""It was really scary,"" Michelle added. North Wales Fire and Rescue Service said it was alerted to the fire in the early hours, and local resident Rita Raweily said she was awoken to the sound of her dog ""barking wildly"". ""I got ready, threw some clothes on and went to see if there was anything I could do to help,"" she added. Raweily said there was a smell of burning in the air that got worse as the wind picked up and the area was ""really smoky"". ""That whole area near the house is an evacuation zone and we don't know when we are going home,"" she said. ""But that's fine because we are safe."" Raweily said she had ""no idea"" what condition her house is in but she hoped ""all will be well"". ""I don't think we are getting back in the house tonight. It is really worrying,"" she added. One person had been taken to hospital so far, she said, but ""everyone is safe"". Raweily, a volunteer community coordinator, advised people to follow the instructions provided by the emergency services who have been ""brilliant"", according to Raweily. ""Houses can be replaced, people can't,"" she said. On Sunday evening, North Wales Fire Service said crews were also responding to a number of grass fires on Halkyn Mountain, in Flintshire, and the Braichmelyn Forest in Bethesda, Gwynedd. It comes as most of Wales is deemed to be of ""very high risk"" of wildfires in the coming days. Forecasters have said parts of the country will remain extremely hot and dry in the coming days as the country swelters in the third heatwave of the year. Dave Swallow, from the National Fire Chiefs Council, warned that such conditions ""significantly increase wildfire risk"", reminding people that ""we all have a role to play"". ""Summer should be a time for people to enjoy the outdoors but it's important not to underestimate the risks,"" he said. ""Every year we see devastating wildfires and tragic drownings in inland water."" Swallow urged people to ""enjoy the warmer weather safely"" and ""look out for one another"". The Met Office has warned people planning to enjoy the water this weekend to be careful and check the water temperature to avoid cold water shocks . Additional reporting by Nicholas Bourne"
e073e2e6-6fe6-4b08-829b-3379f308999c,https://www.bbc.com/news/articles/cj9gmjx998xo,2026-07-13,Record 128 people cross Channel in one small boat,"A small boat crossed the English Channel on Friday carrying 128 people, the largest-ever recorded number to make the journey in a single vessel. The boat made the journey on Friday, when a total of 225 migrants crossed the Channel on three boats. More than 12,000 people have reached the UK in small boats so far this year, a fall of 44% on the same period last year. A Home Office spokesperson said: ""Smuggling gangs are taking greater risks than ever, with the number of people they are cramming into unseaworthy boats rising year on year."" The previous record for the number of migrants in one vessel was 125. The Home Office said: ""This crossing serves as a stark reminder that criminal gangs have no regard for the safety of those they claim to help, the reality is clear and lives are being lost in the Channel as a result. ""This is exactly why we have signed a new deal with the French to prevent these perilous journeys by boosting enforcement action on beaches, building on the over 45,000 attempted crossings stopped since the election."" Follow BBC Kent on Facebook , on X , and on Instagram . Send your story ideas to southeasttoday@bbc.co.uk or WhatsApp us on 08081 002250."
617d4cfe-1947-49eb-8ca6-a6bbcff72825,https://www.bbc.com/news/articles/cwy0865d892o,2026-07-13,Man dies and two people injured after two-car crash,"A man has died and two others are injured after a two-car crash on a major road near Bath, police have said. Avon and Somerset Police said officers were called to the crash, involving a white Dacia and a black Range Rover, on the A46 Gloucester Road near Upper Swainswick on Saturday at about 15:06 BST. The driver of the Dacia died in hospital hours later and two passengers, a woman and a child, remain in hospital with injuries not believed to be life-threatening. Police said a man in his 30s was arrested on Saturday night in Wiltshire on suspicion of causing death by dangerous driving, before being released on conditional bail while inquiries continue. The A46 was closed between its junctions with London Road and the A420 for investigations, and has since reopened. Police want anyone with information or dashcam footage of a black Range Rover travelling westbound on the M4 or southbound on the A46 on the afternoon of 11 July to contact officers. Follow BBC Bristol on Facebook , X and Instagram . Send your story ideas to us on email or via WhatsApp on 0800 313 4630 ."
69e806a5-8f3f-4ffb-8e9e-e920d360dcca,https://www.bbc.com/news/articles/cvge2nd611zo,2026-07-13,US Senator Mitch McConnell says absence due to fall and pneumonia,"US Senator Mitch McConnell says he will not be returning to the Senate ""quite yet"" after suffering from a fall and ""a mild case of pneumonia"". It is the first statement from the 84-year-old Kentucky Republican after weeks of speculation about his health, following his admission to hospital in mid-June. In addition to the statement, McConnell released a photo of himself with his wife holding what appeared to be Sunday's Washington Post newspaper. ""You all know how folks of my generation often hesitate to share the vulnerability that comes with growing older,"" he said in a written statement from his office on Sunday. ""Even in the public eye, I feel that same instinct – I can't help it."" McConnell also referenced his childhood polio and the ongoing ""mobility challenges"" he faces as a result. ""They haven't exactly gotten easier to manage with age. And last month, I took a fall which landed me in the hospital,"" he said. ""My doctors have confirmed that I didn't break any bones or suffer a concussion. I didn't have a heart attack or a stroke. I don't have any tumours or haemorrhages. But I was briefly unconscious and was taken to the hospital,"" the statement read. ""While receiving excellent care over the past several weeks, I've also had to deal with a mild case of pneumonia."" The statement said McConnell had been moved from hospital care to a rehabilitation centre. ""As much as it frustrates me, this process takes time. And on the advice of my doctors, I won't be able to return to the Senate floor to vote quite yet."" Calls for information about the condition of McConnell, who holds the title of the longest-serving Senate party leader in US history, grew as his hospital stay approached the one-month mark this week. He was admitted for treatment on 14 June, according to his staff. His aides did not give any details about the reason for his hospital stay, or what kind of treatment he was receiving. The Kentucky senator's team said on 2 July he was ""receiving excellent care"" and ""continues to improve"". But aside from that statement and some reported phone calls with a handful of people, he did not appear in public or in photos."
e97071bd-76f1-4460-85cb-2ee22ab35a2c,https://www.bbc.com/news/articles/cm2jdrg7zyyo,2026-07-13,Whaling artefacts to feature in maritime museum,"Artefacts from one of Hull's great whaling ships will go on display when the city's maritime museum reopens following a £20m renovation. An engraved whale tooth and an American flag will help tell the story of the Truelove, a three masted merchant vessel, which was based for a time in Hull. The museum is due to reopen on 8 August, with people encouraged to book free tickets from Monday due to high levels of interest. A spokesperson said the online booking system would help to reduce queuing and secure entry times for visitors. Built in Philadelphia in 1764, the Truelove survived capture during the American War of Independence before she was refitted as a whaling ship, based in Hull. She completed more than 70 Arctic voyages and escaped one of the worst ice disasters in whaling history. In 1873 the Truelove returned to Philadelphia, where she was presented with an American Flag. The ship was broken up in the 1890's, but the flag and a whale tooth engraved with an image of the vessel are going on display in the museum. The gallery said the flag has undergone ""painstaking conservation"" and will displayed in a case in the new atrium space, while the engraved whale tooth will be in the museum's Age of Sail gallery. Hull Maritime Museum is a Grade II* listed landmark, which first opened in 1871. The building is located in the former Town Dock offices in Queen Victoria Square, where ships once sailed directly past its doors. While walk-up visitors will still be welcome, the museum said pre-booking was recommended to avoid waiting times.  Tickets can be booked from 10:00 BST on Monday. Eilish McGuinness, Chief Executive at The National Lottery Heritage Fund, which supported the Museum's regeneration, said: ""It's fantastic news that people from the city and further afield can now get their hands on tickets to visit the revamped attraction."" The redevelopment has been funded by Hull City Council and The National Lottery Heritage Fund as part of the wider Hull Maritime project. Listen to highlights from Hull and East Yorkshire on BBC Sounds , watch the latest episode of Look North .  Download the BBC News app from the App Store for iPhone and iPad or Google Play for Android devices"
b1836386-dbe5-4f61-a155-5a4f58776dd3,https://www.bbc.com/news/articles/cd7wle12rxyo,2026-07-13,Academy marks 200th anniversary with Deaf Day,"The oldest deaf school in England has organised a Deaf Day, which brought together the community for a celebration of deaf culture, awareness, and support services. The event on Saturday was held by the Deaf Academy which is celebrating its 200th anniversary this year. The free event at Ocean in Exmouth gave people the chance to meet organisations and businesses which help the deaf and hard of hearing community and coincided with Exmouth Festival. Princess Anne visited the college in Douglas Avenue in May and met students and staff there as part of school's bicentenary celebrations. A spokeswoman for the academy said former pupils attended the event and visitors were set to enjoy a huge birthday cake. She said: ""We've had people who are losing their hearing who are looking for advice and people who are looking for work. ""It's a coming together of community support."" The academy also welcomed visitors for hour-long tours to give them a chance to look round and find out about its work and employment opportunities there. Follow BBC Devon on X , Facebook and Instagram . Send your story ideas to spotlight@bbc.co.uk ."
1ca263ab-beec-4f18-ac95-034448095dbf,https://www.bbc.com/news/articles/cvg50k5j7vzo,2026-07-13,Pedestrian seriously injured after being hit by car,"A man was taken to hospital with potentially life-changing injuries after being struck by a car while walking in Walsall. West Midlands Police said the man, in his 60s, remains in a serious condition following the incident on Court Way on Friday, shortly after midnight. The driver of the car, a man in his 20s, remained at the scene and was arrested on suspicion of drink-driving. Anyone who witnessed the incident or has dashcam footage has been asked to contact the force. Follow BBC Birmingham on BBC Sounds , Facebook , X and Instagram ."
4ce4fb64-5a6b-47f7-bae6-7378abfb03e7,https://www.bbc.com/news/articles/c75y26gyg4no,2026-07-13,Man suffers serious facial injury in stabbing,"A man has suffered serious facial injuries in a stabbing in Leicester city centre. Leicestershire Police said they attended Belvoir Street at 00:25 BST on Sunday and found a wounded man in his 40s. He was taken to hospital where he remains in a stable condition. A cordon remains on Belvoir Street while detectives continue to investigate. Det Sgt Pala said: ""The city centre was of course a very busy area at the time of this incident and we are appealing to anyone with any information, who has not yet spoken to police, to please make contact. ""Our inquiries are very much progressing as we continue to establish the full circumstances of what has happened and officers do remain in the area."" Listen to BBC Radio Leicester on Sounds and follow BBC Leicester on Facebook , on X , or on Instagram . Send your story ideas to eastmidsnews@bbc.co.uk or via WhatsApp on 0808 100 2210."
827d614a-3d58-4a73-a32e-3edaeb9e31d6,https://www.bbc.com/news/articles/cn9403518jro,2026-07-13,"David Willey, esteemed BBC Vatican correspondent, dies aged 93","David Willey, who served as a BBC foreign correspondent for more than half a century, has died aged 93. He reported from Algeria, Vietnam and China, but is best known for his time in Rome as the BBC's Vatican correspondent, where he covered the papacies of five popes. Widely regarded as one of the most experienced journalistic voices on the Vatican, Willey wrote a book on Pope Francis and was awarded an OBE for services to broadcast journalism. He was still working well into his nineties - last year, after the death of Pope Francis, Willey reflected on how the Vatican had changed under the late pontiff . ""He was an incredible authority on the Vatican, reporting and travelling with five Popes, and was so kind, giving me insight and encouragement when I started in Rome in 2019,"" wrote Mark Lowen, BBC correspondent and presenter. News producer Gillian Hazell, who worked closely with Willey in Rome, said he was ""an esteemed friend and colleague with a mischievous sense of humour and endless fascinating stories from his assignments around the world."" Willey started his career as a trainee for the Reuters news agency and covered the signing of the Treaty of Rome in 1957. The document, which established the European Economic Community, formed the basis for what is now the European Union. ""I was actually there in the huge room frescoed with scenes from ancient Roman battles, when the six frock-coated founders of the Europe of the Six appended their signatures to the Treaty,"" he wrote on the 50th anniversary in 2007. ""Crowded into the room were members of parliament, city authorities and, I seem to remember, a single red-hatted cardinal from the Vatican."" Willey then worked as a freelancer in Algeria, before becoming the BBC's east Africa correspondent in 1964. He then reported from Asia, including on the Vietnam War, and China after the communist revolution. But David Willey will be best remembered for his decades of work in Rome. He became an authority on the papacies of five popes - One of his most notable assignments was the assassination attempt on John Paul II in 1981. Last year, Willey met his fifth pope - the newly elected Pope Leo. His article last year, reflecting on the modern changes within the Vatican, also saw Willey reflect on his own life within it: ""I have suddenly realised with something of shock that I am already not only four years older than the late Pope Francis, but that my own life now extends through no fewer than eight successive papal reigns,"" he wrote. Willey wrote a book on the late pontiff - The promise of Francis: The man, the Pope, and the challenge of change - which he presented to Francis in 2016. Willey recalled first reporting on the Vatican for Reuters in the 1950s. ""We depended upon a corrupt Vatican official to get the text of an important papal speech ahead of delivery,"" he wrote. ""It was my job to take the bus down to the cafe opposite the main workers' entrance to Vatican City at eight in the morning one Easter Sunday to surreptitiously pick up a document that he had smuggled out."" David died of heart failure in Italy, the country he made his home. Until the end, he remained incisive in his analysis, generous with his time, and an invaluable resource, for those reporters who came after him."
027663f4-7f94-4800-ab91-e4faed5ba82b,https://www.bbc.com/news/articles/cgjx912wxw3o,2026-07-13,"Ann Widdecombe attacked nearly 24 hours before she was found dead, police believe","Ann Widdecombe was attacked nearly 24 hours before she was found dead, police believe. The 78-year-old former Conservative minister was found with serious injuries at her home in Haytor, Devon at 11:40 BST on Thursday. Devon and Cornwall Police said they believe the attack took place on Wednesday at around 12:30 BST, and added that enquiries were ""moving at pace for a suspect who is believed to be a white male"". On Saturday morning, the force announced a 26-year-old white British man, who had been arrested a day earlier on suspicion of murdering the former MP, had been released from custody and was ""no longer part of the investigation"". Assistant Chief Constable Matt Longman said the priority ""remains identifying those responsible and ensuring that all available evidence is thoroughly examined"". Detectives were continuing to carry out ""numerous enquiries"" and the investigation was ""moving at a significant pace"", he added. ""We are deploying all of the necessary resources to find out exactly what has happened. I would appeal to anyone who may have information about this incident, however insignificant it may seem, to come forward and speak with us."" Later on Saturday, Longman said the force had decided not to release further information, including descriptions of any potential suspects or CCTV footage, for the time being. ""Releasing such information prematurely could compromise ongoing enquiries and may prejudice future investigative opportunities,"" he said. A significant police presence remained in the area on Saturday, with forensic officers seen arriving at the property. People, including Reform UK leader Nigel Farage, were also seen laying memorial flowers near Widdecombe's home. During a police press conference on Friday, Longman said the force had ruled out terrorism and had no information to believe Widdecombe's death was a ""politically motivated crime"". He added that it was too early to comment on whether or not the suspect was known to her. Widdecombe's death was announced by her management agency early on Friday morning without mention of any suspicious circumstances. By afternoon, Devon and Cornwall Police had issued a statement, revealing that a murder investigation had been launched and they were looking for a suspect believed to be a white British man. Laying a wreath at Dartmoor National Park, close to Widdecombe's home, Farage told reporters that she was a ""remarkable individual"" and ""the fiercest defender of free speech"". He added that Reform was ""doing everything we can to support the police in every way"". Widdecombe's long-time driver, Peter Horrall, also laid flowers near the scene on Saturday, telling the BBC that he ""just couldn't believe"" what had happened. ""She was a great lady, very kind,"" he said, adding that ""if you asked her a question, you'd get an answer - no mucking about"". Other local residents have been reeling following news of the attack, with one woman who lives near Widdecombe's home telling PA news agency the area was ""very safe"" and it was not unusual for people to leave their cars and front doors unlocked. ""My husband saw her a week ago, driving around,"" Christine Maloney said, adding she was ""very shocked"" by news of her death. ""Everyone saw her as quite an opinionated politician, but to us she was just a person in the community,"" said another resident, Alison Gilbert. ""First of all, we got back and saw police and thought maybe it was a burglary, a lot of us suspected she had a heart attack or something,"" she said. ""She didn't deserve to die like that,"" added her husband, Simon. Widdecombe's political career spanned several decades , having served as a Tory MP for Maidstone in Kent from 1987 to 2010. Following her departure from the Commons, Widdecombe appeared on BBC's Strictly Come Dancing in 2010. Paired with Anton du Beke, the dance partners reached the semi-finals. She also appeared on Celebrity Big Brother in 2018. She then joined the Brexit Party in 2019 where she represented South West England as a Member of the European Parliament (MEP) from 2019 to 2020. In 2023, she joined Farage's Reform UK, where she was the party's Immigration and Justice spokesperson. There has been widespread shock across the political spectrum following news of the murder inquiry. Prime Minister Sir Keir Starmer said on Friday he had spoken to his likely successor, Andy Burnham, as well as Tory leader Kemi Badenoch and Farage to ""urge everybody to come together"". Paying tribute, former Tory MP Edwina Currie described Widdecombe as a ""brilliant"" and ""articulate"" woman. ""Yesterday was one of the worst days many of us had experienced,"" she told BBC's Today Programme on Saturday. ""Then to find she had been killed, it was just absolutely awful. I still feel absolutely devastated by it."" ""Underneath a lot of the hard shell, I think she was a very kind woman,"" she added. Broadcaster and former MP Gyles Brandreth, described his long-time friend who he had met at Oxford University in 1967 as ""fun"" and ""feisty even then"". ""What was great about Ann is you could disagree with her - and I disagreed with her on so many issues, more and more as the years went by,"" he said, adding once it was over they would ""have a drink and have a laugh about it""."
c459bf37-c397-49ac-8f70-8fee7e91fe80,https://www.bbc.com/news/articles/c24ye7ll390o,2026-07-13,Four teenagers due in court charged with rape,"Four teenagers are due to appear in court after a woman was raped at a property, police said. They were arrested and charged on Thursday after a report on an incident, that happened in Weston-super-Mare on 21 June, was made to police. They then appeared at Taunton Magistrates' Court on 11 July. Tommy Campbell, 19, and Rio Welling, 18, from Weston-super-Mare are due to appear at Bristol Crown Court on 10 August and two 17-year-old boys, who cannot be named because of their age, are due to appear at Taunton Magistrates' Court on 13 July. Avon and Somerset Police said the victim is being supported by specially trained officers who will continue to provide her with as much support as she needs. The four people charged are as follows: Det Insp Natalie Thatcher said: ""Our investigation into this incredibly serious incident has been taking place over the past few weeks and the charges authorised by the Crown Prosecution Service are a significant milestone. ""We are aware the co-ordinated pre-planned arrest attempts across Weston and Worle on Thursday did cause some local concern, which is why we wanted to be transparent around why they were necessary. ""We would like to thank people for their patience while those inquiries were carried out."" Campbell and the two 17-year-olds will be held in custody until they are due in court. Welling has been released from custody on conditional court bail. None of the four have entered a plea. Follow BBC Bristol on Facebook , X and Instagram . Send your story ideas to us on email or via WhatsApp on 0800 313 4630 ."
7252e110-9b01-44c4-9bba-23bf27936371,https://www.bbc.com/news/articles/ckg55v9e2y9o,2026-07-13,Will Trump Accounts deliver for American children?,"The launch of Trump Accounts, the new savings scheme aimed at encouraging investing among American children, was marked with an historic ringing of the Wall Street opening bell in the Oval Office this week. But not everyone is convinced the project will prove a success in giving new generations a stake in the so-called American dream, with sceptics suggesting that it will not live up to the hype. The savings accounts are now available to all US children under the age of 18, with babies born between 2025 and 2028 qualifying for a $1,000 contribution to kickstart savings. The move comes as the cost of living remains a major issue ahead of November's mid-term elections, but tax experts told the BBC families on lower incomes could lose out and that the scheme is too complicated. The accounts named after the president are available nationwide and can be created for anyone under the age of 18 with a valid social security number. Parents can simply download the app. Families, friends and employers can contribute up to $5,000 per year per child, who can access the funds when they turn 18. By law, the money must be invested in a low-cost index fund designed for long-term growth. But while the money grows tax free, withdrawals are subject to taxes and a possible 10% penalty if made before the age of 59 and a half. To avoid such a penalty, the money must be assigned to pay for certain things, such as higher education, buying or building a first home, or for personal emergency expenses. Trump Accounts add to other existing tax-efficient savings schemes that Americans can use for retirement, such as IRAs, or for educational purposes, such as 529 plans, which parents use to save for their children's college fees. According to a Congress report, Trump Accounts are a new form of traditional individual retirement account (IRA), but differ because of certain rules. While the White House has been keen to push the scheme, reaction to it has been split. The White House's argument is that Trump Accounts offer millions of children a way into stock ownership in the US, which it says has historically been ""unevenly distributed, with many households - especially younger and lower‑income families - having little or no exposure"". However, Will McBride, chief economist at the Tax Foundation think tank, says the scheme is too complicated to sign up to, which will lead, in his view to a ""minority that benefits"". He suggests those that will take advantage will be the parents of children who are ""relatively well-informed, relatively well-off, relatively tuned in [and] have their act together"". However, Andy Blocker, head of policy, regulatory and government relations at financial services firm Edward Jones, believes the $1,000 contribution for babies born during Trump's second term in office will remove a ""barrier of having nothing to start with"". ""If by year-end more families have a clear on-ramp to begin saving and investing for their children's financial futures, that's success,"" he suggests. Adam Michel, director of tax policy studies at the Cato Institute, says the idea of the scheme is admirable, but warns it might ""not live up to the rhetoric"". He says the main benefit is the $1,000 starting subsidy but suggests many families would be better off using existing savings accounts. He also points out barriers such as penalties for early withdrawal, as seen for other savings accounts, adding that lower-income children may feel compelled to take the money out when they turn 18 to ""help make ends meet"", and therefore have to pay a penalty. ""Trump Accounts do not fix that problem."" It is understood some six million families​ had signed up before Trump Accounts went live on 4 July, which is a fraction of the tens of millions of children who could be eligible for one. The White House said on Monday that the $1,000 subsidy for babies had been deposited into more than half a million accounts so far. About 3.6 million children were born in the US in 2025, according to provisional data. At the end of this week, the White House said that American families had ""contributed nearly $125 million to Trump Accounts"" so far . Trump Accounts estimates the $1,000 starting pot could rise to $6,000 by the time a child reaches 18 even without any further contributions. Its calculations are based on historical S&P 500 averages, but it warns actual results may differ and are not guaranteed. If $250 a year was added to a child's account, the pot could be worth $19,000 by the time they turn 18, according to the scheme. It could be as high as $271,000 if family members or employers contribute the maximum $5,000 a year. The scheme has the backing of some big business names, including investment giant BlackRock, which said about 40% of Americans have no exposure to financial markets. Several US companies, including card payment giant Visa and tech company Dell, have also pledged support for the scheme."
0131b129-751f-4b07-bbe3-4564b4f6deb9,https://www.bbc.com/news/articles/cy9r7lepr5yo,2026-07-13,Motorcyclist dies after two-vehicle collision,"A 20-year-old man from Poleglass has died after he was involved in a two-vehicle crash in west Belfast last week. Motorcyclist TJ Kennedy was taken to hospital for treatment to serious injuries following the collision, but police said he died as a result of his injuries on Saturday. The collision, between a blue Volkswagen Touran and silver Yamaha Tracer, happened on the Shaw's Road at about 18.00 BST last Sunday. No other injuries were reported. Police are urging anyone who may have witnessed the collision to come forward."
edd8a766-3137-4e54-8726-2b140a46f9c8,https://www.bbc.com/news/articles/c0eyv1xn1xvo,2026-07-13,Road to re-open after landslip eight months ago,"A road closed after a landslip left it partially hanging without support will re-open now repairs have been completed. The A592 at High Kingate - halfway between Troutbeck and the Kirkstone Inn, just before the start of the Kirkstone Pass - will open again on 17 July. The Lake District road was closed after the landslip in November, which Westmorland and Furness Council said was caused by heavy rainfall. Liberal Democrats cabinet member for Highways and ICT, Cllr Peter Thornton, said: ""We would like to thank those communities, parish councils and businesses for their support and patience."" He said the local authority had tried to repair the road in time for the school summer holidays, ""which is obviously peak season for tourism"". The repair involved rebuilding and strengthening the banking which collapsed using steel bars to reinforce it, as well as a steel mesh to help stabilise the surface, which is hoped to prevent future landslips. Thornton said: ""The project started in the depths of the winter and as anyone who knows this location will understand, it is very narrow, with steep banking above and below, and it's not the easiest place to access. ""But it is also a very well used route, both for local traffic and by tourists accessing Kirkstone Pass and the wonderful attractions in the Ullswater Valley, so it was important for us to try to get it re-opened as quickly as possible."" Follow BBC Cumbria on X , Facebook , Nextdoor and Instagram ."
cf717139-d12e-4a6b-be7b-9198ffa9d6ff,https://www.bbc.com/news/articles/c4gyk6p4nk9o,2026-07-13,Sensory room opened for young hospital patients,"A sensory bay has opened in an accident and emergency department in Derby to help families who find hospital environments overwhelming. The new space has been created at the Children's Emergency Department at Royal Derby Hospital by Derby and Burton Hospitals Charity using £10,000 of donations and fundraising. The charity said by having young patients feel calmer and more comfortable, it makes it easier for clinicians to deliver care. A charity spokesperson said the bay was ""designed to reduce anxiety and sensory overload"" for neurodivergent and other children, using adaptable lighting, a light tunnel with music, projectors to display stars on the ceiling and floor, and changeable slides to suit each child's needs. Sensory toys and visual cue cards are also provided. Jill Matthews, the charity's chief officer, said: ""Thank you to everybody who donated to allow us to install the sensory bay. ""Our charity exists to enhance the patient experience and it's clear from the feedback received so far that this new addition has been so very gratefully received and it will continue to make a difference to young patients and their families for years to come."" The project forms part of wider work to improve inclusion and accessibility within children's emergency care in Derby. Dr Andrew Seggie, who championed the project during his time at the hospital, said: ""What I'm most proud of is that this work outlasted my time here. ""It's embedded in the team and still growing - that's what good quality improvement looks like."" Listen to BBC Radio Derby on Sounds and follow BBC Derby on Facebook , on X , or on Instagram . Send your story ideas to eastmidsnews@bbc.co.uk or via WhatsApp on 0808 100 2210."
4c5b8bda-392c-4d19-adf9-90d7561c3920,https://www.bbc.com/news/articles/cvgj2prd4p8o,2026-07-13,"South Africa says more than 53,000 foreigners deported in migration campaign","The South African government says more than 53,000 foreign nationals have been deported or repatriated since launching a ""migration management"" campaign five weeks ago. Most were from Malawi, Zimbabwe, and Mozambique, officials say, and the number is likely to rise as repatriations and deportations continue. South Africa is carrying out one of its biggest crackdowns on undocumented migrants in years, following weeks of anti-immigration protests that have seen violence, intimidation and looting. Protesters have been demanding tighter border controls and mass deportations, accusing migrants of contributing to high unemployment, rising crime rates and collapse of public services. The UN has warned against using migrants as scapegoats for South Africa's socioeconomic challenges. Anti-migrant activists have threatened to stage weekly protests to pressure the government until their demands are met, and there are fears the protests could turn violent. The demonstrators had set an ""unofficial deadline"" of 30 June for all undocumented migrants to leave the country, which has seen many foreigners leave to escape violence and intimidation. Several countries, including Ghana, Nigeria, Uganda and Kenya, have flown their citizens home in recent weeks. Justice and Constitutional Development Minister Mmamoloko Kubayi announced on Sunday that 53,499 foreign nationals have been processed for deportation and repatriation, ""which is dominated by the Malawians, followed by Zimbabweans and Mozambicans"". ""We are striving to achieve an orderly and regular migration which is mindful and sensitive to the concerns raised by our people, while observing human rights and dignity of all people in our country, irrespective of their citizenship and immigration status,"" Kubayi told a news conference in Pretoria. She said the repatriation and deportation process has helped them catch people who were wanted by the police for alleged criminal activity. Authorities will continue to enforce its immigration laws, she added, but warned that protesters should not conduct unauthorised searches of homes and businesses that are suspected of sheltering undocumented migrants. South Africa's President Cyril Ramaphosa has acknowledged public concerns about immigration but has condemned attacks against migrants, warning citizens against taking the law into their own hands. South Africa is the continent's wealthiest nation and has long attracted migrants searching for better economic opportunities, some of whom enter the illegally."
cd1ac706-5a7e-4e4a-ab9d-70baa8aeacc5,https://www.bbc.com/news/articles/cq81l5gj54zo,2026-07-13,Two men die trying to help children in sea,"Two men who went into the sea to help two children have died, police said. Cleveland Police said it was called to Seaton Carew beach in Hartlepool at 15:45 BST following reports of two children getting into difficulty in the water. The force said the men had gone into the water and the RNLI brought them out. Both men were pronounced dead a short time later. The children were taken to hospital to be checked over and are confirmed to be safe, the force said. Labour Hartlepool MP Jonathan Brash said the town had suffered a ""heartbreaking tragedy"". The Cleveland force said the deaths were not being treated as suspicious and a file would be prepared for the coroner. It also said specially trained officers were supporting both the men's families. Supt Glen Wand said: ""Our deepest sympathies go out to the families of both the men involved in this tragic incident today."" Brash added: ""There are no words that can lessen the pain their families, friends and loved ones are now experiencing. ""My thoughts are with them all, and I know the whole town will be holding them close in our hearts at this tragic time."" Conservative Stockton West MP Matt Vickers said: ""My thoughts are with the families of the men who lost their lives, and with everyone affected by this truly tragic incident."" Follow BBC Tees on X, Facebook , Nextdoor and Instagram ."
410d36b4-18c6-4bc2-90e8-50f5f7ba135a,https://www.bbc.com/news/articles/cn07j0086l9o,2026-07-13,Plans for 160 homes on outskirts of village,"Plans have been submitted for 160 homes on the outskirts of Breadsall Hilltop in Derbyshire. Wheeldon Brothers Ltd is seeking outline planning permission for land to the north of Hungerhill Close. The proposed development is set to include 72 affordable dwellings, planning documents submitted to Erewash Borough Council said. Documents prepared by the applicant said the 5.78 hectare (14.28 acre) site was ""well-positioned to support sustainable travel patterns"" and offered ""good access to local amenities"". The agricultural land is bordered by the Great Northern Greenway to the north and would be accessed via Hungerhill Close. The application is expected to be considered later this year. Listen to BBC Radio Derby on Sounds and follow BBC Derby on Facebook , on X , or on Instagram . Send your story ideas to eastmidsnews@bbc.co.uk or via WhatsApp on 0808 100 2210."
527274b1-d053-4d42-813f-452cde435dcf,https://www.bbc.com/news/articles/c79y7q3gdljo,2026-07-13,Most Cornwall Council-run car parks to go cashless,"A number of council-run car parks across Cornwall will become cashless, the county's main council has confirmed. People will not be able to pay by cash at a number of Cornwall Council-run car parks from 1 August, a move the authority said it believed would save about £80,000 a year. It said drivers would continue to be able to pay for parking at payment machines using a debit or credit card, contactless payment or mobile phone. The council said nearly  90% of transactions were made by card payments, through the JustPark app or the Buzzpay website. But it added cash payments would continue to be accepted in one car park in each community. Dan Rogerson, Cornwall Council cabinet member for transport, said it cost about £100,000 a year to collect, transport and process cash from the 138 council car parks which accepted all payment options. ""This is money that could be far better spent on maintaining our car parks and wider highway network,"" he said. He added: ""Most pay by card, online or with their mobile phone, [but] about 12% pay by cash, which is why we'll be keeping that option in 43 car parks across Cornwall ."" ""We've reviewed cash usage levels, accessibility and location to ensure that drivers who want to pay by cash can continue to do so in each town, in Truro and at other locations where we have just the one car park."" Follow BBC Cornwall on X , Facebook and Instagram . Send your story ideas to spotlight@bbc.co.uk ."
ce5729de-3df5-4488-83aa-810761d7530b,https://www.bbc.com/news/articles/c5yz1vlr909o,2026-07-13,Free tennis and pickleball courts for all this summer,"Free tennis and pickleball return to Worcester for the summer holidays - with 385 hours of racket time available at two of the city's parks. Residents will have access to four tennis courts and four pickleball courts at Cripplegate Park as well as two tennis courts at Gheluvelt Park. Worcester City Council said the aim is to give people of all ages and abilities the chance to pick up a racket and get active, as it funds the initiative for a sixth year. Councillor Jabbar Riaz said: ""With Wimbledon inspiring people to play tennis across the country, now is the perfect time to give it a go."" He added: ""We want to make it as easy as possible for residents to get active, spend time outdoors and make use of the excellent facilities available in the city. ""The response to the free sessions last year was outstanding, and we're delighted to be bringing them back for another summer."" The scheme is open to regular players and even those who have never picked up a racket before. The courts can be booked on Wednesdays from 15 July to 12 August between 15:00 and 20:00 BST. They can also be booked on Saturday and Sundays from 18 July to 16 August between 14:00 and 18:00 BST. Booking online is mandatory, added the council. Follow BBC Hereford & Worcester on BBC Sounds , Facebook , X and Instagram ."
33ed78b1-4b51-45c5-9e7e-bbbf8d8619eb,https://www.bbc.com/news/articles/c1my1gx43xzo,2026-07-13,Football chairman fears intruders will return,"A football club's chairman has said volunteers had to stand guard for three days after a group using about 20 caravans gained access to its sports field. Nigel Armes, chairman of Thetford Town FC, said piles of litter were left strewn across five pitches after the break-in on 3 July. He now fears the group, suspected to be travellers, will return and cause disruption to the club's activities. They left the site off Mundford Road on Sunday and Norfolk Police said it was investigating whether any criminal damage was caused. It is understood a gate between Breckland Leisure Centre and the football club was broken when the group gained access to the pitches. Volunteers, including the club's coaches, guarded the first team's ground while the intruders were nearby. ""You put all the effort in for a group of maybe 60 or 70 people to just trash what you've done,"" Armes said. ""We always fear they will return and just create a site like it again."" The club spent about £5,000 reseeding the pitches, which it maintains and cuts weekly. Members filled several trailers with rubbish left at the site during a day-long clean-up operation, including a car seat, cans and dirty nappies. ""It does feel pretty sickening getting a group of people just to destroy or trying to destroy what you've worked on all year,"" Armes added. The incident also led to a Parkrun event at the leisure centre being cancelled. Similar break-ins happened at Norwich Rugby Club and Wymondham Town FC in 2025. Thetford Town is now considering the installation of height restriction barriers to make its site more secure. A spokeswoman for Breckland Council said its enforcement agents had visited the site and served the intruders a notice, instructing them to leave. Under the Police, Crime, Sentencing and Courts Act 2022, trespassers who set up camp illegally could face up to three months in prison or a fine of up to £2,500. A spokesman for Norfolk Police said officers ""engaged with the individuals on site"" in Thetford and were investigating a report of criminal damage. Norfolk County Council manages two traveller sites - in Swaffham and King's Lynn - and says there is ""considerable demand"" for pitches. Planning permission for a new site in West Dereham, Norfolk, was refused by King's Lynn and West Norfolk Borough Council in March 2025. Do you have a story suggestion for Norfolk? Contact us below. Follow Norfolk news on BBC Sounds , Facebook , Instagram and X ."
5734ceb9-d782-4a80-a885-c5157666407b,https://www.bbc.com/news/articles/cg53lj8vzg9o,2026-07-13,Scholarship students 'abandoned' as fees left unpaid,"A group of masters students from Ghana say they have been unable to graduate from Loughborough University after the Ghanian government failed to pay their tuition fees. The six students completed studies, in Leicestershire, in September as part of a scholarship programme, but have not been allowed to receive their certificates. Loughborough University, which said it was following the organisation's regulations, said its ""repeated efforts"" to resolve the matter with the Ghana Scholarship Secretariat (GSS) had ""not been successful"". The GSS did not respond to the BBC's request for comment. The students say the mental toll of the situation during their studies had been ""enormous"". Noah Krah, who studied towards a masters in construction management, said the GSS was supposed to send funds to cover the students' living costs as well as tuition fees. The students said the GSS was meant to pay about £29,000 per student. ""I have been in contact with them. I have written petitions, I have written letters, I have had meetings both physically and virtually but still, to no avail. ""This situation is still pending, my tuition fees remain unpaid,"" Krah said. The 26-year-old said he had hoped to return to his home in Ghana and ""give back"" to his country with the qualification he studied towards. Emmanuel Boakye, 25, who studied a masters in data science, said he completed his academic requirements ""believing [his] government would honour its commitment"". Instead, he said he had been ""abandoned"", and like others in his situation, was relying on the support of friends, family and local churches to make ends meet. ""It is emotionally exhausting to realise that months of sacrifice and academic effort may amount to nothing through something entirely out of my control,"" he said. The students held a peaceful protest outside the Ghana High Commission in London on Tuesday. Krah said he and his fellow students were still awaiting answers. The BBC asked the GSS why the fees had not been paid and did not receive a response. A spokesperson for Loughborough University said: ""A small number of Ghanaian students at the university have been affected by the non-payment of their tuition fees by the Ghana Scholarship Secretariat (GSS) for an extended period of time. ""The university has made repeated efforts to resolve this matter directly with GSS, but to date these have not been successful. ""In line with university regulations, students with outstanding tuition fees are unable to be conferred with their degrees. ""We recognise the difficult position this places the students in and have been actively supporting them by providing advice and guidance on the options available to them. ""We continue to engage with the GSS in an effort to resolve this matter as quickly as possible, both in the interests of the students and the university."" Listen to BBC Radio Leicester on Sounds and follow BBC Leicester on Facebook , on X , or on Instagram . Send your story ideas to eastmidsnews@bbc.co.uk or via WhatsApp on 0808 100 2210."
a8da432f-fdac-4cb7-b882-4f04b7c45bf7,https://www.bbc.com/news/articles/c4gyn40jr9no,2026-07-13,Tortoise that weighs 40kg is looking for new home,"A teenage tortoise that weighs a mega 40kg (6st 4lb) is looking for a new home after outgrowing its owner. Sixteen-year-old Theo was put on show at the Norfolk Tortoise Club's open day in Hethersett on Saturday. The African spurred tortoise, which likes to hide under sheds, was last under the group's care 15 years ago, when it helped to rehome him. ""He's getting towards being a young adult, so in human years he's a similar sort of age,"" said animal welfare consultant Thomas Griffiths. ""Soon he'll start to realise that he likes girls."" Visitors met with Theo and other tortoises available for adoption during the open day. They were told he had grown too big for his previous owner, who had otherwise cared for him well. African spurred tortoises, also known as sulcata, are the largest species of tortoise in Africa. They typically reach up to 45kg in weight, although the largest on record was 83cm long (33in) and 105.5kg (16st 8lb). Do you have a story suggestion for Norfolk? Contact us below. Follow Norfolk news on BBC Sounds , Facebook , Instagram and X ."
237c7acc-dbe9-40c8-8583-1391e8c2ac97,https://www.bbc.com/news/articles/cly0l5d5xn7o,2026-07-13,How Aldi is taking on US supermarkets with its $4 almond butter,"When Mary Porter walked into Manhattan's newest Aldi store hunting for bargains, the long-time resident found what she considered a retail miracle in plain sight: a $4 jar of almond butter that costs $22 in her own neighbourhood. ""Aldi has the reputation for being inexpensive, so I thought I would come and check it out, and by golly, it is amazing,"" Porter, 79, told the BBC, marvelling at the savings alongside the fresh spinach and organic raspberries filling her basket. To the unassuming passer-by, the storefront is completely hidden, tucked away in an underground car park beneath The Ellery, a luxury apartment complex where the cheapest rent starts at nearly $5,000 (£3,725) a month. In fact, the building's own website completely omits the grocer from its curated online neighbourhood guide, choosing instead to highlight pricier nearby options like Whole Foods and Brooklyn Fare. But step past the luxury façade into the basement, and the quiet disappears. Even on an early Tuesday afternoon in July, the brightly lit, bustling space hums with high energy as a lunchtime crowd of New Yorkers tightly navigates the narrow aisles with oversized canvas bags. Porter's discovery is part of Aldi's $9bn US expansion plan to add 800 new stores over five years, specifically targeting dense urban hubs like Manhattan. It marks a massive scale-up for the German supermarket, which first entered the US in 1976 and has steadily grown its footprint to nearly 2,800 storefronts. The aggressive real estate blitz signals a bold shift for a brand traditionally associated with suburban strip malls and lower-end consumers. Incumbent US grocers may look with some concern at the insurgency Aldi pulled off since it entered the UK market in the 1990s. Alongside fellow German supermarket Lidl, Aldi picked up huge swathes of the market by offering cheaper prices for high-quality goods. The traditional ""big four"" grocers at the time - Tesco, Sainsbury's, Asda and Morrisons - were slow to respond to the new competition, leaving the challengers to gradually pick off their shoppers. Today, Aldi is the UK's fourth biggest grocer, commanding 10.8% of the market. Its rapid growth is being mirrored across Europe, its rise aided by easing perceptions of it as a strictly lower cost grocer as shoppers became increasingly impressed by the quality of its products. The cost of living crisis of the 2020s further fuelled its ascent. However, while Aldi is rapidly ascending the ranks of American grocery consciousness, it is not, and may never aim to be, Walmart. Aldi currently holds just 2.9% of the US grocery pie, while Walmart controls about 20%. Yet analysts say that staying smaller is precisely how Aldi wins. Data from location analytics firm Placer.ai reveals Aldi is capturing middle- and higher-income shoppers with household incomes between $75,000 and $125,000. Years of persistent inflation have forced wealthier households to aggressively seek cheaper supermarkets. ""Those shoppers have started to trade off a visit to a conventional grocery store or a quick service restaurant and started to go into Aldi more frequently,"" RJ Hottovy, Placer.ai's head of analytical research, told the BBC. ""They're looking for ways to stretch their household budget."" For some urban commuters, the new city location offers a better experience than older formats. Kelvin Dozier, who usually shops at an Aldi in Brooklyn, recently started visiting the Manhattan location right across from his office for convenience. ""The one here - it's brighter,"" Dozier told the BBC, noting the fresh sweet navel oranges in his basket. ""The one in Brooklyn is a little smaller. It almost seems temporary, but here it looks like a permanent location."" Still, winning over city slickers accustomed to premium brands remains an uphill battle. Ralph Montenegro, visiting Aldi for the first time, remained fiercely loyal to competitors. ""It has more variety than say Target,"" Montenegro said, praising the prices on staples like flour and fruit, though he noted he still prefers Trader Joe's. He added that Aldi's heavy reliance on packaged, private-label processed foods was a detractor compared to the natural organic options he prefers. This strict reliance on limited, private labels is exactly what keeps Aldi's overheads low, according to Dustin York, an associate professor of communication at Maryville University. He says that Aldi targets a lean, highly efficient model that provides about 80% of what a traditional big-box retailer carries, but at a much lower cost. Still, York argues it is unlikely that Aldi will take dramatic market share from Walmart, because the retail giant is simply too massive. ""I call Walmart the battleship, and I call Aldi a kind of submarine."" But navigating those crowded waters can bring a distinct financial hazard. ""Their biggest kryptonite is real estate cost,"" York warned, pointing to a brutal Manhattan retail landscape where average asking rents are between $350 and $700 per square foot. In addition to high rents, Manhattan's roads provide another challenge. Speaking on Bloomberg's Odd Lots podcast, Aldi's US chief commercial officer Scott Patton detailed that supplying the Manhattan store requires trucking inventory in from South Windsor, Connecticut, using shorter, specialised trucks to navigate tight city streets. ""We come at night because of the congestion,"" Patton said, noting that each truck requires a two-driver team to handle the city's turning radiuses. One driver watches for blind spots while the other unloads the groceries. To keep shelves in the Manhattan location stocked, Aldi runs three to four of these trips every night, calling the operation a ""logistical symphony"". Because of those structural constraints, beating America's largest retailer is nearly impossible, says Jerry Sheldon, a retail analyst at IHL Group. ""The reason Aldi cannot simply out-discount its way to the throne is that Walmart fights with a war chest and Aldi fights with a scalpel,"" Sheldon explained. Walmart pours more than $20bn a year into its business, the bulk of it into technology, automation, and its supply chain, with robots moving product through its warehouses and AI setting its forecasts on delivery routes. Furthermore, Sheldon points out that Walmart earns billions from things like advertising and membership, which Aldi does not. ""Aldi is a brilliant single-purpose machine, while Walmart is a money machine that happens to sell groceries cheaply. That gap is the whole ballgame,"" Sheldon said. For shoppers like Mary Porter, the corporate chess match matters less than the immediate relief to her wallet. ""I get on the subway with my big bag and go home with my cheap groceries. I mean, I'm so happy. This is amazing,"" Porter said. Additional reporting by Archie Mitchell"
68c5af28-3659-4a0c-88c9-8f394fc9d81c,https://www.bbc.com/news/articles/cx2wz34lwe5o,2026-07-13,Big Picture: This week's images from the South,"Our Weather Watchers have been out and about capturing images from across the south of England. Join us as we take a few moments to relax and enjoy the beauty of Oxfordshire, Berkshire, Dorset, Hampshire and the Isle of Wight through the pictures that have been sent to us over the past seven days. Upload your images via BBC Weather Watchers or email us at southweather@bbc.co.uk . How to submit a picture Upload your images via BBC Weather Watchers or email us at southweather@bbc.co.uk . For inspiration, view some top tips from three of England's Big Picture photographers. When emailing pictures, please make sure you include the following information: Please note that while we welcome all your pictures, we are more likely to use those which have been taken in the past week. Archive Pictures can be found on Instagram , on the hashtags #bbcsouthnews and #BigPicture Terms and conditions If you submit a picture, you do so in accordance with the BBC's Terms and Conditions and the BBC's privacy policy . In contributing to the South's Big Picture you agree to grant us a royalty-free, non-exclusive licence to publish and otherwise use the material in any way that we want, and in any media worldwide. It's important to note, however, that you still own the copyright to everything you contribute and that if your image is accepted, we will publish your name alongside. The BBC cannot guarantee that all pictures will be used and we reserve the right to edit your comments. At no time should you endanger yourself or others, take any unnecessary risks or infringe any laws while collecting any kind of media. Follow BBC South on Facebook , X , or Instagram . Send your story ideas to south.newsonline@bbc.co.uk or via WhatsApp on 0808 100 2240 ."
1d59bd09-d0f7-44ba-80dc-0262789d076f,https://www.bbc.com/news/articles/c05yr51e72yo,2026-07-13,Kane's stardom no surprise to ex-Norway midfielder,"Former Norway midfielder Alex Tettey said confidence is high ahead of his nation's World Cup clash with England – as long as his former Norwich City team-mate Harry Kane is kept quiet. The Scandinavians are on a high for the quarter-final in Miami at 22:00 BST on Saturday, having beaten Brazil 2-0 thanks to goals from talisman Erling Haaland. But the Three Lions are also rejuvenated after an epic 3-2 win in Mexico in which star striker Kane scored one and set up another. The England skipper had a loan spell at Norwich as a youngster that was disrupted by injury, but Tettey recalled: ""I still remember how well he struck the ball and how well he could finish."" Although he failed to score in the Premier League for the Canaries during 2012-13, Kane has gone on to become a world-class player and England's record goalscorer. Tettey, 40, said: ""I wasn't surprised at all when he started becoming the striker he is now, as he had some attributes already as a young man that were incredible to see. ""So yeah, he's top, top, top. He has the eye for the goal but he also – with the way he's been playing at Bayern Munich and with the national team – can drop deep; he can all of a sudden be a midfielder who dictates things, he can score goals. ""So he's going to be a man that Norway definitely shouldn't give opportunities to."" Tettey spent nine seasons with Norwich, becoming the only player to enjoy three promotions with the Norfolk club as he made 263 appearances . He is now a coach back home in Norway with another of his former clubs, Rosenborg, where he had a brief stint as interim first-team manager earlier this year. The Canaries legend said Norwegian fans were ""buzzing"" but also ""calm and chilled"" as their team has already surpassed expectation in reaching the quarter-finals of the World Cup for the first time. More stories from Norfolk England are fourth in the Fifa men's rankings and Norway 19th but Tettey said it was difficult to predict who would come out on top. ""It's going to be a different kind of game than against Brazil ,"" he added, speaking to BBC Radio Norfolk sports editor Phil Daley. ""There are some tactical aspects going through this game. Can England stop Haaland? Can England stop [Martin] Odegaard dictating the game? ""Can the Norwegian team stop Harry Kane from both getting chances, dictating the game? Can they stop Jude Bellingham going through the box? ""There's a lot of tactical dimensions going through this."" The victor will go on to play either Argentina or Switzerland in Atlanta on Wednesday (20:00 BST) in the semi-finals. Do you have a story suggestion for Norfolk? Contact us below. Follow Norfolk news on BBC Sounds , Facebook , Instagram and X ."
f7c3fb06-ff6f-43db-9b20-b82ef221390a,https://www.bbc.com/news/articles/cj4p75lldgvo,2026-07-13,Why wellness is booming at festivals in the UK,"Smelly outside toilets, muddy fields, day drinking and not sleeping might sound like a familiar festival experience to many. But, as people spend more money on activities that improve their wellbeing - it is a multi-trillion pound industry - music events are dedicating spaces to things like yoga classes and wood-fired saunas, to appeal to festival-goers. Worth more than £160bn, the UK's wellness industry is continuing to grow in 2026 and the average consumer spent about a third more in 2024 than five years before that, according to the Global Wellness Institute. Organisers of the Boardmasters festival, in Newquay, Cornwall, said they have seen a massive shift in demand for wellness, as attendees seek to ""maintain their at-home rituals"" like morning yoga, runs or treatments while at the event. ""Five or 10 years ago, wellness was very much a niche add-on. Now it's a core part of why people come,"" organisers said. Their festival programme has increased over the years to include run clubs, sound baths and Pilates, alongside activities like jewellery and candle-making. They have introduced a boutique spa for 2026 as they said demand for wellbeing activities continued to boom and it will offer treatment tents, facials and aromatherapy as ""moments of serenity"" for festival-goers. Attendees were increasingly looking for experiences that were not just about partying but where they could ""recharge and reconnect"" with their wellbeing, organisers said. ""People want both the euphoria of a headline set and the calm of a cliffside yoga session the next morning,"" they added. Lizzy McNamara, from Pembrokeshire, Wales, took part in Boardmasters' run club last year to have a bit of a ""normal routine"" while camping at the festival. The club ran for three days, run by travel company Run Weekends and McNamara described it as ""welcoming"" and ""lovely with great vibes"" as everyone ran together at a slow pace. She said running with the club meant she had done something positive for her body ""in a weekend of little sleep and festival food"". ""I don't drink alcohol so it was such a lovely way to spend a morning when others were feeling groggy,"" she said. Brits are choosing to prioritise wellness as they become more aware of the risks of poor diets and sedentary health , global market insights provider Innova claimed. Social media had increased access to health information and the trends were being driven by a ""desire for emotional stability, weight loss and disease prevention"", a spokesperson added. To make health retreats ""easily achievable"", Alex Hyde and Sam Carter-Smith hosted the OneRetreat Wellness in Birmingham, a one-day festival with exercise classes, sauna sessions and professional talks. The pair cofounded the event as they said they noticed a ""massively growing demand"" for in-person retreat weekends as attendees made more space for wellness. ""People are on their phones all the time and online events are harder to sell, they want to see real faces in real life,"" Hyde said. Although wellness appears to have never been more popular, there have been enthusiasts in the industry for decades. The Mind Body Spirit Festival was founded in 1977 in London to show the ""inter-relatedness"" of the mind, body and spirit while organisers said they tried to change the public's attitude ""and perception of themselves in the world"". Its key highlights were a meditation sanctuary, vegetarian restaurant and ""psychic"" readings, organised by the British Astrological Society and Psychic Society. Nowadays, more than 30,000 people attend their festival every year, held in London and Birmingham, with exhibitors selling organic food, crystals, homemade products and supplements. ""People have become a lot more aware of their own wellness in the last five years as they submerge themselves in health and wellbeing markets,"" event organisers said. They claimed they have noticed attendees who feel anxious and depressed leave the festival feeling ""inspired and motivated"" with the ""answer they came for"". Follow BBC Birmingham on BBC Sounds , Facebook , X and Instagram ."
3b21274d-7555-42bc-9a67-edd9d24b66ef,https://www.bbc.com/news/articles/cgjx9zdgldgo,2026-07-13,Test your news knowledge with our weekly quiz,Follow BBC North East on X and Facebook and BBC Cumbria on X and Facebook and both on Nextdoor and Instagram .
b739676a-652d-4b0a-ac52-4b6d4ff48d89,https://www.bbc.com/news/articles/cy8w6d071qeo,2026-07-13,Council considers allowing 5G kit on lampposts,"Councillors in Devon are due to debate whether 5G equipment should be installed on lampposts owned by the authority for a fee. The proposals, outlined on a cabinet meeting agenda, are for a change in policy to allow the kit on ""furniture"" owned by Devon County Council, including lampposts. Council officers have said the council could earn £300-£350 a year for each lamppost. The issue was first raised in 2019, when it was subject to health concerns, while a subsequent council review said although further research was needed, current evidence supported ""no adverse health affects due to low-level radiofrequency fields used by 5G"". The cabinet report also outlined the economic benefits of better 5G availability. While the proposals are focused on smaller equipment for now, the report noted that even more cash could be earned if larger equipment were to be installed on buildings or bridges it owns, with estimated ranges between £1,750-£7,000 per year. While Devon County Council is not technically the planning authority, regulations do allow it to rubber stamp permitted development on structures it owns. A draft policy for such a move will be debated by the cabinet on Wednesday 15 July. ""Enabling Mobile Network Operators (MNOs) to use council-owned assets, such as street lighting columns and bridges and even potentially rural sites such as county farms [owned by Devon County Council], could encourage commercial investment in rolling out 5G,"" the report stated. Follow BBC Devon on X , Facebook and Instagram . Send your story ideas to spotlight@bbc.co.uk ."
04374dcb-3d44-46a0-b068-bc3b38dfb26e,https://www.bbc.com/news/articles/cz6v58192ydo,2026-07-13,'We don't need a title to be a town of culture',"Several towns have missed out on the chance to become the UK's first Town of Culture 2028. Earlier this week the government announced a shortlist of 15 locations across the country who could take the inaugural title in 2028. Only Stockton in north-east England and Cumbria made the shortlist despite bids from more than two dozen towns across the region. Labour MP Sam Rushworth who was involved in failed bids for Bishop Auckland and Shildon said: ""We don't need a title to be a town of culture. We will come back together and we will find other ways to achieve our ambitions."" The 15 shortlisted locations have each been given £60,000 to develop their bids, according to the Local Democracy Reporting Service . Out of these towns, the winner will receive £3m to carry out a cultural programme in 2028 and the two other finalists will each receive £250,000 to deliver parts of their proposals. The competition is running alongside the existing UK City of Culture contest which was won by Bradford in 2025. Towns in the North East which were left disappointed with the shortlist included: Alnwick, Amble, Barnard Castle, Bedlington, Berwick-upon-Tweed, Hexham, Peterlee, Shildon, Ashington, Bishop Auckland, Blyth, Cramlington, Jarrow, North Shields, Redcar, Seaham, Stanley, Gateshead, and Hartlepool. Blyth and Ashington Labour MP Ian Lavery admitted it ""was always going to be a huge challenge"" for Ashington, Bedlington or Blyth to be selected. ""But every single person who stepped forward to support, contribute and champion these bids should be incredibly proud,"" he added. The chair of Jarrow's neighbourhood board Susan Wear congratulated Stockton on making the final 15 of the prize. She said: ""We send our hearty congratulations to Stockton, representing the North East on the shortlist, a town that has invested in culture for decades, and will look forward to hearing more about their plans."" Meanwhile Ulverston, Barrow-in-Furness, Kendal, Kirkby Lonsdale, Workington and Maryport failed in their bids from Cumbria . Ulverston Town Council said it felt ""very important"" to put the town forward for the title despite its failure. ""You have to be in it to win it!"" it said in a statement. Follow BBC North East on X and Facebook and BBC Cumbria on X and Facebook and both on Nextdoor and Instagram ."
8633ef8b-78f5-488e-aaf3-c105a6ec8eb5,https://www.bbc.com/news/articles/cgrk7v444q0o,2026-07-13,Dance event has 'massive effect' on mental health,"A woman taking part in a dance fundraiser for a mental health charity said it has had a ""massive effect"" helping people. Nicola Lawrence, 52, is one of the contestants for the 2026 Strictly Brackley competition which raises money for the charity Mental Health Friends. It is organised by Step-By-Step dance school and takes place on Saturday at 18:30 BST at Brackley Leisure Centre. Lawrence, from Brackley, who has struggled with her mental health, said: ""If people didn't raise money [for mental health charities] then I might not be here now."" After struggling with the menopause and finding out she was neurodiverse when she was 48,  she benefitted from the support offered to her. ""Two years ago, I could barely get up... I needed help. ""To be able to raise money and help other people feels really lovely,"" she added. Lawrence and her sister-in-law, Natasha Lawrence, are doing the competition to ""step out of their comfort zones"" and try something new. ""It's good exercise - I've smiled and I've got something to do... it is massive the effect it has and how it can help people,"" she explained. Claire Readman founded Mental Health Friends in 2019 after battling depression and social anxiety and recovering from a breakdown. ""I have been in a very deep, dark, place, so if I can make a small difference to one person, that's all that matters,"" she said. The charity helps to create supportive communities to support mental health and prioritises early intervention. It organises drop-ins every Thursday at the Chatty Parrot Cafe in Brackley. Each contestant has a goal of £250 which will go towards mental health as well as the Step-By-Step Arts Foundation. ""There is such little funding, so little support out there and the waiting lists are huge so if we can intervene early on and make a change, that's what matters to me."" Michelle May Hetherington is a contestant and someone with first-hand experience of the positive impact of the charity. She has previously battled addiction but has now been sober for the last seven years. In that time, she has worked on recovery and improved her mental health and said she felt like she owed Claire Readman her life. ""In the addiction, it's quite lonely and you break people's hearts. I have two beautiful children and I can never get those years back. ""I can show them that I've changed and they can be proud of me and they are proud of me,"" she explained. Despite not having danced since she was five years old, the friendly environment has made it less daunting. ""It's like a family, they've all got your back. ""I've gone out of my comfort zone massively and I'm still uncomfortable... but I won't let people down,"" Hetherington added. Neil Cassidy, a builder from Northampton, began competing in local dance competitions in 2023 and is advocating for more men to take part. ""We need more men to apply as contestants...it's good for fitness and good for the head,"" he said. Cassidy said there is a ""stigma"" around male dancers but ""there's lots of people here to support you and help you get involved."" Do you have a story suggestion for Northamptonshire? Contact us below. Follow Northamptonshire news on BBC Sounds , Facebook , Instagram and X ."
fdb6a7ef-4ba2-46d2-b5b2-3066aa3e54fd,https://www.bbc.com/news/articles/cp3xg2zkkv8o,2026-07-13,Wildlife conservation work to get £1m boost,"Beavers, endangered butterflies and birds will be among the species to benefit from a £1.28m government grant. The money has been awarded to the Kent Wildlife Trust, through Natural England's Species Recovery Programme, backed by The Department for Environment, Food and Rural Affairs (Defra). It will be spent on projects on the River Stour, with Kent the home to England's largest population of wild beavers , and ancient woodland at the Blean, near Canterbury. The Trust said the award shows the county's importance in conserving endanged wildlife. Paul Hadaway, director of conservation and engagement, said: ""It gives us the opportunity to strengthen our nationally important beaver population, deepen our understanding of some of England's least known woodland invertebrates, and create the conditions for them to recover and thrive. ""The knowledge we gain here in Kent won't just benefit local wildlife - it will help shape species recovery across England."" The biodiversity of the beaver population will be strengthened with more animals being released, while the trust works with landowners to restore the creatures' habitat. A survey of the Blean will focus on six endangered species that are found there, including the the heath fritillary butterfly, one of the UK's rarest, and the turtle dove. Emma Reynolds, Secretary of State for Environment, Food and Rural Affairs, said: ""Through the largest-ever investment in species recovery, we are backing projects across the country to protect threatened wildlife, restore habitats and secure the future of some of England's most iconic species."" Follow BBC Kent on Facebook , on X , and on Instagram and listen to BBC Radio Kent on Sounds . Send your story ideas to southeasttoday@bbc.co.uk or WhatsApp us on 08081 002250."
2021916a-e1af-4cf3-bd48-675499aadf7e,https://www.bbc.com/news/articles/crelyq79x71o,2026-07-13,"Iran must pledge to stop shooting at ships in Strait of Hormuz, US officials say","The US says Iran must publicly state that the Strait of Hormuz is open and pledge to stop firing on commercial ships. In a briefing for reporters on Friday, US officials said the message to Tehran had been conveyed through regional mediators. It comes after incidents earlier this week in which three commercial tankers were attacked, prompting an exchange of strikes with the US. According to US media, Iran told American officials the shootings were a mistake and blamed a rogue internal group. US President Donald Trump has said the Iranian attacks mean the ceasefire is over, but that talks aimed at ending the war would continue. Iran's Foreign Minister Abbas Araghchi has accused the US of violating the deal. The war began with US and Israeli attacks on 28 February, prompting Iran to attack Israel and US targets and allies in the Gulf. In June, the US and Iran signed a ceasefire agreement where Iran would, in part, give safe passage to commercial ships. Tehran privately acknowledged to Trump's advisers that the recent shooting at ships was a mistake, and that an ""errant"" sect of hardliners was trying to undermine negotiations, senior US officials told CBS News, the BBC's US partner. The incident prompted a series of US strikes on around 90 targets across Iran. On Saturday Iran's Health Ministry said 17 people were killed in the strikes and 115 injured. Iran responded with strikes on US allies in the Gulf. Meanwhile, a delegation from Qatar travelled to Iran on Friday for talks aimed at defusing tensions and easing navigation through the Strait of Hormuz - the vital waterway where some 20% of the world's oil and liquefied natural gas passes. Trump wrote in a post on Truth Social earlier on Friday: ""The Islamic Republic of Iran has asked us to continue 'talks.' ""We have agreed to do so, but the United States has stated to them, in no uncertain terms, that the Cease Fire is OVER!"" It is not clear when those talks will be held. Vice-President JD Vance, Secretary of State Marco Rubio, as well as special US envoys Steve Witkoff and Trump's son-in-law Jared Kushner, are expected to oversee negotiations for the US. According to Iranian media, Araghchi is in Oman for talks with Omani officials. A US official said American technical teams would not be present in Oman, but would be in touch with the Omanis and Qataris as developments occurred. In the early hours of Saturday, Trump also responded to reports that Iran had plans to assassinate him. The US would ""completely decimate and destroy all areas"" of the country in retaliation to such an attack, he said. The Wall Street Journal and other US media reported this week that Israel had shared intelligence with Washington that Iran had recently devised a plan to assassinate the US president. However, Trump denied that Tehran had made a fresh plan or that Israel was the source of any intelligence. He told the New York Post in an interview that he had been ""No. 1 [on Iran's kill list] for a long time"". There were also open calls for Trump's death at the funeral of Iran's late Supreme leader Ayatollah Ali Khamenei , who was killed in an Israeli strike on his residence in Tehran on 28 February. On Saturday, his son and successor, Mojtaba Khamenei, released a written message that said vengeance for his father's killing was ""inevitable"". The ""matter depends neither on my personal existence nor on that of other officials. Whether we are present or not, it will come to pass,"" Khamenei said."
311c3a15-3a03-4bd5-b696-4ae77d9e95f4,https://www.bbc.com/news/articles/crely7g8xepo,2026-07-13,New dinosaur species as long as cricket pitch discovered in Thailand,"Palaeontologists in Thailand say they have discovered a new species of dinosaur from fossils found in Kalasin Province in the country's north-east. The plant-eating dinosaur, named Uragasaurus kalasinensis, is thought to have lived about 150 million years ago. It had an unusually long neck and measured up to 20m (66ft) - roughly the length of a cricket pitch. Dr Apirut Nilpanapan from Thailand's Mahasarakham University, the study's lead author, told BBC Thai that the specimen was part of a large fossil collection from a site first identified in 2008, when a local man found fragments resembling serpent scales. The site where the discovery was made, Phu Noi, contained a wide variety of fossils from the Late Jurassic period. More than 90% of the fossils excavated from the site were dinosaur fragments. When the survey team went to explore the site it found other fossils such as dinosaur teeth and bones. However, the fossil that led to the discovery of the new species was a recovered dorsal vertebra — a bone from the middle or upper back — which showed distinctive characteristics. A CT scan revealed that the dinosaur belonged to the Mamenchisauridae family of sauropod dinosaurs, characterised by their extremely long necks, which likely helped them reach vegetation at different heights. While most fossils from the Mamenchisauridae family have been found in China, this discovery is the first of its kind in Thailand. The scan also revealed unique characteristics, including a Y-shaped arrangement of supporting bones known as laminae. Nilpanapan told BBC Thai the features, in particular a unique air-cavity structure, were ""unlike any other dinosaur in the world... That's what sets it apart"". He said he smashed his computer after realising they had discovered a new species, adding that he felt both ""exhilarated and relieved"". The study was published in the Nature scientific journal earlier this week. In May, it was revealed that a different type of long-necked herbivore dinosaur - the nagatitan - had been identified by scientists from remains dug up in Thailand. The nagatitan is the largest-ever dinosaur found in South-East Asia, weighing 27 tonnes - as much as nine adult Asian elephants - and measured 27m (88ft) in length. Additional reporting by Jiraporn Sricham"
9c5f9641-89fa-4be5-8725-ac1bce7e5c63,https://www.bbc.com/news/articles/cx2vzxpx1wpo,2026-07-13,Schoolgirl's response to being told about dad's terminal cancer,"When Chris Capstick was diagnosed with cancer three years ago, his family made the decision not to use the word c-word in the house. Instead the disease was known as ""daddy's little monsters"" for the benefit of his two youngest children. But in November, Chris, from Bromborough in Wirral, was given the heartbreaking diagnosis at the age of 40 that the cancer was terminal. His wife Lauren said she knew she had to help her children understand what was to come, while not terrifying them about the reality of terminal cancer. ""It was really, really hard,"" said the 30-year-old, who works as an arts coordinator for young people but has taken time away to support her husband. ""Hearing the word terminal…you've kind of got to get yourself ready in a way and prepare yourself. I suppose you start like a grieving process. ""Having a six-year-old and a two-year-old, we didn't really know how to navigate it."" This is when the idea of writing a rhyming storybook with their eldest daughter Isabella, who is now aged six, was born. ""We thought what a great thing to do little cartoon monsters in a way that aren't scary,"" said Lauren. ""The book's very subtle. Isabella doesn't even know the word - we haven't told her that word."" Isabella wanted to write the book from her own perspective with lots of colourful illustrations on each page. ""We actually kept it from Chris,"" said Lauren. ""We didn't tell him about it and we gave it to him on Father's Day. He was speechless. He didn't know what to say. ""He didn't know whether to read it there and then because obviously the front cover said 'Daddy's little monsters' he knows that is what she knows [about the cancer]. ""He just told her how proud he was and we're both so proud of her."" The book project has helped to keep the conversation flowing about how Isabella was feeling. ""It has actually stopped her from closing off emotionally, so she's very, very open with her feelings and questions towards the diagnosis,"" said Lauren. While the book was initially to help their own family, it is now available to buy on Amazon after a family friend suggested that it could also help others facing similar circumstances. ""We just weren't expecting it to blow up, to be honest,"" she said. ""It's been up for a week and she has sold 138 copies."" About one in 29 children and young people aged five to 16 will face a bereavement at some point in their childhood of a parent or sibling, according to the Childhood Bereavement Network. That is roughly one per class. For those diagnosed with cancer, the impact of their diagnosis on families is often one of their biggest worries. June Davis, lead nursing and allied health professional adviser at Macmillan Cancer Support, said there was no right or wrong way to discuss a cancer diagnosis with children. ""People often feel that talking to children will make them worry but it is important to give them the chance to talk openly about their fears and worries,"" she said. ""Parents could also consider using simple language and keeping the information relevant to what is happening now rather than what may happen in the future. ""It's always a good idea to give children the option of asking questions and talking about how they feel."" She said for younger children, it can be helpful to use simple explanations and familiar terms. ""Don't feel you need to cover everything at once but do try to keep the conversation on-going by perhaps saying – 'you can always ask me anything, even if you ask it again',"" she said. ""This can help surface any worries they may have such as, for example, cancer being something that they might catch. ""Reassure them where you can, that their routines will continue."" If you, or someone you know, have been affected by cancer, then you can find more advice on BBC Action Line. Listen to the best of BBC Radio Merseyside on Sounds and follow BBC Merseyside on Facebook , X , and Instagram . You can also send story ideas via Whatsapp to 0808 100 2230."
1c47e6e9-6583-462e-a2df-827f3c993de5,https://www.bbc.com/news/articles/cwyd7x22lp1o,2026-07-13,Indian tourists among 15 killed as speedboat capsizes in Vietnam,"Fifteen people have died after a speedboat carrying Indian tourists capsized near a island in the south of Vietnam, local media report citing regional authorities. They say 32 Indians and four crew were on board the vessel, which overturned about 400 metres (1,312 ft) from Hon May Rut Ngoai island in rough sea conditions on Saturday. Several tourist vessels in the area quickly came to the rescue, finding many passengers trapped inside the boat, Vietnam's VnExpress said. Some reports suggest all the victims were Indian citizens. Twenty one people were saved. Hon May Rut Ngoai - a tiny island in the An Thoi Archipelago in the Gulf of Thailand - attracts many tourists for island-hopping boat tours. Hon May Rut Ngoai is located about 10km (six miles) south of Phu Quoc, Vietnam's largest island. Nguyen Tien Hai, a senior Communist official in the area, said the authorities were still working to confirm the exact number of those who died as well as the survivors. He is quoted by VnExpress as saying that the speedboat may have capsized due to heavy winds and high waves. ""The top priority is rescue, bringing all victims ashore and focusing all efforts on providing emergency care to those who are still alive,"" Hai said. Indian Prime Minister Narendra Modi said he was ""extremely saddened to learn about the tragic news of a boat accident involving Indian nationals"" in Vietnam. ""My sincere condolences to the families who lost their loved ones. My prayers for the early recovery of the injured survivors,"" he wrote in a post on X. The Indian embassy in Vietnam described the incident as ""tragic"", publishing the full list of the 32 Indian nationals who were on board the capsized boat. The embassy also set up the telephone hotlines to ""provide information and assistance to affected families""."
ae6c44c1-dd49-4e7e-825b-6d6b970b71ae,https://www.bbc.com/news/articles/clyr0k4e7x4o,2026-07-13,Celebrity chef and TV baker to attend market event,"A celebrity chef and TV baker are among those attending a special event celebrating the recent reopening of a city's market. Glynn Purnell and Molly Robbins, known as Molly Makes Cakes, will be holding demonstrations at Bilston's outdoor market in Wolverhampton on Saturday. There will also be an array of activities throughout the day, including K-Pop performances, a circus show, craft workshops and a food festival. It comes after the market opened to traders for the first time following an £8m refurbishment on 2 July. Ahead of Saturday's event, City of Wolverhampton Council leader, Stephen Simkins, said the market was ""the beating heart of Bilston"". ""The new-look market has been bustling and trade booming in the first week, and we saw more than 10,000 people attend Bilston carnival last weekend,"" he added. The market has more than 170 stalls and includes a new canopy to protect stallholders, an events space, upgraded toilets and new signage. The site previously closed in September 2024 and traders moved into a temporary location on High Street to allow the 200-year-old market to be upgraded. Follow BBC Wolverhampton & Black Country on BBC Sounds , Facebook , X and Instagram ."
6e7e3989-4a42-40ef-bf58-1e8461edebf6,https://www.bbc.com/news/articles/cjrgxrld5vyo,2026-07-13,Work on 'Cornwall's largest mural' begins,"Work on what was aiming to be the largest mural in Cornwall is under way. The street art is being carried out in Camborne's New Connexion Street, aiming to tell the story of the town through spring, summer, autumn and winter. Ideas for the project came out of a series of workshops led by artist Cosmic and involving residents, schools and other local groups. It has been funded by Camborne Town Deal and managed by BID Camborne. Anna Pascoe, BID Camborne manager said: ""It's amazing to see such a big spread of artwork brightening up rather drab walls. ""Lots of adults and children provided valuable input into the creative process and I'm so excited to see the mural's progress. ""Cosmic's art has already made a big difference to utility boxes around the town, but this promises to be a masterpiece that people will want to see. It's already delighting passers-by."" Camborne was awarded £23.7m in government funding in 2021 for ten regeneration schemes aimed at revitalising the town centre and boosting the local economy. Follow BBC Cornwall on X , Facebook and Instagram . Send your story ideas to spotlight@bbc.co.uk ."
115ca25a-9a51-4680-9908-376a63f75267,https://www.bbc.com/news/articles/cnv9l7q8er7o,2026-07-13,Teenage tennis star to play for Ghana in major event,"A teenage girl from Telford is due to represent Ghana at a major tennis tournament in Africa next week. 16-year-old Gwen Klu, from Hadley, will play for the West African country in the Billie Jean King Cup, which will be played in Gaborone, the capital city of Botswana. She was inspired to pick up a racket when a tennis coach came into her primary school, offering the opportunity to play at Telford Tennis Centre. Klu said she felt ""honoured"" for the opportunity and hoped to set a good impression so she could get more opportunities in the future. Klu has also been playing at the Ellesmere Tennis Academy for three and a half years, regularly representing Shropshire's county teams. She is eligible to play for three countries, as she was born in the UK, her dad is a former Ghanaian volleyball player and her mum is from France. After performing well and achieving an ITF junior world ranking, she was noticed by the West African country and ultimately chose to represent them. ""Ghana gave me the opportunity first so I just took their their call,"" Klu said. ""I feel like this is quite a good experience and good opportunity to be able to travel different countries in Africa and also to discover the cultures. She will be playing in the Africa III group of the tournament, where she could come up against players from ten other countries, including Algeria, Nigeria and Tunisia. The countries will play in a round-robin format with the best two teams getting promoted to Europe-Africa II. Klu said her only focus is playing her best, regardless of who she plays. ""I've had a few people from Nigeria, for example, that I've already played against, so I'm not bothered about who I'm playing really. I just want to go there and do my best,"" she added. She added she hopes the tournament would attract sponsors for financial support because, at the moment, her family pay for her to be able to compete. Follow BBC Shropshire on BBC Sounds , Facebook , X and Instagram ."
c6554393-44b6-4dc9-92e6-1d52b8d0b201,https://www.bbc.com/news/articles/c621xzl24vgo,2026-07-13,Letters reveal climber's last messages home before fatal Everest ascent,"Legendary mountaineer George Mallory wrote to his mother to say ""the ink has begun to freeze"" before he disappeared on Mount Everest in 1924, newly-discovered letters have revealed. The writings record his first sight of the world's tallest peak, which he described as ""a terrible formidable mountain"", and include efforts to reassure his family with the words ""I shall take every care I can"". Mallory, who was born in the Cheshire village of Mobberley, died during the expedition in 1924 and his body was missing for 75 years. His great-nephew Bill Newton Dunn, 84, said his wife had found the letters, ""a precious family archive"", in a box secured with a pink ribbon. ""The letters mean a lot to me because they mention my grandmother [Mallory's sister] Mary, so it's a precious family archive and these are historical documents, so its important that they are well-looked after when they are sold,"" he said. The letters, alongside photographs and an ice axe thought to have been used by Mallory were auctioned off by Sotheby's earlier this week. Mallory is known for apparently replying to a reporter's question as to why he wanted to climb Everest with the words ""because it's there"". There is still debate about whether he and his climbing partner Andrew Irvine made it to the top of the mountain in 1924, almost 30 years before the summit was conquered by Edmund Hillary and Tenzing Norgay in 1953. An expedition found Mallory's body in 1999, when climbers spotted his corpse protruding from the snow about 600m (1,968ft) below the summit of Everest. Mallory's name tag was on his clothing and a rope was still round his waist. Meanwhile, a team of climbers stumbled upon a preserved boot, which is believed to have belonged to Irvine, after it was revealed by melting ice on a glacier in 2024. The letters were sent back home by Mallory to his mother and they include accounts of his time at boarding school, his experiences while studying at Cambridge University and as a soldier, fighting in the trenches during the First World War. The letters also document his climbing career, including an account of Mallory's first expedition to Mount Everest, in which he describes his first sight of ""a terrible formidable mountain"" with ""a strong head on broad shoulders"". In one, while high up on the mountain, he apologises to his mother for switching from pen to pencil because ""the ink has begun to freeze"". Then, on 28 May 1924, he writes of the final push: ""a great adventure if we get started before the monsoon hits us, with just a bare outside chance of success and a good many chance of a very bad time indeed. I shall take every care I can."" The collection also includes four letters from his bereft widow Ruth, written in the weeks after Mallory's disappearance, in which she writes: ""I could write at first and feel the sublime side; now I can only be silent."" Family tradition holds that Mallory left the ice axe with his sister Mary before departing for Everest in 1924 and it remained in her possession throughout her life. It bears heavy signs of use and was made by Fuhrer Frères of Gstaad, the same Swiss firm that supplied fifteen axes to the 1924 Everest expedition. While it cannot be conclusively proved that this axe belonged to Mallory, its direct family provenance and historical context make it one of the most significant objects linked to the climber. Gabriel Heaton, from the auctioneers Sotheby's, told BBC Radio Manchester : ""I was flabbergasted when I first saw these letters by Mallory and there is also this ice axe, an actual relic of his mountaineering career, so the idea that this has been kept quietly by his family for a hundred years is really extraordinary. ""In the letters, he uses beautiful, lush language, to describe what its like to be on a mountain-top at sunrise and he's obviously doing this in a heroic way, with incredibly primitive climbing equipment when compared to today."" Mallory's father was the rector at St Wilfrid's Church in Mobberley (1885-1904) and several members of his family are buried in the graveyard. His body remains frozen in ice at 29,000ft, near the top of Mount Everest. According to legend, Mallory climbed the church tower at the age of seven and there are numerous stained glass windows in memory of members of his family. The letters and photographs sold for £48,640 at auction, while the ice axe fetched £38,400. Listen to the best of BBC Radio Manchester on Sounds and follow BBC Manchester on Facebook , X , and Instagram . You can also send story ideas via Whatsapp to 0808 100 2230."
8eb65705-f2fe-4478-95f3-49507b04f49b,https://www.bbc.com/news/articles/ckg4ee132v5o,2026-07-13,New endometriosis tests welcomed but 'do not solve all problems',"Geet Athwal first started experiencing pain when she was 22 and living in India. Initially told that she had PMOS - or polyendocrine metabolic ovarian syndrome - she said she was left to get on with her life and was told the pain would settle in time. Moving to the UK in 2009, she had learnt to manage the pain. But when she was rushed to hospital in 2012, surgery revealed that she had stage four endometriosis. Athwal, who now lives in Shifnal, said she was left without support - she knew the word endometriosis, but had no idea what it was. Life after the diagnosis with little support was tough - Athwal had five painful and distressing failed rounds of IVF before her daughter was born. ""From 2012 to 2026 I've had seven surgeries in total. Finally in December 2025, I had full hysterectomy."" She now hopes that two new non-invasive tests being offered via the NHS to detect the condition could help women in a way she was not. The two new tests are being recommended under new draft guidance for the NHS in England and Wales, alongside regular checks. The new draft recommendation means GPs will be able to start offering either or both to some patients, if available. ""From the point of view that I have a daughter, I've got nieces... it's a good start so that women, girls, young women don't have to wait for a surgery to actually really prod inside you to know that you've got endometriosis,"" said Athwal. She added that the tests could help bring down the average wait for a diagnosis of nine years and four months, according to a new report on diagnosis wait time by the charity Endometriosis UK. However, she said: ""Diagnosis speed matters, but it doesn't mean that better treatment options are there."" ""If I go to my GP now, I have more documents and research work for my own self than they have. ""It's not problem solved and it also needs to find faster access to a specialist gynaecologist and better treatment pathways. Train the GPs, train the health specialists."" For 19 year-old Bethany Lewis, her diagnosis of endometriosis four weeks ago was a massive relief. In April 2025 she was diagnosed with PMOS, but still felt there was something not quite right. She struggles with pain she likens to barbed wire around her stomach, which travels to her legs and often means she cannot stand or walk. In September 2025, inspired by her struggles, she set up The Cysters Circle , a support group for women living with PMOS, endometriosis and other conditions. It now has more than 300 members who chat online and meet in person. She said the news of the new tests are a step in the right direction. ""I think it's a good development in the sense that a lot of women and girls who are waiting will be able to get a quicker diagnosis,"" she said. ""It'll take pressure off hospital waiting lists as well, so a lot of extensive or more complex cases can be moved up."" She believes that if these tests could replace the invasive diagnosis process, it would help women get back to normal life, instead of having to worry about having time off work to recover from surgery. ""I think just more awareness overall needs to be done throughout GP services. My routine doctor didn't even know the symptoms for endometriosis, let alone what endometriosis was,"" she added. Harriet Windows, 34, from Worcester, has had debilitating symptoms since she was 13, and was eventually diagnosed with stage four endometriosis when she was 25. She has had five laparoscopies and lost one of her ovaries as a result, and has since been diagnosed with adenomyosis . A laparoscopy is keyhole surgery, and in cases like this, involves the removal of endometriosis with electrosurgical heat treatment or incisions. ""I'm never below a six out of 10 on a pain scale,"" she said. ""Other days it's so bad I can't get out of bed, which is tricky when you have two kids."" She added that she is sceptical over the new tests. ""I'm so thrilled if it works and if it's genuine... I would quite like to just watch and wait and see if it genuinely works. ""If it means that women can avoid having these horrible invasive laparoscopies just to diagnose it, or not, in some cases, then yeah, that's brilliant."" Follow BBC Shropshire on BBC Sounds , Facebook , X and Instagram ."
d4394470-19a5-4859-be00-74b0758696ed,https://www.bbc.com/news/articles/cm2rm7kgr7vo,2026-07-13,Park cows hailed early success with repeat planned,"A trial which involved moving cows to a park to help increase grassland biodiversity has been hailed an early success with plans afoot to repeat it next year. Three adult Hereford cows and one calf were placed in a fenced off area at Elemore Country Park in Hetton-le-Hole, Sunderland, in August. Durham Wildlife Trust (DWT) official Chris Knox-Wilson said it was still ""early days"" to tell how successful the project had been overall but it seemed it had been beneficial for wildflowers and orchids. He thanked the public for their support and said the cows were expected to return next spring. Knox-Wilson said the trial had relied on people being comfortable walking in the fields where the cows grazed and following rules to keep dogs on leads. ""[It] was really important to us that we weren't restricting locals from accessing their park,"" he said. The cows had been put on the site with the hopes their grazing would allow slower growing and more sensitive plants to flourish. Knox-Wilson said it was still ""early days"" but there had been an increase in the number of bee and northern march orchids in the cow area compared to the previous year. He said the cows had been now removed from the site so some of the grasslands could recover and to prevent overgrazing. ""We couldn't have done it without the public support,"" he said. Follow BBC North East on X , Facebook , Nextdoor and Instagram ."
7bd5fb10-a2fc-47fd-9eff-3b714e95d8ff,https://www.bbc.com/news/articles/cq81nw719x9o,2026-07-13,WW1 soldier to get headstone 108 years after death,"The grave of a World War One soldier will be commemorated with an official headstone, 108 years after his death. Pte Alfred Holdcroft, from Burslem, Stoke-on-Trent, died in 1918 while he was recovering from injuries he sustained on the opening day of the Somme offensive in July 1916. He was laid to rest in Burslem Cemetery but his grave was left unmarked until it was rededicated during a ceremony in September 2025, when a wooden cross was set in the ground. The Commonwealth War Graves Commission initially denied an application for an official headstone but, following a review, the decision has now been overturned. It will be put in place at the cemetery, subject to verification of his grave and the necessary permissions, Stoke-on-Trent City Council said. Councillor Steve Watkins, the authority's armed forces champion, described it as an important moment ""for Alfred's family and for our city"". ""For more than a century, Alfred's sacrifice was not officially recognised and it has been an honour to help ensure his sacrifice is not forgotten,"" he added. The story of Holdcroft, who was part of the 1/5th North Staffordshire Regiment, came to light during research carried out by the Royal Doulton Burslem Memorial project. Among the guests attending the September rededication was his grandson, also called Alfred, who thanked the organisers for ""bringing grandad home"". Researcher Ruth Butler said the decision to give Holdcroft an official headstone corrected a ""long-standing omission"". ""Alfred Holdcroft has finally received the recognition he deserves,"" she added. ""His service to king and country is now formally honoured, ensuring his sacrifice will not be forgotten."" Follow BBC Stoke & Staffordshire on BBC Sounds , Facebook , X and Instagram ."
49fd475c-87f3-4235-9ed3-eea16261ef55,https://www.bbc.com/news/articles/cp8r0nr8g7qo,2026-07-13,Heat affects trains between Reading  and Paddington,"Rail passengers are being warned that some trains between London Paddington, Reading and Oxford will be altered due to the continuing hot weather. It means Great Western Railway (GWR) trains, which would normally call at Twyford, Maidenhead and Slough, will run non-stop between Reading and London Paddington in both directions and fewer direct trains will run to Oxford. While services are disrupted between 11:00 and 20:00 BST, tickets can be used at no extra cost on the Elizabeth line to or from Twyford, Maidenhead or Slough. Travelling to or from Slough, Maidenhead, or Twyford, passengers can travel via Reading if it provides a faster route to or from London Paddington. GWR said the alterations were in place because the hot weather could cause points failures. To reduce disruption, the train operator said some points had been be set in place to protect the route to and from London Paddington from major disruption."
9d9beda7-86db-4623-81ad-dff9228b084c,https://www.bbc.com/news/articles/cp8r7m1zn46o,2026-07-13,The Scottish town that started supporting Norway 86 years ago,"For one Scottish town, it will not simply be a case of ""Anyone but England"" when the Three Lions face Norway in their World Cup quarter-final. Dumfries has links going back to World War Two when it played host to the exiled Norwegian army. Their red and blue flag has flown regularly over the town and a number of families can trace their roots back to the Scandinavian country. Most recently, a ""stone of friendship"" was put in place in Dumfries as a permanent reminder of that link by the Scottish Norwegian Connection (SNC) group. Beverley Thom, who organised those celebrations, said the connections and friendships formed more than 80 years ago continued to grow to this day. ""The SNC has proved the friendship to be very strong between Dumfries and Norway, following thousands of Norwegians who were posted to Dumfries during 1940 to 1945,"" she explained. ""The connections continue, as has been proved with the 2023 celebrations with the gifting of the Norwegian Stone of Friendship to the burgh of Dumfries. ""The Scottish Norwegian Society, established in 1941 in Dumfries, continues to thrive with its base now in Glasgow as well as the Norwegian Scottish Association based in Edinburgh."" Those links, she said, extended to sport. ""Norwegians are as daft about football as the Scots and I was amazed to discover the number of Doonhamers who are related to or have friends who are Norwegians,"" she said. ""So it would not surprise me to know that many Scots will support Norway on Saturday."" Norway was one of the first countries to be overwhelmed by Germany during World War Two and many of its soldiers and others fled in the hope of regrouping elsewhere. About 300 of them landed in the Lanarkshire town of Hamilton in June 1940 and were subsequently directed to Dumfries. They received military training in the town and the Norwegian army command later moved there. By 1941, their numbers topped 1,000 and work got under way building a barracks at Carronbridge, north of Dumfries. In the same year, the  Scottish Norwegian Society (SNS) was also founded in the town and a permanent base - named Norway House (Norges Hus) - was created. Town clerk of the time, James Hutcheon, said he had been told that Dumfries reminded many of them of their own towns and countryside back home. Over time, the soldiers were deployed across Scotland as part of defence forces, including spells at Tain and Callander, but their Dumfries links remained strong with a special farewell party when the war ended. The connections, though, have continued - especially thanks to the number of Scottish-Norwegian marriages, estimated to have been as many as 200. Just last year, an exhibition opened celebrating the time when Dumfries became the ""unofficial capital city of Norway"". Called ""Alt for Norge"" - which translates as ""All for Norway"" - it included a telegram sent from King Haakon VII thanking the people of the town for all they had done to help liberate his country. Dumfries, of course, is not the only part of Scotland with links across the North Sea. The ""Shetland Bus"" - a convoy of fishing boats - helped the resistance effort while the country was under Nazi occupation. While Orkney even considered changing its status to potentially becoming a self-governing territory of Norway although that was ultimately dropped. So, when Norway play England at the World Cup, they can all point to historical reasons - if they wish - for supporting Erling Haaland over Harry Kane."
97920697-7264-4997-bbc8-53cd59e110ad,https://www.bbc.com/news/articles/c0ey01qjjn2o,2026-07-13,It was eerie working in the grave of Richard III,"Specialist contractors have said it was an ""eerie"" experience working inside the grave of King Richard III after completing repairs to cracked glazing over the historic site. The last Plantagenet king of England's bones were discovered under a council car park in Leicester in 2012 , and the burial area is now the centrepiece of a visitor centre. This week, experts were sent in to fix a large crack in thick glass that allows visitors to walk over the area and view it from above, caused when a visitor accidentally dropped a glass bottle. Leicester City Council, which runs the centre, said the replacement of the glass was successfully carried out with no impact on the precious archaeology. The project, costing nearly £30,000, was carried out by Olivetti Group. ""I'm not a spiritual person but [the grave] has a feel to it,"" said Fran Abell, the firm's head of small works. ""The air is quite fresh down there because there is a live air flow to preserve the site and stop moss and mould growing. ""It is a quite pleasant atmosphere other than the eerie nature of what you are standing next to."" The damage was caused in 2024 but the delay on the repair work resulted from the need to find rare reinforced glass to replace the cracked glazing. Stonemasons removed benches near the site before a crane was used to lift the heavy glass panel. A platform was then constructed over the grave site and covered with a tarpaulin to protect the area from falling glass and silicone. Of the accidental damage, a council spokesperson said: ""A visitor sitting next to the grave site stood up, and the glass bottle he had in the thigh pocket of his cargo trousers fell out and shattered on the glazed floor. ""The impact caused a small chip in the top layer of the triple-glazed glass panel, which radiated out as a distinct crack across the panel."" The cost of the repairs was largely covered by an insurance claim, the council added. Visitor centre manager Phil Hackett told the BBC: ""The visitor was mortified by what happened but it was completely accidental - one of those really unfortunate things. ""The crack was very distinct and only the top layer of the triple-glazed panel was damaged. ""Understandably some people were nervous about treading on it although it was very, very safe. ""I'm glad to say it is now looking as good as new and the grave has been unaffected."" The medieval monarch was killed at the Battle of Bosworth in 1485 when Henry Tudor took the English crown. For centuries it was believed his body had been thrown into the River Soar in Leicester. However, the Richard III Society and University of Leicester archaeologists decided to investigate suggestions the king had actually been buried in the former Greyfriars friary in the city. They uncovered his skeleton in 2012 and the remains, with Richard III's famous curved spine, were later interred at Leicester Cathedral. Listen to BBC Radio Leicester on Sounds and follow BBC Leicester on Facebook , on X , or on Instagram . Send your story ideas to eastmidsnews@bbc.co.uk or via WhatsApp on 0808 100 2210."
506685f8-f088-4cb9-9c88-95379f20c61c,https://www.bbc.com/news/articles/ced47540de2o,2026-07-13,Student's £30 device 'translates in real time',"A student who has designed an affordable device which can translate and transcribe language in front of people's eyes hopes to make tech more accessible for all. Milya Mohd Asyraf, 22, spent six months coming up with the design as part of her electrical and electronic engineering degree at the University of Plymouth. The gizmo, which costs about £30 to make, translates speech into text before projecting it onto a small screen in front of a person's glasses via a clip-on electronic box, she said. Using affordable and recycled materials, it was cheaper than many existing versions of the concept and ultimately aimed to help people overcome a range of communication barriers, she added. Milya said: ""My whole inspiration behind this project is that I grew up in a multilingual environment and was always one of those people who didn't understand what everyone else was saying. ""Language barriers – or even differences in accents – can make communication tricky, and many translation tools currently rely on phones, playback or expensive smart glasses that either interrupt conversations or reduce accessibility."" She said her device addresses that by fitting on someone's glasses ""without additional features like other smart glasses that cause the high prices"". The design captures speech through a small microphone, where an AI model translated and converted it into written text in real time. The translated text was then sent over wi-fi Fi via a ""microcontroller"" which Milya said ""sends signals from one thing to another"". She explained the controller was, in essence, ""a small computer, and that's how the language is detected and also translated"". The text is reflected through a mirror, lens and reflector, appearing like subtitles in the user's field of view, she said. Milya said the device was more accurate if programmed for a specific language - but was also not just helpful for understanding foreign languages. She said: ""Besides translation, it's really good at transcription. ""So, people hard of hearing can have a subtitle display."" She added: ""I'm really interested in accessibility technology and I'd like to make technology that people actually need, something that doesn't take advantage of people by taking their data, for example. ""I'd like to make something that people actually would like to use without any of that risk."" Asked what advice she would give to others hoping to create their own designs, she said: ""I would say to just get started immediately, even if you don't know anything. ""Just have a piece of paper and write something down, whether it's a plan to get out of your head. Everything will fall in place."" Follow BBC Guernsey on X and Facebook and Instagram . Send your story ideas to channel.islands@bbc.co.uk ."
07b2b81a-dcfb-46be-8f80-4dce4d4c790a,https://www.bbc.com/news/articles/cjeg8lp28lwo,2026-07-13,Council-run care home rated 'good',"A council-run care home has been rated Good by the Care Quality Commission (CQC). CQC inspectors found Lord Hardy Court in Rawmarsh to provide safe, responsive and well-led support for its residents. The Rotherham Council-managed care home supports a maximum of 60 individuals, who are either older people or those living with learning disabilities. Despite the good report, the CQC found ""minor issues"" with record keeping and storage of medicines. Key highlights from the report included an effective care plan, with people's needs ""regularly reviewed"", alongside good access to healthcare and nutrition and a ""people-centred"" approach. Rotherham councillor Joanna Baker-Rogers said: ""As a council we are committed to enabling residents to live as well and as independently as possible for as long as possible. ""It's pleasing to see that the CQC has seen that during the inspection,"" she said. Earlier this year, the council's adult social care service was also rated as Good by the CQC following a separate inspection. Listen to highlights from South Yorkshire on BBC Sounds , catch up with the latest episode of Look North"
44d49601-0ef5-4608-951e-77d2e41313c0,https://www.bbc.com/news/articles/cvglj4k03w4o,2026-07-13,Killer's final police interview footage released,"Police in Australia have released bodycam footage of an interview with the man who murdered British backpacker Peter Falconio - as they tried to get him to reveal the location of the body. Falconio, from Huddersfield, was shot dead on a remote stretch of highway near the Northern Territory town of Barrow Creek, about 186 miles (300km) north of Alice Springs in July 2001. Killer Bradley Murdoch, 67, died in jail last year with throat cancer without disclosing where his remains might be. The footage was released by Northern Territory police ahead of the 25th anniversary of his disappearance, with the force saying it ""remains committed to bringing this investigation to its fullest conclusion"". In the video, a police officer can be heard saying to Murdoch: ""I need you to have a think about if Peter Falconio was your son… and somebody knew something about where his body was."" Murdoch, dressed in a green prison jumper, replies: ""I don't know anything about it."" He adds: ""Don't beat around the bush because I'm just going to cut you short everytime, okay? ""I know nothing. I've said this for 22 years. I know nothing. You keep asking these questions. I know nothing."" Asked to think about it again, he gives an expletive-filled answer, before saying: ""I'm not thinking about it. I've thought about. I thought about it for 22 years. ""I've said the same story over and over and over, and now you're here at the last minute because I'm dying. ""I don't have information. This is what I'm trying to say to you. I don't have this information."" Falconio had been travelling around Australia with his girlfriend, Joanne Lees, also from Huddersfield, when he was murdered. During his trial in December 2005, the court heard Murdoch, who was then 43, pulled up beside their vehicle, claiming to have seen sparks coming from the camper van Falconio was driving. He then shot Falconio in the head as he inspected the vehicle, before taking 28-year-old Lees into his car and binding her wrists with cable ties. She managed to escape and hid in outback scrub for several hours before she was able to wave down two men driving a truck. Murdoch was convicted of Falconio's killing by a unanimous jury verdict, and he was also found guilty of the assault and attempted kidnap of Lees. He had always maintained his innocence, despite DNA evidence linking him to the crime, and unsuccessfully appealed to overturn his convictions twice. An inquest into Murdoch's death in March heard the killer refused to watch a video from his victim's parents appealing for his help to find their son's body. A spokesperson from Northern Territory said their ""thoughts remained with the Falconio family and Joanne Lees whose loss and uncertainty continue to be felt 25 years on"". Appealing for information they added: ""There may still be someone who knows something, whether that be information they have never previously shared with police or something Murdoch said to them. ""We continue to urge anyone with information relating to the location of Peter Falconio's remains to come forward. ""No piece of information is too small; what may seem insignificant could prove critical in helping investigators finally resolve this case."" Listen to highlights from West Yorkshire on BBC Sounds , catch up with the latest episode of Look North ."
b9bbb5ca-0747-4f9d-8413-135ed48ffe91,https://www.bbc.com/news/articles/cvg5xyyj4mvo,2026-07-13,Stories from across Yorkshire to make you smile,"Every week in Yorkshire we cover uplifting and feel-good stories about people, places and animals across our region - and we like to shout about them. This week we are featuring a nurse retiring after 55 years, a Mod-loving teen scooting his way to prom, and an ex-footballer's unexpected transfer news. A teenager with a passion for the Mod scene was escorted to his school prom by dozens of scooter riders, in what he deemed ""an impressive gathering"". More than 100 scooters rode in convoy with 15-year-old Travis from his home in Acomb to the event at York Racecourse on Monday evening. The ride-out was organised by his mother Charlotte, who said her son's passion for scooters and the Mod scene came from his grandparents. ""I would say every era is quite iconic,"" Travis added. ""But I would say the 60s is one of the most iconic ones."" Former Sheffield United defender Jake Wright said swapping football boots for smart suits to work in a school allowed him to be a ""male role model"" for students. Wright played 46 times for Sheffield United, gaining promotion from League One to the Championship in the 2016/17 season. When he retired from the game, he joined Newfield School in September as head of Year 8, a job he ""loves"", after having ""no idea"" what to do next. How has he found the adjustment from a noisy dressing room with big personalities and colourful language to helping to shape young minds in a new academy? ""Definitely less rollickings,"" he joked. Retiring from her role as an advanced nurse practitioner in Bradford, Savitri Cameron has plenty of memories from her 55 years in the NHS. Now 75, Savitri left her home in Mauritius for the UK in 1971, living and working in Scotland for a number of years, before moving to West Yorkshire. Although it will be tough to leave ""a job I've really loved and devoted my life to"", she's ready to have more time to travel with her husband, she said. ""I'm honoured to be part of the NHS. I've seen a lot of changes since 1971,"" she added, ""the improvements have been amazing."" When a bleed on the brain ended David ""Jacko"" Jackson's professional rugby career in 2013, it changed his life forever. Now the 44-year-old is tackling a new challenge - a fundraising world record, in which he'll attempt 100 ultramarathons in 100 days , for brain injury charities Headway UK and Head for Change. David and his wife Catherine will travel to 25 locations across the UK, including Leeds and Sheffield, spending four days in each so David can run a daily 50km. ""The thing that's been almost most inspiring for us has been the support we've had from people that have come and joined us, hearing their stories,"" he said. Thousands of people shared their memories of stripping off and painting themselves blue in the centre of Hull. In 2016, US artist Spencer Tunick photographed more than 3,000 people standing naked in front of maritime landmarks, for his immersive Sea of Hull installation. The project was commissioned by Ferens Art Gallery, ahead of the city achieving status as UK City of Culture the following year. ""The blue paint worked as a cloak, you didn't feel naked,"" David Beel, now 76, recalled. ""People keep telling me how brave I am but I tell them I'm not brave, I'm stupid!"" Listen to highlights from West Yorkshire , South Yorkshire and North Yorkshire on BBC Sounds , catch up with the latest episode of Look North ."
39f7e512-5ac2-4a7a-849e-6332d52542dd,https://www.bbc.com/news/articles/ckg490p2kzno,2026-07-13,Plan in for fast-food restaurant and drive-through,"Global fast-food giant McDonald's has submitted plans to build a new restaurant and drive-through service. The scheme for Honiton in east Devon would see the demolition of the Vauxhall Eden site, which dealt with commercial vehicles, and the building of a 59-seat restaurant with 30 car parking spaces. The fast-food chain said it had discussed the ""multi-million pound investment"" in two pre-application meetings with East Devon District Council. A spokesperson for McDonald's said the restaurant would bring ""significant investment to the local area"" and would deliver up to 120 full and part-time jobs. Vauxhall Eden, which is on Heathpark Industrial Estate, had wanted to close the showroom and redeploy its staff elsewhere, according to the Local Democracy Reporting Service . The application suggested the new restaurant would be a 24-hour site, open seven days a week. Documents showed there was an historic approval of an unbuilt access road to the rear of the site, and McDonald's has said this or a similar access would need to be completed to make the site viable for its plans. The proposal outlined indoor and outdoor seating, and potentially play equipment for young children. In the planning documents McDonald's said the restaurant would provide a ""supporting role"" for nearby workers. The fast-food firm said: ""It is widely recognised that restaurants and coffee shops provide a flexible and varied opportunity for local workforces to source meals, food and refreshments throughout the day, providing for both traditional working hours, but also for night shift workers, such as the emergency services."" Its facilities could also be used as meeting spaces for businesses, McDonald's added. Follow BBC Devon on X , Facebook and Instagram . Send your story ideas to spotlight@bbc.co.uk ."
7a309400-fb98-43c5-989c-dbf8857b870b,https://www.bbc.com/news/articles/c74yedlrj1zo,2026-07-13,Alderney set to welcome Britain in Bloom judges,"Final preparations are underway for this year's Britain in Bloom competition. The island of Alderney is set to represent the Bailiwick of Guernsey in the national Royal Horticultural Society (RHS) awards, which celebrate outstanding horticulture, sustainability, wildlife conservation and heritage. A total of 44 communities from across the British Isles are set to take part, with Alderney shortlisted in the coastal category. Judges for the competition will visit the island on 29 July. Members of the Alderney Horticultural Society have been working to plant and maintain many of the island's public spaces. The Memorial Garden, hanging baskets along Victoria Street, flower displays at the Channel Islands' only railway station, and planting schemes at both the harbour and airport are among areas being showcased. During their three-hour visit, judges will see the recently restored Hut at Saye, where the Alderney Wildlife Trust and the Youth Commission have transformed the building into a centre where young people can engage with wildlife and conservation projects. The Royal Horticultural Society (RHS) will also recognise communities which demonstrate a strong commitment to conservation, sustainability and volunteer involvement. Their itinerary will include visits to the Roman Fort at Longis, the internationally important Ramsar site and gannet colony on the island's west coast, together with visits to a selection of gardens across the island. Follow BBC Guernsey on X and Facebook and Instagram . Send your story ideas to channel.islands@bbc.co.uk ."
09bc271a-d565-4f2b-9250-7e7e7069efaf,https://www.bbc.com/news/articles/ce8m5jr6drqo,2026-07-13,Condoms and love letters all in a castle's secrets,"Nineteenth Century condoms, love letters, and the tale of a servant pilfering a lady's Easter egg are among unexpected discoveries made by archivists collating Warwick Castle's records. A new online catalogue, charting 800 years of maps, letters and legal documents, shines a light on previously hidden stories, including those of the castle's female inhabitants and servants. Archivist Laura Orriss said the team made a conscious effort to create entries for previously uncatalogued material, opening up ""a lot of stories that have never been explored"". ""The women are the letter-writers, and that's where the stories are,"" she said. The redrawn catalogue, from 1,303 boxes of material and about 800 loose volumes, makes the vast Greville family archive easier for visitors to explore. With the oldest item dating back to the 12th Century, the project took a team of three part-time archivists and an assistant four years to complete. The archive has been catalogued several times before over the centuries, but with more of an emphasis on its earls, deeds and finances. So what previously overlooked items have now come to light? Easter chocolates were an expensive commodity back in 1897, but no luxury was too much for Lady Marjorie Greville, known as Queenie. The 12-year-old girl wrote to her father, the 5th Earl of Warwick, that her grandmother had bought her a basket of treats and her sister an egg, but ""the housemaid has devoured half the egg"". Their governess resorted to ingenious measures to prove the servant's nibbling, the newly-revealed letter said. ""Mademoiselle made a mark just to see and this morning it was all bitten away,"" Queenie said. Another letter, from Lady Eva Greville to her mother Anne, reveals drunken antics at the birth of a future king. A lady-in-waiting to Mary of Teck, she describes waiting in a drawing room in 1894 for the arrival of the future Edward VIII. The boy's father, Prince George, Duke of York, ""fell about my neck and embraced me"" upon learning of the boy's birth, she wrote. ""In fact I think everybody embraced everybody else, champagne was at once sent for & we all at once drunk its health, & we all got very vague indeed. ""I am sure I drank about 10 glasses, for as every fresh person came in we had to drink health over again."" He was ""rather a sweet"" and ""very big child"","" she added. Meanwhile, letters found in the papers of Lady Sarah Savile, who would go on to marry Henry Greville, the 3rd Earl of Warwick, laid bare a teenage love affair. Her liaison, in the early 1800s, was with Regency fashion influencer Beau Brummell, a man renowned for his fleeting relationships. ""You are the only being who I ever really loved,"" he wrote. ""And the same sincere and devoted affection which I have ever cherished will remain undiminished whatever be its future fate."" His promises were thwarted after the noblewoman's mother intervened, but evidently was remembered fondly enough to Lady Sarah to treasure the notes. One particularly unexpected find was three condoms, discovered among correspondence dating back to 1853. Made from animal guts, the remnants of a silk ribbon used to secure the end can also just be seen. Although their ownership is unknown, Orriss guesses they might have belonged to the third earl, who died the same year. ""Previous prudish generations of staff kept them hidden,"" she said, adding the aim to stop the spread of disease proved fruitless when many went on to reuse the sheaths. The collection is available for visitors to view at the County Record Office in Warwick, and an exhibition about it on display at Market Hall Museum in the town. Orriss believes, despite the team's exhaustive work, that ""there's always going to be more to find"". ""There's bound to be things that haven't been uncovered yet."" Follow BBC Coventry & Warwickshire on BBC Sounds , Facebook , X and Instagram ."
96938d44-e313-442f-9ca5-c92041b1fd45,https://www.bbc.com/news/articles/cr7xk22rjv8o,2026-07-13,"In pictures: Football, soaring heat and stage fights","Another heatwave and the World Cup have been popular topics of conversation across the West Country this week. People in the region have been out enjoying themselves in the sunshine and there was a royal visitor at Gloucester Cathedral for the dedication of its new organ, while 2,000 people joined a charity walk to raise money for Salisbury Hospital. Here is our weekly round-up of photographs from across the West this week. Sack the sock: The use of compression socks is being phased out by the Royal United Hospitals (RUH) Bath NHS Foundation Trust to help reduce waste. According to the RUH, the stockings - which have long been used to help prevent blood clots after surgery - do not provide any additional benefit if patients are already taking blood-thinning medication. Splashing about: This dog was captured enjoying a cool down in Cheddar, Somerset, during this week's heatwave - thanks to one of our BBC Weather Watchers. Super stars: More than 2,000 people joined the Stars Appeal Walk for Wards at Wilton House in support of Salisbury Hospital. So far, the fundraising walk has raised over £100,000. Daisy Stenner walked in fancy dress as Homer Simpson with her family to say thank you for the ""incredible care"" she received during chemotherapy treatment at the hospital. Eagle eyed: People in Wiltshire have been asked to join the Big Butterfly Count and log details of sightings online between 17 July and 9 August. The project comes after a recent poll by Butterfly Conservation, which found that the brimstone was the favourite butterfly for people in the county. Conquered triumphs: Shakespeare's final play, The Two Noble Kinsmen, is the next theatrical experience at The Wharf Theatre in Devizes. It stars Christopher Smith as Arcite and Oli Beech as Palamon and runs from 14 - 18 July. Spy-comedy returns: The cast of a new touring production of Graham Greene's Our Man in Havana is in rehearsal before coming to Cheltenham's Everyman Theatre in August. The production stars Jack Ashton (Call the Midwife) as Wormold, alongside Bob Barrett (Holby City), Leon Ockendon (Waterloo Road) and Jodie Steele (Heathers The Musical). Landmark moment: The Duchess of Gloucester visited Gloucester Cathedral for the dedication of its new organ at a special service last Sunday. Take pride: The city came together on Saturday to celebrate inclusivity and LGBTQ+ people. Thousands marched in a parade while huge crowds watched on. Hazy morning: This evocative image was taken at sunrise on Wednesday near the entrance to Bristol Temple Meads station. Follow BBC Bristol on Facebook , X and Instagram . Send your story ideas to us on email or via WhatsApp on 0800 313 4630 ."
4d358d9d-297f-4ccd-842a-e1a9b89e433a,https://www.bbc.com/news/articles/cewq9v4xvr1o,2026-07-13,Consultant stresses need for sun cream in heatwave,"A Jersey consultant has stressed the importance of using sun cream as a protection against skin cancer. It comes as a sun safety campaign has been released in Jersey in response to the island's skin cancer rates being higher than those in Guernsey and England. Dermatology consultant Dr Anna Kukula said she was concerned some people do not follow guidance on skin care, with three heatwaves in the island during the last six weeks. She said: ""If people neglect advice about sun protection they sooner or later end up in the dermatology clinic with some sort of precancerous condition or skin cancer."" Kukula added that if someone is out in the sun without cream ""one five minutes can be the tipping point"". ""Your skin has the ability to defend the harmful mutations. But at some point, this ability is lost. And it could be this very five minutes which would put our life at risk,"" she added. ""Getting sunburned in childhood is one of the risk factors for malignant melanoma"", Kukula said. ""I ask my patients if they remember getting sunburned severely in early years of childhood or at teenage years and it counts as a risk factor even if it happened once."" On Tuesday, many people were at St Brelade's bay enjoying the fine weather. One man, a farmer, said he had never worn sun cream in his life ""because I work outside all winter, all summer, and it doesn't bother me"". A student admitted to not wearing it because the aim was to get a tan. ""Just lay there for hours, that's it"", they said. Asked if she wears sun cream, Alex Crianga said: ""Rarely, but honestly, most of the time, no. I feel like it just doesn't get you as good of a tan."" Kukula said: ""There is no such concept as a safe tan and also I hear a lot of patients believing that their skin is immunised because they spent a lot of time in the sun. ""There is no such thing as a resistance to the sun with time. ""Every exposure to sun leads to damage of the cells and it may not be an acute sunburn but UV radiation which reaches deeper layers of the skin, are particularly harmful. ""It causes skin tanning brown in colour, not red, and this is particularly dangerous."" Charley Parker, who goes to the beach each day to do yoga, said: ""I always wear a hat when I come out. ""And one day I'll wear shorts and the next day it's long trousers. One day it'll be a short-sleeve t-shirt and the next day it'll be long sleeves. So I'm not exposing the same part of the body twice in two days."" He said he thinks that some people do not follow the advice. ""I see people just arrived here, take their shirt off, white as a seagull and they're sitting facing the sun for three hours. They've got to go home with a slight burn, you know."" Margaret Russell said she wears SPF 50 in both the summer and winter, and always covers up in the sunshine. Regarding the sun safety campaign she said: ""I think it's necessary. I think not enough people wear hats. And babies - you see them without hats and in the sun now."" Kukula said: ""The risk factors for melanoma are getting sunburned with blisters in childhood and overexposure to the sun during sunny hours. So we are doing it to ourselves. ""It's very difficult to reverse the habits in elder patients, but skin cancers, especially melanoma, are quite common in this group."" The consultant explained melanoma was a potentially ""deadly skin cancer"" that can spread through the lymph nodes to the internal organs, through blood vessels. Steph Gibaut, CEO of Macmillan Cancer Support Jersey said it was ""really important"" to take sun safe steps. This includes being in shaded areas between 11:00 and 15:00, when the sun is at its peak, wearing sun cream of at least factor 30 when the UV index is 3 or above, and covering up. She said it was advisable to apply sun cream half an hour before going out and to reapply at least every two hours. Kukula agreed sun cream should be applied before leaving the house, and every day in the summer: ""There is a misconception of using sunscreens when people intend to go to the beach. ""We have to remember that the sun follows us, and it may not be intentional tanning."" Follow BBC Jersey on X and Facebook . Send your story ideas to channel.islands@bbc.co.uk ."
bc6de5ac-e2f8-4b37-b22f-4559e45bbbaf,https://www.bbc.com/news/articles/c05y4gd2r0ro,2026-07-13,Legionnaires' outbreak hits New York as officials rush to test water towers,"For the past few days, Justine Kirby has been sporting an N95 mask every time she leaves her house to walk in her quiet Upper East Side neighbourhood. She is keeping her apartment windows closed, too, as an outbreak of Legionnaires' disease grows to 46 cases, which the city has linked to contaminated water cooling towers. The cluster of Legionnaires' infections - a serious type of pneumonia caused by Legionella bacteria - has raised alarms among residents in the community, who packed a town hall in an Upper East side church this week to pose a series of questions to New York City's health department. ""There is quite a level of concern in the community,"" Kirby said. ""I'm the sort of person who likes to say that the risk may be small, but until the [cleaning and disinfecting] is done, I don't see much downside in taking these extra measures."" As of Wednesday evening, 22 people who were sick had gone to hospital, some treated in the intensive care unit, health officials have said. Legionnaires' is caused by bacteria that grow in warm water, leading to flu-like symptoms that can sometimes be fatal without treatment and for those who are immunocompromised. The current outbreak is caused by cooling towers from larger buildings where Legionella bacteria live and multiply, infecting people when they breathe in the bacteria from the mist of the towers, said Dr Wafaa El-Sadr, a professor of epidemiology at Columbia University Mailman School of Public Health. This week, the city announced an ""aggressive"" plan to tackle the outbreak. On Friday, New York City Mayor Zohran Mamdani said officials had tested all of the cooling towers in the area. New York City Health Commissioner Alister Martin said the bacteria was detected in 31 towers in the area, and 19 had already been disinfected, according to the BBC's US partner CBS News. The rest of the buildings were expected to clean their towers by Saturday. Part of large air conditioning or refrigeration systems, the towers cool indoor spaces by removing heat from the air using water and evaporating it as mist into the outdoor air, according to the New York City health department. They are often found on top of buildings. Officials have said they are requiring buildings to fully clean and disinfect their cooling towers after one positive test result, instead of waiting for additional testing to confirm the presence of the bacteria. At the town hall at the church this week, Martin said it was good news the city had identified the cases early. ""What we have in front of us is 160 cooling towers across this region that we are looking at, and we are not waiting,"" he said, according to ABC News . But Julie Menin, the speaker of the New York City Council, said she was worried not enough action had been taken. She wrote in a letter to Martin that she was ""deeply concerned that the Department of Mental Health and Hygiene has still failed to require building owners to proactively disinfect all cooling towers in the area under investigation"". Kirby said she was comforted by actions the city's health department was taking in terms of testing, but added she and many of the dozens who attended the town hall still had questions about protecting themselves. The city has told people to monitor for symptoms and seek medical care, including testing, if symptomatic. ""They could quite reasonably say, 'Because risk is low, we're not recommending everyone mask outside. However a good well-fitted mask will protect you,'"" Kirby said. ""I think they could've gotten into that."" The health department did not respond to a request from the BBC about whether they advised local residents to wear a mask, but Dr El-Sadr said masking - and closing windows - could help for those in the epicentre of the outbreak. Dr El-Sadr said warming temperatures from climate change could worsen Legionnaires' outbreaks, though the disease has plagued New York and other major cities around the world for decades. In 2025, London, Ontario, saw 105 cases of Legionnaires' and five deaths. Last August, in Harlem in upper Manhattan, 114 people were infected and seven people died. The sources of the outbreak were later identified as cooling towers at Harlem Hospital and the nearby site of the city's new public health laboratory. The Upper East Side is home to a large number of cooling towers, more than three times as many towers that the city tested during the 2025 Harlem outbreak, according to the New York City Department of Health and Mental Hygiene."
97671ed5-55dc-4d75-8e93-bbef0ef5a076,https://www.bbc.com/news/articles/crm09xvv0mro,2026-07-13,'David Bowie stayed in our house in Hull',"""How much?"" gasps John Cambridge as David Bowie tells him the cost of getting his car serviced in London. It is 1970 and Cambridge, Bowie's drummer with The Hype in the early days of his career, has persuaded the fledgling rock star to drive up to Hull to get a cheaper MOT on his Rover 100. Cambridge even persuades his parents to put Bowie up at their home in Brisbane Street – a working-class area near the city centre. ""He was going to get it serviced for a ridiculous amount of money. I said in Hull you can buy a car for that,"" he recalls. Cambridge went on to help form Bowie's iconic band, The Spiders from Mars, which saw three more working-class lads emerge out of the humble streets of East Yorkshire into a world of daring glam-rock outfits and iconic music. Artefacts from that time, including costumes and instruments, will be among those on display when a touring exhibition about Bowie's life and music – announced earlier this month – comes to Ferens Art Gallery early in 2028. Almost six decades on, Cambridge still has fond memories of his time living with Bowie at Haddon Hall, a sprawling villa in Beckenham, south London, along with producer Tony Visconti. Cambridge had been part of a band called Junior's Eyes that worked on Bowie's self-titled 1969 album (often known as Space Oddity). ""We had water pistols and all sorts at his house. That's how daft we were,"" he recalls. When Bowie needed a new guitarist, Cambridge asked Mick Ronson, a council gardener with whom he had played in Hull band The Rats. He says Ronson was painting lines on a rugby pitch on the Greatfield Estate when he convinced him to go to London to meet Bowie. Trevor Bolder, a bassist from Driffield, also joined, while Cambridge was sacked and replaced by fellow Hull drummer Mick ""Woody"" Woodmansey. While The Spiders from Mars were rocketing towards stardom, Cambridge was forced back down to earth and returned to his day job in plastering. ""When they took off and they were on Top of the Pops and going to America and Japan, I was thinking no one had even heard of me,"" he says. ""It did bother me I was still plastering on the building sites, having the radio on, hearing the songs and thinking here we go again, but what will be will be."" Today he is ""just glad I was a little bit of a part of Bowie's history"". His memories include taking the star, along with Bowie's first wife Angie, around Hull pubs. ""In one pub we were walking out the door, a girl looked at him and said 'you look just like that David Bowie'. ""He just said, 'Yeah, a lot of people tell me that'."" One person who found herself caught up in the whirlwind of Bowie's Ziggy Stardust era was his hairdresser and wardrobe mistress Suzi Ronson – then going by her maiden name Fussey – who went on to marry Mick Ronson in 1977. ""David was really lucky he bumped into Mick, they blended perfectly on stage together,"" she recalls. ""It took off like a rocket ship. We just sold out all over."" She says Ronson, Bolder and Woodmansey were ""boys from Hull who were just normal blokes, like bloke blokes"". Nevertheless, they embraced the flamboyant, daring and androgynous stage outfits ""quite quickly"". ""After three weeks you'd walk in the dressing room and someone would say 'where's my mascara? Have you got the blush David?' ""I think they realised girls still came after them."" She says Bowie once told Woodmansey: ""It takes a real man to wear pink"". ""I think Woody was a bit surprised, but he did it, he was good,"" she adds. Cambridge acted as best man for Bowie when he married Angela Barnett in 1970. He attended the star's 50th birthday and continued to receive Christmas cards from up until Bowie's death in 2016. ""David could be looking round Nasa and talking to a rocket scientist, he could talk on that level. ""Then he could go into a building site and see someone putting cement in a mixer and get on that level,"" he says. Bowie broke up The Spiders from Mars in 1973. By then, Ronson was a highly respected musician in his own right and had co-produced and played on Lou Reed's influential album Transformer. Suzi Ronson says: ""I was heartbroken when they broke up, but my story didn't end there, it ended up with me and Mick and our fabulous time together."" Ronson went on to work with the likes of Bob Dylan and Morrissey while also recording several solo albums. He died of cancer in 1993 aged just 46. Rupert Creed co-wrote Turn and Face the Strange , a stage show about Ronson and Bowie, with Garry Burnett. ""It was really the Spiders from Mars that cemented the sound of David Bowie,"" he says. ""Hull at the end of the line often gets overlooked and actually the whole element in David Bowie's success really shouldn't be underestimated."" The David Bowie exhibition, curated by the Victoria and Albert (V&A) Museum as part of a national tour, has brought together 100 highlights from Bowie's archive, many that have never been on public display. It will open at V&A Dundee on 4 November. It will run at the Ferens, in Hull, from February to May 2028. Listen to highlights from Hull and East Yorkshire on BBC Sounds , watch the latest episode of Look North . Download the BBC News app from the App Store for iPhone and iPad or Google Play for Android devices"
eb93237a-e7d8-4894-ad90-e7b40d2b57de,https://www.bbc.com/news/articles/cd7w92v1vezo,2026-07-13,Hockey star's praise for group that helped her,"An international hockey player who gave up on sport in school has praised the group that introduced her to the game, as the organisation celebrates its 10th anniversary. Iona Harrison, from Forest Hall in North Tyneside, was a teenager when she dropped out of football, which she felt excluded from after never getting picked during trials. But when she was 16 she was taught hockey by Power Through Sport, leading to the now 24-year-old youth worker representing Great Britain at the Ball Hockey World Championship in the Czech Republic. The group said it aims to give young people opportunities to try ""alternative and minority sports"", which are not always popular or common in the UK. Power Through Sport initially introduced Harrison to the roller-skating version of hockey. ""I found my people in the roller-skating community, whereas in school I'd be the only one,"" she said, adding: ""That's minority sports all over."" She later started playing ball hockey, which is played with regular footwear and has a large following in the United States and Canada, as well as across central and eastern Europe. This year's world championship was held last month in the Czech city of Ostrava. ""The whole experience was insane, a big arena with a screen and crowds, and even if there was nobody in the crowd to represent my country as a fan, it's something I thought I'd never do,"" Harrison said. She now also works as a full-time hockey coach with Power Through Sport. ""My confidence has grown ridiculously,"" she said. ""I've got an understanding of being their age and growing up in this community, and if I can get any of the kids to pick up a hockey stick, it's a bonus. ""When you take opportunities instead of giving up, it goes in your favour."" Power Through Sport managing director Johnny Tulip said: ""These sports often survive on the periphery with very little support or funding."" He said many young people might consider themselves ""non-sporty"" because they fell ""though the net of mainstream sports"", but they ""flourish when they find something different"". He said the group targeted its projects at ""low-income, under-served communities"" across Tyneside to help combat health inequalities, driven by factors such as obesity and alcohol misuse. However, he said some of their regular attendees travelled from south of Durham and Teesside, with the group's catchment area stretching around 100 miles across the region, because they were one of the only organisations offering certain activities. ""Young people who haven't been given a lot in life are the ones who grab it with two hands - they're the ones it has the most profound impact on,"" he said. Follow BBC North East on X , Facebook , Nextdoor and Instagram ."
8d0be7e9-3151-48d7-a93e-dbb711f21430,https://www.bbc.com/news/articles/c4gy7d95drzo,2026-07-13,"Passion for vintage magazines drives 100,000-strong collection","Tucked away on the outskirts of a small town in Lincolnshire is a collector's paradise. Inside a small warehouse in Sleaford, across the road from a car garage, five rooms are kept in complete darkness. When the lights are turned on, visitors are presented with shelves stacked floor to ceiling with magazines. Jackie Holmes believes she has about 100,000 copies of vintage editions, from Vogue to Radio Times. The collection developed from her love of reading and buying fashion magazines, but now also includes celebrity and music publications. ""There's a lot still to catalogue,"" Holmes tells the Secret Lincolnshire podcast . ""It's such a time-consuming process. I've got hundreds and thousands, probably, of TV and Radio Times going back to the 50s and the 60s."" As we walk into a ground-floor room, Jackie turns on the big fluorescent lights and I can see long rows of fashion magazines, stacked in plastic bags. They include vintage editions of Harpers and Vogue, some dating from as far back as the 1930s. ""Some of them definitely show their age now because they are very fragile,"" Holmes adds. Collectors have long sought early editions of comic books – in January the first Superman comic sold for $15m (£11.2m) – but experts say the market for more humble magazines has also grown in recent years. It means many people who cannot bear to throw away their old collections could have cash in their attic. In 2024, an ""extraordinary collection"" of 3,000 copies of the NME sold for more than £2,500 at auction. Tony Howard, from Mablethorpe, Lincolnshire, began his collection in the 1960s and decided to sell it to free up space in his loft. Colin Young, a Lincoln-based auctioneer and antiques expert on the BBC's Bargain Hunt, has his own collection of the NME, dating from about 1980 to 1984, and says there is a ""really strong, really good market"" for them. In part, this is because people of all generations remember magazines ""that relate to their youth experiences"". Young says there is ""an absolute passion and desire"" for magazines. Auction sales have gone from 400 to 500 people, both in the room and online, to about ""3,000, 4,000 maybe, of these people that were sat at home and avidly looking for those old magazines"". ""We've never lived in a time where there has been so many people so passionate about collecting,"" he adds. ""Is it at it's height? No, I would say that was about 2020. Are we still on a high? Absolutely."" For his part, Young is holding on to his collection, because it is an important part of his life and ""indie music is a great thing"". Holmes has turned her hobby into an online business, with about 35,000 of her magazines – about a third of the collection – now up for sale on her website. Her buyers include collectors, researchers, film archivists from all over the world and people looking for unusual birthday presents. She expects some editions of Vogue to raise almost £300. Some of the older, more popular, editions are getting harder to find, however. ""They just run out continually and people are asking for them again and again,"" she explains. Holmes says the growth in popularity of collecting means she now faces ""an endless task"" to find stock. ""There's nothing like looking through an older magazine just to take you back in time,"" she says. ""A lot of the teen magazines like Jackie, Blue Jeans, Oh Boy, Look-in, they're really collectible now. So, I've got huge amounts of those."" Old copies of popular articles or interviews with musicians are also sought after. It is a different story when it comes to newer magazines, because fewer physical copies are being sold in shops. ""I don't find many teen magazines that you can actually buy off the newsagent shelves at the moment,"" Holmes explains. ""It's difficult to know what younger people of today's teenage years now look for in a magazine because we have just got it all online."" Nevertheless, as long as vintage magazines remain popular, she does not see a shelf life to the business. It is nice, she says, to just sit down and ""flick through a magazine and just lose yourself"". Listen to more episodes of the Secret Lincolnshire podcast . Listen to highlights from Lincolnshire on BBC Sounds , watch the latest episode of Look North . Download the BBC News app from the App Store for iPhone and iPad or Google Play for Android devices"
4b11f0c3-72f5-4a78-8159-2ed65f26a6c9,https://www.bbc.com/news/articles/crkvydpkk7mo,2026-07-13,Planned solar farm will be county's largest,"A solar farm given the green light by government will be Cumbria's largest, its developers have said. Dean Moor Solar Farm will lie on 276.5 hectares (683 acres) of land between the villages of Gilgarran and Branthwaite. The 150MV site was given a development consent order last week, which is required for nationally significant infrastructure projects. Developers FVS Dean Moor Ltd said it was the largest such scheme to be given permission to be built in the county and its next steps included procurement and more detailed design work. It said it could not confirm when construction would begin. FVS Dean Moor, which is a joint venture between Leeds-based Firma Energy and German company ib vogt, said the farm was designed to export up to 150MW of electricity into the National Grid. It said that was comparable to the amount of electricity used by 50,000 typical homes each year. The largest solar farm currently operating in Cumbria is in Wigton which can generate up to 19MW of electricity, according to the government's renewable energy planning database. The UK's largest solar farm is in Kent and can generate up to 373MW of electricity. FVS Dean Moor said it was building its solar farm in Cumbria for multiple reasons, including the fact it already had existing electrical infrastructure as well a viable nearby grid connection. Grid capacity has been a major issue for renewable energy projects around the country. Follow BBC Cumbria on X , Facebook , Nextdoor and Instagram ."
9bae9966-db1f-449c-8903-40a7138f9b2d,https://www.bbc.com/news/articles/cx2vzxe02dxo,2026-07-13,'Endometriosis tests would have given me years back',"""I was told that my symptoms were just part of being a woman."" These are words that are likely to be familiar to scores of women who have suffered years of seeking a reason for their extreme pain and heavy periods, before finally being told they have endometriosis. For years, the only way to definitively diagnose the condition - where cells similar to those in the lining of the womb grow in other parts of the body - was through a surgical procedure. But this week it was announced that rapid, non-invasive, endometriosis tests would be made available on the NHS in England and Wales . For Zoe Armstrong, 35, from Bristol - who lost two pregnancies, including an ectopic pregnancy that became ""trapped"" due to her endometriosis - a rapid test could have made all the difference. She said it was ""absolutely amazing"" to hear that rapid tests could be made available on the NHS, having been told - like many - that her symptoms ""were just part of being a woman"". While she might never know for sure, Armstrong, who now has a daughter, said a simpler test for endometriosis might have caught the condition before her pregnancies. ""There is a little bit of sadness because there are so many people out there who haven't been diagnosed yet, who think they have [endometriosis] and are in this loop,"" she said. ""Hopefully this will cut their waiting times down."" While Armstrong only discovered her endometriosis after an emergency surgery, others with the condition spent years looking for reasons for debilitating pain. It took 21 years for Charlotte Hutchings, 36, to get her endometriosis diagnosis, after suffering symptoms from the age of 11. Hutchings, who helps lead the Gloucestershire Endometriosis Support Group, said rapid testing could have made a ""massive difference"" to her life, and potentially could have avoided years of ""countless doctors, hospital and A&E visits"". ""I was just constantly told 'it's in your head',"" she said, adding that a major barrier to diagnosis currently had been that the only established route was through costly and invasive surgery. A report by Endometriosis UK, published in March, found that the average time to get an endometriosis diagnosis was now more than nine years - up from eight years in 2020. ""There are people talking about it, which is brilliant - that's the first step to changing something,"" said Hutchings. ""But it's still taking nine years to get a diagnosis and there's still not an acceptance of how debilitating this illness can be on women and their families."" New research has also revealed that the condition could be diagnosed by blood test - though further testing is needed before it could be considered as a diagnostic tool available to the public. Jakia Hussain, 42, from Cheltenham, who co-leads the support group with Armstrong, said she was ""cautiously optimistic"" about the new tests after 18 years of suffering from symptoms , ""as long as they [the NHS] are making it really accessible to all patients and hopefully cutting down diagnosis times"". As a biomedical scientist, she said it was important to look to the data and learn from previous efforts to introduce new diagnostic tests to ensure positive steps forward were taken. When it comes to improving awareness of the condition and helping young people to spot symptoms early, Hussain said efforts should be made ""from the grassroots"". ""[We should be] going into schools, talking about period diseases - endometriosis, polycystic ovary syndrome... it would just be good to get more awareness and make it less of a taboo subject. Periods are a normal part of life, we should be talking about it."" ""The difference [rapid tests could have made] would have meant years of my life back,"" said Iona Hall, 30. After spending six years in pain ""every single day"", she was diagnosed with Stage 4 endometriosis and was left facing two surgeries and the prospect of fundraising £21,000 to urgently freeze her eggs . Hall, who has recently moved to the Scottish Borders from Bristol, said she was left ""going back and forth to the doctors for years and years, saying 'nothing's working, nothing's helping'."" After her symptoms ""skyrocketed"", Hall realised herself she might have endometriosis. ""I feel like my whole 20s got taken away from me because I was ill,"" she said. ""If I could have just gone to the doctors and told them a couple of my symptoms and they [did a test] then my endometriosis might not have go to Stage 4. ""It's affected my fertility - if it could have just been nipped in the bud years ago [I could have] enjoyed my life and I'm sure everyone else [with endometriosis] would feel like that."" Follow BBC Bristol on Facebook , X and Instagram . Send your story ideas to us on email or via WhatsApp on 0800 313 4630 ."
074015e2-5281-41d5-a1f1-5e379a7c251e,https://www.bbc.com/news/articles/c9w2x7qj07lo,2026-07-13,"What is a hosepipe ban, why are they needed and who decides to implement them?","The latest heat-health alert has been in force across the north-west of England since Wednesday and will remain in place until 21:00 BST on Sunday. Last month a more severe - amber - warning of extreme heat was issued in our region as temperatures soared to record levels for June. We are still relatively early in the summer, too, with our hottest weather normally coming in late July and August. If the hot and dry weather continues, will talk of hosepipe bans be far away? A hosepipe ban, also known as a temporary use ban, is imposed by water companies to try to save water during periods of high demand or low supply. In north-western England that responsibility falls to United Utilities (UU), which supplies three million households and 200,000 businesses. People living in areas with a hosepipe ban are not allowed to use them to: Anyone breaking these rules could be fined up to £1,000. Buckets and watering cans can still be used, while rainwater from a water butt through a hosepipe is also permitted. Hosepipe bans are designed to ensure enough water is saved for drinking, people who are vulnerable and for other essential use. On average, a person uses about 140 litres of water per day for showers and washing but this often increases when the sun shines. All water companies follow a statutory drought plan which sets out how supplies are managed during prolonged dry weather. Within these plans, drought trigger levels are used to monitor water resources and determine when action is required. UU only imposes a ban when water supplies fall below sustainable levels and voluntary savings - asking people to use less water - are no longer enough. The company tries to avoid a ban by prioritising operational water-saving - fixing leaks, managing pressure and asking customers to reduce usage. Reservoir levels: United Utilities monitors key reservoirs such as Thirlmere, Haweswater, Rivington, and Stocks. When storage drops significantly below seasonal norms, restrictions become more likely. Drought status: A hosepipe ban is typically considered only after the Environment Agency declares a drought. Even then, United Utilities may avoid a ban if supplies remain secure. Demand pressure: Heatwaves and prolonged dry spells increase household water use. If demand threatens essential supply, a ban becomes a tool to reduce non‑essential water consumption. Environmental protection: Low river and lake levels can harm ecosystems. Restrictions help stabilise flows during drought conditions. Drought Plan triggers: United Utilities follows its statutory drought plan, which sets out specific thresholds for escalating actions, including temporary use bans. The 2018 ban, for example, was implemented under this plan. Businesses are exempt if hosepipes are needed for commercial purposes. Sports clubs, golf courses, commercial food growers and professional car washes are therefore unaffected. A hosepipe can also be used to clean hazardous spills, or fill a pond or tank used to keep animals, including fish. Blue badge holders are also exempt. United Utilities last imposed a hosepipe ban on 9 July 2010 after the driest December-to-June period in more than 70 years. It was lifted the following month. A planned hosepipe ban, due to start on 5 August 2018, was called off a few days beforehand after the rain started to fall. United Utilities' supply area includes the Lake District, one of the wettest regions in England. This gives the company more resilient water resources compared with many other water companies. For example, last year, it avoided a drought despite reservoirs being lower than usual. It said it used ""its vast interconnected system of treatment works and pipes to move water from one part of the region to another to 'top up' areas that are lower"". A wet start to the year also helped reservoirs recover from last year's dry spring, with storage levels above where they were at this point in 2025. UU also said leakage levels were at their lowest. It is currently fixing about 900 leaks a week and targeting a 26% reduction by 2030. So far this year, it has fixed 23,481 leaks. It is also investing £380m to upgrade more than 925km (575 miles) of water mains with more durable, flexible pipes to help reduce bursts and leakage. Listen to the best of BBC Radio Lancashire on Sounds and follow BBC Lancashire on Facebook , X and Instagram . You can also send story ideas via Whatsapp to 0808 100 2230."
a3bc64c1-b836-4d98-8244-edff03ad65fe,https://www.bbc.com/news/articles/c05y4zze0gmo,2026-07-13,Differing views on plans for 800 homes,"Plans for 800 homes north of Telford have been submitted by a housing developer. The Gladman Developments proposals for Muxton make up the first third of a new 2,700 home housing estate on land south east of Humber Lane. The independent councillor for Muxton, Jenny Urey, said there is ""little point fighting the development"" and instead she was focusing on getting the best agreement for local residents. She said that would include safer pedestrian routes, better vehicle access and protection for historic ""buildings of interest"", to ensure they are not damaged. Urey said people had raised concerns about access, and a residents group had submitted alternative plans to Telford and Wrekin Council. Lee Carter, the leader of the authority, said: ""Just saying no to building is not an option."" But the Labour councillor said it was important for the council to have a clearly-defined local development plan, to set out where houses should be built. Speaking at a council meeting, he said: ""We will have controlled development, and we will continue to invest in roads, schools and green spaces and continue to be a welcoming place."" Andrew Eade, the leader of the Conservative group on the council, took a different view, saying infrastructure around Telford was ""already creaking and bursting at the seams"". He added: ""[Roads] can barely cope at the current time and the same applies to our hospitals, doctors, dentists, secondary schools and so on."" Referring to the Muxton development and others, he said he worried what the impact would be of building homes for thousands more people. This news was gathered by the Local Democracy Reporting Service which covers councils and other public service organisations. Follow BBC Shropshire on BBC Sounds , Facebook , X and Instagram ."
b72532c9-d414-41c4-820c-a4d0142ce9c9,https://www.bbc.com/news/articles/c2dyy2k97x2o,2026-07-13,Investors sought to make pub heartbeat of village,"Campaigners who are fundraising to reopen a 17th Century pub said their vision was for it to become a ""heartbeat"" for the village. The Ivy Inn in Heddington, Wiltshire, closed in May 2024 and was bought by volunteers in February after they raised £435,000 through an investment scheme. The Friends of The Ivy group has now launched a second share offer and said it hoped to raise a further £50,000 towards a £284,000 target to redevelop the property. Secretary, Dave Denny, said a planning application had been submitted and ""the main thing we need is more money to help us to deliver on our ambitions for the community"". ""There's an awful lot of hard work that's already gone into creating a new electricity supply, getting ready for a new water supply and clearing the garden,"" said Denny. He said that electrical and plumbing work would start soon and once planning permission was granted, the structural work could begin. ""The major element of that will be the construction of a new toilet facility and the creation of a better kitchen. Local resident, Colin Meeke, has lived in the village for 32 years and said he was looking forward to the pub reopening. ""At its heart The Ivy brings the locals together with events as diverse as an annual car treasure hunt, harvest festival charity auction and even funeral wakes. ""From a quiet pint with a few friends to lunch with the family you are sure of a warm welcome and great company. ""On a winter's night around a roaring fire or on a summer day in the beer garden with wonderful views of the surrounding hills, it is a great place to be,"" he added. The Ivy is close to The Ridgeway National Trail, the White Horse Trail and the Wiltshire Cycleway. Denny said the group envisaged it becoming more than just a pub. ""Social isolation is a major problem in rural communities,"" he said. ""We see it being genuinely a hub for the community, where people can meet during the day - a place that walkers, cyclists and tourists can come and enjoy. The second share offer closes on 12 August and the pub is expected to open early next year. A £70,000 grant has already been offered by the organisers of the Heddington and Stockley Steam Rally and Country Fair. Follow BBC Wiltshire on Facebook , X and Instagram . Send your story ideas to us on email or via WhatsApp on 0800 313 4630 ."
6040b24e-905a-41be-8123-6477cb8efef3,https://www.bbc.com/news/articles/c5yz1rynkz4o,2026-07-13,London fans erupt as England reach World Cup semis,"Pubs, fan zones and streets across London erupted on Saturday night as England beat Norway 2-1 in extra time to reach the World Cup semi-finals. Crowds packed venues from Boxpark Wembley to the Clapham Grand, with beer hurled into the air and fans spilling on to roads in Fulham as the final whistle blew. The mood turned nervous in fan zones across the capital as Erling Haaland and his teammates pressed for a second, but Jude Bellingham equalised deep into first-half stoppage time, collecting Anthony Gordon's pass and firing low into the bottom corner. The match went to extra time before Bellingham struck again in the 93rd minute, pouncing on a rebound after Morgan Rogers' shot was parried by goalkeeper Orjan Nyland. Footage shared on social media showed fans celebrating across central London, with Regent Street and Piccadilly at a standstill as fans cheered and danced in the road, while others climbed scaffolding. Elsewhere, fireworks were set off while cars crawled past, with fans waving England flags. Speaking to the BBC, one fan said: ""It was very tense, but I was very confident that we would qualify. ""People need to put respect on Jude Bellingham, this is a world-class player."" The result means it is England's first World Cup semi-final since Russia in 2018. Thomas Tuchel's side will now take on defending champions Argentina on Wednesday. Listen to the best of BBC Radio London on Sounds and follow BBC London on Facebook , X and Instagram . Send your story ideas to hello.bbclondon@bbc.co.uk"
b4399578-4157-4e3b-bef4-a2d92582066d,https://www.bbc.com/news/articles/cqx17v771z4o,2026-07-13,The gardener growing bananas - in Wakefield,"Wakefield is more famous for its rhubarb than its bananas - but they are flourishing in a local garden thanks to the recent hot weather. The ""tropical oasis"" in Wrenthorpe has become Dave Iveson's passion. Over the past six years he has transformed it from a patch of grass into something more associated with the West Indies than West Yorkshire. This summer one of Dave's banana plants has flowered for the first time. ""I'd say it's pretty unusual - I don't know of anyone else who's had one flower,"" he said proudly. ""I've had these plants for 12 years now and I was hoping for a flower - but up until this point I'd not had one."" He said he hoped the warm weather would help more of his banana plants bloom. Dave's garden also includes a Chinese rice-paper plant, a Japanese acer, cordylines and tree fern. Pointing at his flowering banana plant, he warned, however, they were ""not properly edible bananas like you get in supermarkets"". He said: ""That flower will keep on extending through its life - hopefully we'll get some more bananas."" According to the Royal Horticultural Society (RHS) most bananas won't flower or fruit outdoors in the UK, although some may do so in a heated greenhouse or conservatory. However, the RHS said in very mild parts of the UK and during particularly long, hot summers, it was possible for them to get flowers outdoors. Their leaves can grow up to two metres (6.5ft) in length and mature plants can grow to three metres (10ft) tall or more. Dave said he had ""always been interested in gardening"" and watching gardening programmes - but admitted he was no expert. ""A tropical vibe is really what I'm going for. ""Every morning when you look out of your door and it's like being in a different country - it's a really nice feeling, makes me feel calm,"" he added. Jack Ogg is head gardener at York Gate Garden in Adel on the outskirts of Leeds, where they have also created a tropical garden. He said their banana plant didn't survive the winter. ""It's been frosted to the ground so it's quite special to have one that's survived long enough to flower,"" the gardener said. ""Here at York Gate we're definitely getting away with more tender plants than we would have have been able to get away with 10 or 20 years ago - the climate is definitely changing"", he added. Listen to highlights from West Yorkshire on BBC Sounds , catch up with the latest episode of Look North or tell us a story you think we should be covering here ."
5b994d0a-c3a0-4a25-93fc-9883ab238e11,https://www.bbc.com/news/articles/c1wyv383j2xo,2026-07-13,Spain battles to contain one of its deadliest wildfires as at least 12 killed,"Hundreds of firefighters in Spain are still battling to contain pockets of flames in the south east after one of the country's worst-ever wildfires. Emergency services have been deployed around the village of Bedar where 12 people have been killed - among them four Britons, according to Spanish authorities. Another 23 people are still missing. Local officials in the Los Gallardos area of Almería have warned the number of dead could rise, with fears that more Britons are among those killed. A sustained heatwave with temperatures of around 40C (104F) has caused wildfires across Southern Europe this summer, particularly in France, Portugal and Spain. Soaring temperatures, incredibly dry ground and powerful winds led to the Los Gallardos fire spreading quickly on Thursday afternoon. Antonio Sanz, Andalusia's health and emergencies minister, said on Saturday the fire had burned across 6,600 hectares (16,300 acres) of land. The cause has been put down to a fallen power line, but local electricity companies have denied this. No additional information has been given about the four people who were found dead in a burnt-out car. Sanz said previously they are believed to be ""of British origin"" and that the car had a steering wheel on the right. He also said weather conditions had improved overnight, ""allowing us to face the day with better prospects than yesterday"". He added: ""This is the first day we will be able to mount a direct attack on the fire. Until now, weather conditions and the behaviour of the blaze only allowed us to work defensively."" Lucinda Curtois, who arrived in Spain with her partner Riyaz Cheytan and their teenage children for a holiday on Thursday, described their escape from Bedar. ""It was almost like there was a mushroom cloud of smoke, it was like a bomb had gone off,"" she said. Curtois told the BBC she feared at least two other UK nationals had been killed. ""They left their home on foot, I don't know why,"" she said. ""I can only presume it was probably because their road was cut off because they live out in the countryside."" Officials in Bedar said some of those who had died had not taken a recommended evacuation route - but it's not clear how well that guidance was conveyed. Neither the Spanish authorities - nor the Foreign Office in London - have revealed the identity of the deceased. Sanz said the rapid fire had been complex and the majority or even all of the victims may have been foreign nationals. Belgian Foreign Minister Maxime Prévot said many Belgians had second homes in the country and consular services were trying to contact ""Belgians with whom they have not been able to get in touch"". With at least 12 people dead, this is already among the deadliest wildfires in Spanish history. In 1984, 20 people died in a fire on the Canary Island of La Gomera, while in 1979, 21 people, including nine children, died in a forest fire near Lloret de Mar in north-eastern Spain. Wildfires have also plagued France over the summer months. On Monday over 10,000 people were evacuated from their homes in the foothills of the French Pyrenees. But in a social media post on Saturday French Interior Minister Laurent Nuñez said 32 people had been arrested on suspicion of starting some of the fires. ""These unacceptable behaviours, which lead to disastrous consequences and put our firefighters' lives at risk, will now be brought before the courts,"" he said. Climate change is driving up temperatures around the world, and Europe is the fastest warming continent, heating up twice as fast as the global average, according to the Copernicus climate service. This is causing increased summer heatwaves, greater pressure on Europe's water supply, and more intense wildfires. Additional reporting by Dearbail Jordan"
3a03d330-3663-4b39-95ad-f39adfb02d0c,https://www.bbc.com/news/articles/c74ypg87l2mo,2026-07-13,Firefighters tackle blaze on industrial estate,"A road has reopened after fire crews tackled a blaze on an industrial estate in Northampton. In a post at 19:50 BST on Saturday, Northamptonshire Fire and Rescue Service said it was dealing with a fire in a property on the Lodge Farm Industrial Estate in Duston, about two miles (3km) north-west of the town centre. Crews remained at the site on Sunday to monitor the situation, the fire service said. During the incident, the A428 Harlestone Road was closed between The Hart pub and the Lidl crossroads. but the fire service said it had since reopened. It had advised people nearby to close doors and windows due to the smoke from the fire. Do you have a story suggestion for Northamptonshire? Contact us below. Follow Northamptonshire news on BBC Sounds , Facebook , Instagram and X ."
f176686b-505c-49c6-9fea-fd0db0753434,https://www.bbc.com/news/articles/c4gyd170em1o,2026-07-13,Duo paddle their own canoe in Yukon challenge,"Two former Devon police officers are taking on a 1,000 mile kayaking challenge,  canoeing up to 18 hours a day and camping wild, hoping to avoid bears and mosquitoes on the way. Ex Devon and Cornwall Police assistant chief constable Jim Nye, 57, from Exeter and Ian Tyers, 61, from Rockbeare, were selected as one of 30 teams in this year's 1,609km Yukon challenge that started on Friday. They are kayaking from northern Canada to inside the Arctic Circle in Alaska to raise money for Devon's FORCE cancer charity. Nye said: ""We have to take everything we need to survive in the wilderness for 10 days"" for what is called the world's longest kayak race. Yukon 1000 organisers said participants ""must have the physical and mental fortitude"" to be completely self sufficient and ""in extreme cases must be able to survive in true wilderness"". The pair have been friends for more than 30 years and are hoping to to complete the race in seven and a half days,  ahead of the cut off of nine days and 18 hours. This the third event of their ""water trilogy"" after competing in the UK's longest canoe race, 125 miles (201km) from Devizes to Westminster in 2009 and rowing 3,000 miles (4,828km) across the Atlantic in 2024. Tyers said they have been planning for the Yukon event since 2009 and took on the other challenges to  qualify for it. Competition rules allow them to kayak up to 18 hours a day and Nye said ""the  discomfort and the exhaustion"" will be ""part of the challenge"". Tyers added: ""It's a sort of a race to the midnight sun, there's no total absolute darkness, but I think we'll be tired enough during our short breaks to get to sleep no problem."" Nye said they were taking all the kit they needed to be self-sufficient camping in the wilderness including dried food, water purifying equipment and ""special masks to protect us from smoke inhalation if we encounter wildfires"". They also have to take precautions to avoid bears, including eating whilst paddling ""because they advise that's better than sitting on a bank in bear season having food,"" Nye said. Tyers added they are taking compulsory bear sprays and bangers and have followed advice about ""being sensible"" to avoid bears, ""moving on"" if they spot them. Nye said he thought they would see bears but did not anticipate they would cause a problem. He added mosquitoes would be ""more of an annoyance"" and they will wear face meshes to cover their heads to protect themselves from the insects. He said they enjoyed ""challenging ourselves"" and ""putting something back into where you live"" at the same time by raising at least £1 for every mile of the race.  Follow BBC Devon on X , Facebook and Instagram . Send your story ideas to spotlight@bbc.co.uk ."
ab875540-fd87-4d11-89c2-823c2d5b0679,https://www.bbc.com/news/articles/ceqd31rjqzzo,2026-07-13,Hundreds apply for refunds over parking fines error,"A council has received more than 300 applications for parking ticket refunds within the first month of a scheme launching to allow drivers to claim their money back on fines issued in error. Elmbridge Borough Council in Surrey opened the refund scheme on 3 June and said it had received 305 applications as of 7 July, with 260 already paid out. The council said more than 9,000 people were affected, with more than £300,000 paid in fines at 17 of its car parks in Esher, Cobham, Hersham, Walton-on-Thames and Weybridge. It said it discovered the error while updating its parking terms and conditions and admitted it did not have the legal powers to issue them. A further 21 applications were in progress, while 24 had been rejected, it said. A council spokesperson previously told the BBC that anyone who could provide proof of payment and vehicle details should be able to reclaim their money, with refunds expected within two weeks. The fines were issued at car parks during early morning and evening hours from January 2020, and at multiple sites on Sundays from April 2022. A deadline for claims has been set for March 2037. Follow BBC Surrey on Facebook , on X . Send your story ideas to southeasttoday@bbc.co.uk or WhatsApp us on 08081 002250."
2040ab8a-7960-4931-8997-b30f30822de9,https://www.bbc.com/news/articles/c70yp7d917eo,2026-07-13,Great-grandfather says 'everything is gone' after house fire,"An elderly man has said everything he owns has been destroyed after two family homes were gutted in a blaze. Davy Haighton had lived in his terraced house at Knockleigh Walk, Greenisland, County Antrim, for the past 56 years. The retired great-grandfather told BBC News NI that ""everything is gone - clothes, money, documents, all our memories"". The Northern Ireland Fire and Rescue Service (NIFRS) said the ""most probable cause is thought to be accidental ignition due to embers from a nearby bonfire"". In addition to gutting the two houses, the fire also damaged two other neighbouring properties in the terrace. Haighton said his wife, who has mobility issues, was already asleep upstairs when he noticed a gate at the back of their house was ablaze shortly after midnight. ""I realised this was serious, so I got up [the stairs] and straight away woke my wife up and told her to get out because this house was about to burn,"" he said. The pensioner said both he and his wife have ""health problems because of our age"" and his wife uses a stair-lift chair. But he explained firefighters instructed her not to use the stair-lift during the evacuation for safety reasons, so she had to come down the steps on foot. The couple then walked to a nearby field and, powerless to save their home from the flames, they ""watched as the house burned"". Haighton said watching his family home burn down was ""surreal"". ""The most devastating thing, as far as I'm concerned, is the loss of our family history,"" he said. ""Fifty-four years of our life, all those memories and history, gone."" But the pensioner added: ""I'm glad, thank the lord, people got out and nobody is injured."" The other gutted house belongs to Billy Withers' daughter who moved into the property eight years ago. He went to the scene on Sunday morning to assess the damage and to try to help his daughter and her partner. ""It's eight years of a life you know?  But, she's alive and that's what I'm trying to tell her,"" Withers told BBC News NI. He became emotional as he spoke of his relief that they had escaped to safety. He said his daughter had also lost all her belongings in the blaze, aside from what she was wearing, and she had to borrow clothes from her aunt. Speaking about how the fire started, Withers pointed to the shell of the house behind him and said: ""To be honest, it doesn't matter what's caused it - this is what we have."" The NIFRS deployed 45 firefighters to tackle the blaze, which also spread to several oil tanks and a shed. It said it received a number of calls about the fire in Knockleigh Walk, the first being received just before 00:15 BST on Sunday. ""Some residents had to be evacuated from their properties, and our thoughts are with those who have been affected,"" its statement said. The fire service thanked partner agencies and the community for their help in support of the displaced families. On Saturday evening, some bonfires across Northern Ireland were lit ahead of the Orange Order's Twelfth of July parades. NIFRS said received 303 emergency calls and responded to 151 operational incidents - 54 of which were bonfire related - between 18:00 BST on Saturday and 02:00 on Sunday. Haighton said he had watched the bonfire in the estate being lit at midnight but sparks and thick black soot began spreading towards the terrace. ""When the fire took hold and the sparks started to come out, they were flying over - in their tens of thousands - over these houses."" He became concerned about his cats so he went to his back garden to check on them, which is when he noticed fire in his neighbour's garden. ""The flame was unbelievable, going like the clappers,"" he said. Worried for the family's safety, he ran to their front door and banged on the letterbox and the windows. ""She [his neighbour] eventually came down and I said to her: 'Out as quick as you can, the back of your house is on fire'."" His neighbour then phoned for help while he tried to hose down the flames, but the fire got so hot he began to feel his face burning. Realising the fire could not be stopped, he ran back into his own house to alert his wife and warn her to get out to safety. The Police Service of Northern Ireland (PSNI) said it assisted the NIFRS in Knockleigh Walk, after a report was made at 00:20 on Sunday. They added the fire has been ""deemed accidental at this time"". Alliance East Antrim MLA Stewart Dickson has called for a ""full investigation"" into the fire. He expressed his ""deepest sympathies"" to the residents of the homes and thanked their ""wonderful neighbours"". ""The whole Greenisland community really rallied around the victims of the fire."" Elsewhere, on Milner Street in Belfast, firefighters dealt with a garage fire following fire spread from a bonfire. In Cookstown, County Tyrone, firefighters had to withdraw from a bonfire due to a ""hostile crowd"", NIFRS said. Bonfires are lit every year in some unionist areas of Northern Ireland ahead of the Orange Order's parades which are traditionally held on 12 July to commemorate the Battle of the Boyne in 1690 . This year's Orange Order marches are being held on Monday 13 July because 12 July falls on a Sunday, which the Orange Order considers a religious day of rest. While many communities lit their Eleventh Night bonfires on Saturday 11 July, some will light theirs on Sunday on the eve of the parades. On Sunday, a banner with a photo of former Democratic Unionist Party (DUP) leader Jeffrey Donaldson and his wife was placed on the Sandy Row bonfire. Last month Donaldson was convicted of child sex abuse charges including rape and is currently in prison awaiting sentence. His wife Eleanor Donaldson, who faced a trial of the facts on mental health grounds, was found by the jury to have aided and abetted her husband's offending.  Homes and street lights close to bonfires across Northern Ireland have been wrapped or boarded ahead of the bonfires that are happening on Sunday night. Lights and homes just metres from a bonfire next to a playground in east Belfast have been wrapped and boarded. The lights surround part of the circumference of the pyre at Pitt Park. About 40 homes have been boarded up next to the Craigyhill bonfire in Larne. Its organisers say its height has reached 120m. The playground and sports court has also been protected from fire and heat with protective hoarding. ""With further bonfires planned, we are prepared and ready to respond to all types of emergencies,"" said NIFRS Area Commander Dermot Rooney. He encouraged everyone to ""stay safe and make responsible choices"" throughout the remainder of the bank holiday weekend. ""With warm, dry weather continuing, we also ask anyone spending time outdoors to follow our countryside fire safety advice."" While most bonfires pass off without any incident, there have been some safety issues both for people attending the bonfires and for residents living in the immediate vicinity. A man died after falling from an unlit bonfire in east Belfast on Friday night, a death which the bonfire organisers described as a ""tragic accident"". Elsewhere, some bonfires have caused controversy because they include the display of contentious images and the burning of sensitive symbols such as national flags. On Sunday Effigies of rap trio Kneecap were placed on another bonfire in Donegall Pass, south Belfast, along with a Palestinian flag, Celtic Football Club flag and Irish tri-colour. At a children's bonfire on Sandy Row, anti-immigrant messaging and sectarian slogans also appeared on boards. Last week a County Tyrone bonfire was widely condemned after a replica mosque was set alight on top of the fire before police could move in to remove it. On Saturday anti-immigration slogans and images were prominently displayed at a number of bonfire sites across Belfast. Police said they are ""aware of a number of items that were placed on bonfires... which will now be the subject of review and investigation""."
9463169c-8c73-4921-a337-58cfe5d40ebe,https://www.bbc.com/news/articles/c14yd70048no,2026-07-13,Amur tiger Ginger Biscuit settles into new home,"A rare Amur tiger is showing ""confidence"" as she gets to know her new home. Ginger Biscuit relocated to Woburn Safari Park, in Bedfordshire, on Tuesday, from Longleat in Wiltshire, as part of an international conservation programme. Her keepers said she was ""settling in well"" and was getting to know her new surroundings. The park said young tigers typically remained with their mothers for up to three years but her relocation at the age of two ""reflects that natural transition, while supporting wider conservation efforts across Europe"". Ben Davies, head of carnivores, said: ""She's settling in well, she's getting used to her new surroundings, exploring the trees and the bushes and observing the other two tigers from a distance. ""She's confident and so far, so good."" Her move was an important part of the European Endangered Species Programme (EEP), which coordinates breeding across wildlife parks, the park said. ""Her arrival reflects the role modern safari parks play in protecting species that are under real pressure in the wild. ""Our team will be focused on helping her settle in and ensuring she continues to thrive,"" he added. Amy Waller, carnivore team manager, said: ""Ginger Biscuit has been a big part of life here over the past two years, and we've watched her grow into a confident young tiger alongside her sisters. ""While it's always a difficult moment to see them move on, this is exactly what the programme is designed for, and we're proud to see her heading to Woburn as part of that wider conservation effort."" Do you have a story suggestion for Beds, Herts or Bucks? Contact us below. Follow Beds, Herts and Bucks news on BBC Sounds , Facebook , Instagram and X ."
01785c17-b579-4e78-b833-778639c63327,https://www.bbc.com/news/articles/cn8km1lgp9xo,2026-07-13,Student rower builds university boathouse in Lego,"A University of Cambridge student has spent ""countless hours"" designing and building a Lego scale model of the oldest wooden-framed boathouse on the River Cam. Keen rower Jim Gleed, 19, from Newark-on-Trent, Nottinghamshire, used about 10,000 bricks to recreate Christ's College's boathouse. His 1:42 scale model is 100cm (39in) x 80cm (31in) and includes a detailed interior, rowing crews and even the dog which belongs to the head coach. Gleed said: ""I wanted to celebrate a building that means a lot to many students using a hobby I've had since childhood."" He said he used a combination of the Lego digital design tool, trial and error, and help from friends. Gleed said the most challenging part of the project was creating rowing machines using tiny pieces of Lego. The education student started rowing for Newark Rowing Club in 2020 and now rows at Cambridge. ""The boathouse is such an iconic part of my college life, I spend almost as much time there as I do in my bedroom,"" he said. ""The brick-by-brick building process changed how I see the real thing as I now pick up each small detail I previously walked past hundreds of times."" Gleed said he hoped his model would be used to raise the profile of rowing and of Christ's College Boathouse which was built in 1887. The boathouse was renovated in 2017-18 and named the Blyth-McGregor Boathouse. Do you have a story suggestion for Cambridgeshire? Contact us below. Follow Cambridgeshire news on BBC Sounds , Facebook , Instagram and X ."
3191f536-6031-4868-9f95-9405aa7a6f27,https://www.bbc.com/news/articles/c20yvg13nqpo,2026-07-13,Tributes paid to TV presenter Dermot Murnaghan,"Broadcasters and politicians have paid tribute to TV presenter Dermot Murnaghan, who has died a year after he revealed he had been diagnosed with stage four prostate cancer. The former BBC, ITV and Sky News journalist was 68. ""It is with great sadness that the family of Dermot Murnaghan announces that he passed away at home in North London earlier this morning,"" his family said in a statement posted to his X account. ""He died peacefully with his family at his side."" A fixture on British TV news across five decades, he presented flagship programmes including the ITV Evening News and the BBC News at Six and Ten. Murnaghan was a main presenter of BBC Breakfast from September 2002 to December 2007 and also hosted quiz show Eggheads. After revealing his diagnosis last summer, he became an outspoken advocate for men to get tested for the condition. ""Needless to say my message to all men over 50, in high risk groups, or displaying symptoms, is get yourself tested and campaign for routine prostate screening by the NHS,"" he said. ""Early detection is crucial. And be aware, this disease can sometimes progress rapidly without obvious symptoms."" His family thanked the public ""for the many, many kind messages of goodwill that he received over the last year since his diagnosis of Stage IV prostate cancer and his subsequent campaigning to raise awareness for screening programmes for the disease"". Common prostate cancer symptoms can include needing to urinate more frequently, particularly at night; difficulty starting to urinate, weak flow and it taking a long time; and blood in urine or semen. However, there may be no sign or symptoms for years. Born in England, Murnaghan's family moved to Northern Ireland when he was a child. He went to primary school in Armagh city and attended secondary school in Holywood, County Down. After graduating from Sussex University, he completed a postgraduate course in Journalism at City University. Murnaghan started his career at local newspapers, before later moving to Channel 4 News and fronting ITV shows including The Big Story and the News at 10 from 1993 to 1997, and the channel's Evening News and Nightly News from 1999 to 2001. In 1998, he won a Royal Television Society award for his interview with Peter Mandelson over a secret loan of £373,000 he received from his ministerial colleague Geoffrey Robinson. Mandelson resigned from government the following day. Murnaghan moved to the BBC in 2002, as one of the main hosts of BBC Breakfast, the Six O'Clock News and the Ten O'Clock News. He presented Eggheads for 11 years from 2003, and was one of the faces of Sky News from 2007 to 2023. Murnaghan also hosted the documentaries Crimes That Shook Britain for Channel 5 and Killer Britain for the Crime + Investigation UK channel. He later launched his podcast Legends of News, speaking to other seasoned journalists and correspondents about major stories they had covered. Tributes have been pouring in for Murnaghan. ""He was peerless in the presenter chair,"" Sky News' political editor Beth Rigby posted on X. ""I loved being on set, or in Downing Street, with Dermot because he was always in absolute command but so cool too. He made handling the most high-pressure moments look effortless."" Sky News presenter Anna Botting said he would ""always be a legend of news"". Jonathan Munro, interim CEO of BBC News, said: ""Dermot was a true gentleman, and a brilliant journalist and broadcaster who was much-loved by viewers and by his BBC colleagues."" ""He was a consummate professional and someone who really had a natural ability to connect with audiences,"" he added. Broadcaster Piers Morgan said it was ""very sad news"", adding that ""Dermot was a terrific journalist, and a lovely man"". Channel 4 News lead anchor Krishnan Guru-Murthy said: ""What a sad loss so young."" ""Dermot was a very fine journalist and presenter whose career spanned all the main British broadcasters. He was also very kind,"" he said, referencing his charity work. MP Andy Burnham, the likely incoming prime minister, said he was ""so sad"", adding: ""Dermot was an exceptional broadcaster and a truly decent person. I always enjoyed being in his company."" Former Prime Minister David Cameron, who has also been treated for prostate cancer, said the presenter's decision to highlight the importance of testing will have helped many men. ""I think it's really important that Dermot came out in the way that he did - as in his broadcasting life, he did it with incredible clarity and just simplicity,"" Lord Cameron told Sky News. ""And as someone who was so well-known to people through his broadcasting career over 40 years, it will have had a huge impact."" Liberal Democrat leader Sir Ed Davey said Murnaghan was a ""broadcasting legend who we have lost far too soon"". ""His tireless advocacy, encouraging more men to get tested for prostate cancer, will no doubt have saved lives."""
90f82096-bf61-44e8-82f7-c59062e76be8,https://www.bbc.com/news/articles/c3dy7jgx5jno,2026-07-13,'Gut-wrenching': UK gap year students lose thousands after tour operator closes,"UK students have shared their ""gut-wrenching"" loss and ""disappointment"" over a volunteer travel company going out of business. GVI offered conservation and development placements all over the world, including in Fiji, Cambodia and the Maldives. But gap year students have told BBC Newsbeat they have been left thousands of pounds out of pocket after paying to go abroad with the group. Bosses say they ""deeply regret"" the effect on customers, after confirming GVI would be formally closing and going into liquidation on 1 July. GVI was popular with school leavers and gap year students who would pay to take part in placements. The company was part of the ""voluntourism"" sector,  which combines voluntary work with adventure travel. Amy Taylor, from Manchester, says her three-month conservation internship in South Africa is cancelled, with no clarity on if she will get her £4,000 back for the trip. She describes it as ""gut-wrenching"" to receive the email from GVI at the start of the month. For Amy, the South Africa internship was more than just a once in a lifetime trip - but a chance to get hands-on experience in her dream job. ""I was so happy within myself when I got accepted,"" the 21-year-old student tells Newsbeat. ""I was just so excited about the future that I might have."" After finding out about the programmes at university - where she is studying wildlife conservation and zoo biology - Amy decided to book one in September 2025. ""[The idea was] when I graduate, I'd go to employers and say: 'I have this much experience, I've got this under my belt'."" She hoped her GVI experience would help her ""stand out"" in the job market and secure her dream job. But now, ""there's essentially absolutely nothing I can do about it."" Amy says potentially losing the money is bad, but not the worst thing about the situation. It's the ""disappointment"" of losing the opportunity, she says. Linus Rowland-Bell, from Liverpool found out about GVI through a university careers fair. He planned to complete a programme in Peru, billed as an internship in the  Amazon rainforest. The 23-year-old thought it would help his career prospects after finishing his degree in biology and bio-technology. He paid the full £2,258 up-front after GVI advised him there would be a discount for doing so. ""To save up that money I worked two days a week alongside my studies,"" he says. Linus planned to make the trip this summer but says a series of ""concerning"" events, documented in a series of emails shared with Newsbeat, raised his suspicions. By May this year, he still had not completed an online training course due to be done in April. He was told Canvas, the software used to administer the module, was down - something he found ""a bit dodgy"" because he uses the same platform at university ""with no problems whatsoever"". On 28 June, Linus received an email from the centre in Peru advising it could not take on any new participants because GVI had not paid them for six months. The next day he received an email from GVI saying it was working on a resolution, with an offer to reschedule the planned trip or obtain a credit certificate ""for future travel"". Two days later Linus received the liquidation email sent to all customers. ""The thought of all that money, all that time that I've saved up, that excitement completely vanishing into the ether, it was terrifying,"" he says. Linus was able to get a full refund via his bank, and says he's exploring last-minute options for this summer. But the episode has ""created a big paranoia in trusting any companies that are in charge of travel bookings,"" he says. GVI's website has been replaced with a statement from chief executive Andrew Valentine, who said that closing its doors after 28 years is a ""deeply sad conclusion to a remarkable journey"". He added that they ""regret the effect that GVI's closure will have on staff, projects and customers, and we are committed to providing clear information to those affected as GVI goes through a formal liquidation process"". When a company goes into liquidation, its assets are used to pay off its debts and any money left goes to shareholders. All current and future GVI programmes have been cancelled and travellers have been directed to liquidators for the claims process. BBC Newsbeat has approached the company for more information, but received a reply from the company's liquidators, directing us to their case documents published online . Amy says she is relying on her bank to reclaim her money as her travel insurance was booked through GVI. ""If I don't get the money back, I can't go anywhere else and I don't really trust anyone at the moment to be able to go anywhere else. ""It didn't seem like they were struggling - everything looked professional."" Another customer, Anna, tells us she was set to fly to Cambodia on 3 July with GVI for a four-week research fellowship. She says she found out about the GVI closure from a group chat, just as she was getting ready to leave. ""It's just really disappointing."" The university student from Cheshire says her trip cost more than £2,500, and that she has so far only been able to claim back part of her flight. ""Obviously it's quite anxiety-provoking, not knowing where all that money is going."" Anna says she's awaiting more information from the liquidators. ""I know some people have booked six-month or even one-year programmes - it must be really, really tough."" Like Amy, Anna had heard of GVI through university and had no reason to doubt it. ""That's why it was such a shock."" Listen to Newsbeat live at 12:45 and 17:45 weekdays - or listen back here ."
5d9a7dd4-e366-4dac-bcfc-ce40a03bb4d0,https://www.bbc.com/news/articles/c621p7x2lx0o,2026-07-13,"Roman 1,600-year-old 'guardian spirit' discovered","A ""beautifully preserved"" Roman sculpture depicting a protective guardian spirit has been dug up at an archaeological site. The sculpture was discovered at Vindolanda in Northumberland - a former Roman fortress from the 4th Century - and archaeologists believe it has been lying beneath a military building's floor for more than 1,600 years. The sculpture is now undergoing conservation and a detailed study, before going on public display in the on-site museum in Hexham. Director of excavations Dr Andrew Birley said: ""As archaeologists, moments like these are incredibly rare, and we feel privileged to have uncovered and preserved such an important part of the site's story."" Dr Birley said he initially did not know who or what the sculpture was, but Hadrian's Wall scholars identified it as a protective spirit called a Genius by the Romans. In one hand, it is holding a cornucopia - a motif of a horn overflowing with food - symbolising abundance and prosperity, according to the Vindolanda Charitable Trust. In the other hand, it is holding a patera - the shallow dish used in ritual offerings. Archaeologists believe it was carved locally, either by a mason working at Vindolanda or a sculptor from a regional carving workshop, such as the nearby Roman fort of Lanchester in County Durham. Surviving carved stone objects like this are ""comparatively rare"", the Trust said, and it offered ""fresh insight"" into the religious beliefs of the soldiers and families who lived at the fortress during the final centuries of Roman Britain. Dr Birley added: ""It was almost as though Vindolanda itself had reached out to the team and quietly said: 'We approve of what you are doing'."" Follow BBC North East on X , Facebook , Nextdoor and Instagram ."
32859eec-94a7-4da5-9a54-478b4d42e032,https://www.bbc.com/news/articles/c4gynz997e1o,2026-07-13,Woman thanks crews for restarting partner's heart,"The partner of a man revived after suffering a cardiac arrest said the ""humanity"" of the ambulance crews ""carried us through what could have been the darkest day of our lives"". Nigel Dunlop, from Camberley, had finished a day of maintaining the grounds at Royal Military Academy Sandhurst, on the Surrey-Berkshire border, when he suddenly collapsed. South East Coast Ambulance Service (Secamb) crews, including a critical care paramedic, arrived in minutes and worked quickly to restart Dunlop's heart with a defibrillator. His partner Jo Summer, who was reunited with some of the team alongside Dunlop, believes his ""story could have ended very differently"" without Secamb's intervention. ""It is impossible to put into words the depth of our gratitude... thank you for being there when it matters most,"" she told them. ""Your calm professionalism, your speed, your skill and, above all, your humanity carried us through what could have been the darkest day of our lives. ""We know that without your intervention, your expertise and your unwavering dedication, this story could have ended very differently."" Dunlop said he was grateful to everyone who helped to save his life, including the person who made the 999 call, [and] the people from the main building who started CPR."" The person who answered the 999 call was emergency medical advisor Emma Jane Sparks, who praised staff at Sandhurst for working ""as a great team"" until the ambulance crews arrived. Follow BBC Surrey on Facebook , on X , and on Instagram and listen to BBC Radio Surrey on Sounds . Send your story ideas to southeasttoday@bbc.co.uk or WhatsApp us on 08081 002250."
9d43d30d-e977-49d1-897e-1da5ab006d93,https://www.bbc.com/news/articles/c892j4w3d13o,2026-07-13,Pubs scoring big cash boosts during World Cup,"Pubs across the South West have had a real boost in trade as a result of the World Cup, landlords say. Hundreds gathered in pubs at 02:00 BST on Monday to watch England's 3-2 win over Mexico and publicans said they were expecting it to be busy again on Saturday for the Three Lions quarterfinal clash with Norway at 22:00. Lewis Challen, landlord of the Ploughboy in Saltash, Cornwall, said the competition had had a ""massive impact"" and he had seen a ""five-fold increase"" in trade. While Anthony Cassidy, co-owner of the Galaxy Sports Bar, Torquay, Devon, said they had ""tripled the amount of stock"" for the tournament. The time differences have meant many games have been screened late in the evening or in the early hours. Prior to the tournament, the Home Office announced a change to the licensing laws in England and Wales during the World Cup , which meant pubs could stay open until 01:00 for England or Scotland matches in the knockout stages that kick off between 17:00 and 21:00, and until 02:00 for kick-offs between 21:00 and 22:00. For England's game against Mexico, which kicked off at 02:00, Prime Minister Sir Keir Starmer announced hat pubs could stay open until 05:00 for the match. Cassidy said between 80 and 100 people watched the game in the early hours and it was the ""best atmosphere we've had"". The British Beer and Pub Association said an estimated 55 million additional pints are likely to be poured if England make it to the World Cup Final. Challen said they have had ""extra beer delivered every day"" and was hoping for another ""bumper night"" on Saturday. He said it had been a difficult time for the industry but ""we can only thank the football for this trade"". ""With the World Cup, we've also had Wimbledon, the nice weather, it's been good. ""You've got to soak it in when you can."" Cassidy reiterated those sentiments. ""As a sports bar, we have to fight the sun a lot. With the hot weather, people want to be at the beach. ""But the World Cup has had a great affect and people want to come in. ""We know it's a tough industry to be in at the moment, but we are really lucky."" Follow BBC Cornwall on X , Facebook and Instagram . Follow BBC Devon on X , Facebook and Instagram . Send your story ideas to spotlight@bbc.co.uk ."
83054f11-ac57-4183-a9ba-789db9cdd30f,https://www.bbc.com/news/articles/cx249p3ndjgo,2026-07-13,Festival applies for main stage music extension,"Reading Festival organisers have applied for a licensing change that would allow music on the main stage on a fourth day of the event. More than 100,000 people attend the festival each year, with the Wednesday and Thursday seen as warm-up days, where people with camping tickets can arrive ahead of the main event days of Friday, Saturday and Sunday. Festival Republic has applied for amplified music to be added to the licence for Thursdays, on the main stage only, from 17:00 BST until midnight. Any change to the events licenses require approval from Reading Borough Council and, if granted, would come into effect from 2027. Additionally, the organisers have applied to extend the hours alcohol can be sold. The festival has already undergone some changes since restarting after the coronavirus pandemic in 2021. From that year until 2023, the site had two main stages, until the dual main stage format was replaced with the Chevron Stage in 2024. British stars Charli XCX, Dave and Raye will headline this year's festival and its sister event in Leeds. Irish rock band Fontaines DC, electronic duo Chase & Status and band Florence + The Machine will also top the bill at both events. The events will take place at Reading's Richfield Avenue and Bramham Park in Leeds between 27 to 30 August, with artists rotating the days they perform. You can follow BBC Berkshire on Facebook , X (Twitter) , or Instagram ."
19317a4a-ecbd-4f40-bd37-e4cf75a8146c,https://www.bbc.com/news/articles/cq819kepl8vo,2026-07-13,Cricketer secretly pens thriller before his death,"The family of an amateur cricketer who died of cancer were stunned to find out he secretly penned a book during his final months. Matt Murray, from Colchester, wrote the thriller while undergoing chemotherapy, and only told his relatives about it a fortnight before his death on 16 December. The 30-year-old accountant, who captained the 2nd XI at Eight Ash Green Cricket Club, had asked for the profits to be donated to charity. ""It shows the sort of human he was,"" said his younger brother, Jamie, adding: ""I'm particularly proud of him for doing it."" Murray was diagnosed with a wilms tumour - a form of kidney cancer - as a child and, despite getting the all clear, it reappeared in 2013. Remarkably, he managed to continue playing cricket and achieved a first-class economics degree at Loughborough University. His book, called A Transfer of Consciousness, follows a police officer who gets wrapped up in a shadowy medical world after being diagnosed with cancer. ""He got it edited without us knowing or anything like that, so it was a right old surprise,"" Jamie Murray said. The younger sibling was tasked with getting the 164-page book published and spent hours overseeing this with his brother's best friend. It finally got over the line in May and was unveiled during a memorial match at the cricket club in June. ""I think people are very quick to give excuses because they don't have time or don't have the ability, but look at him,"" Murray said. ""He was going through quite a hard life and dealt a pretty torrid time, but he still managed to do this, still managed to do the things he loved and didn't really let the disease define him."" The family hope it will raise vital funds for the Teenage Cancer Trust as a thank you for the support they have received. Paying tribute to his brother, Murray added: ""He was this person who always looked beyond the disease and always seemed very positive. ""He was certainly one of the best brothers you could ask for."" Do you have a story suggestion for Essex? Contact us below. Follow Essex news on BBC Sounds , Facebook , Instagram and X ."
08edef7a-3998-4ace-b787-1f2cac7a93a1,https://www.bbc.com/news/articles/cjrgvxjqdlvo,2026-07-13,Pupils vow to save 'dying' river in beauty spot,"Children who live near a beauty spot say they are concerned the river through their village is ""dying"" after conducting water quality sampling. Pupils from Dedham Church of England Primary School in Essex asked a local climate action charity to help them investigate pollution in a stretch of the River Stour popular with swimmers, paddleboarders and tourists. Year Four teacher Emily Keeley said the children were ""really quite disheartened to find it was so polluted"" but were passionate about raising awareness of the issue. ""If we don't look after our world, there's no planet B and if we don't fix it, then there will not be the river and no animals in here,"" said nine-year-old Florence. ""We should tell people that the river is dying and we need to help it."" Noah, also nine, added: ""If no one does anything about it, then the river will just go and no one will be able to go in,"" adding that it would no longer remain a nationally-important landscape. The pupils are planning to write to the Conservative MP for the area, Bernard Jenkin, asking for a storm drain to be installed on the nearby A12 to stop chemicals draining into the river. Immortalised by painter John Constable , Dedham sits in an Area of Outstanding Natural Beauty (AONB) on the Essex-Suffolk border, and has reportedly recently seen an increase in issues including litter and bad parking. The children have been carrying out tests with the help of PACE (Practical Actions for Climate and the Environment), a charity which started life in nearby Manningtree in 2019. One of its founders and trustees, John Hall, said the group had been sampling water in the River Stour for three years and had adapted their process for the children. ""I've been in biology all my life so I understand a lot about the different insects and other animals that live in rivers, plants in rivers and so on,"" he said. ""If they [the school pupils] have got that understanding then they'll want to do something about it, they'll want to make sure the water quality of their river is as good as possible."" Using a technique called riverfly monitoring, the sampling looks at levels of invertebrate life in the water, which means any pollution or deterioration in water quality can be quickly detected. Miss Keeley said the Year Fours had been looking at environmental issues ""in a global context"" but the water sampling had ""brought it home to Dedham"". ""It's a beautiful place and just from visiting on a day trip, you might not necessarily know that there are all these underlying issues,"" she said. ""I think these guys are so passionate and enthusiastic about everything we've learned this half term, and they're so keen to do things even beyond the classroom, so it's been fantastic to see them get so engaged with it."" The Environment Agency said it respected the ""citizen science"" work of PACE Manningtree and welcomed the new Water (Special Measures) Act, which is aimed at improving the regulation of water companies in England and Wales. ""The Act will give us, as regulator, more power to protect our precious water quality and resources, hold water companies and others to account and ensure the polluter pays,"" it said. ""A number of factors can affect water quality. It is certainly not just about water companies. Weather, animal poo, road-run-off and littering are all to blame."" Do you have a story suggestion for Essex? Contact us below. Follow Essex news on BBC Sounds , Facebook , Instagram and X ."
53b08f25-2125-40cc-8aa7-f3cc959f9f02,https://www.bbc.com/news/articles/cx2dzez0gv9o,2026-07-13,Owners told 'don't let dogs wee' in new water feature,"A council is reminding people not to drop rubbish, damage plants or let their dogs wee in a new water feature. Plymouth City Council has asked people to treat Armada Way's new manmade stream with ""kindness"" and avoid its planted areas if they want to dip their toes in. The rill is part of a sustainable urban drainage system (SUDS) which manages rainfall across the city centre's new £30m development. It is home to reed beds and dragonflies, with its water filtered and recycled to feed 25,000 new plants and 176 new trees. Thousands visited the new-look Armada Way last weekend when it opened after nearly two years work. The rill works alongside rain gardens, reed beds and underground storage tanks to reduce runoff into the sewer system by up to 77 percent while helping maintain the planting throughout, the Local Democracy Reporting Service has said. Reiterating the ""the rules of the rill"" on Facebook, Plymouth City Council wrote: ""Please don't drop rubbish in it; please don't let little hands or feet rip out the freshly planted reeds; if you have to dip your toes in please do so away from the plants; dogs can dip paws and take a slurp, but please make sure they don't wee in it!"" It added: ""And don't forget there's a whole water jet area to enjoy if you do want to splash around."" The large play area for children includes its own mini stream, pumps and sluice gates as well as the dancing jets. Plymouth's Armada Way project received over 60 percent of external funding as part of plans to help regenerate the city centre, where thousands of new homes are planned. Councillors hope the scheme will attract more investment to the city centre. A masterplan for green spaces, infrastructure and housing is currently being developed. Follow BBC Devon on X , Facebook and Instagram . Send your story ideas to spotlight@bbc.co.uk ."
2f874e6c-152a-4a88-b831-50fb3a6f66f0,https://www.bbc.com/news/articles/cdr488kl1j5o,2026-07-13,'Fresh arrest in killing of Widdecombe' and 'Saved by the Bell',"England's progression to the semi-finals of the World Cup happened too late to make the first editions, which - instead - focused on the ongoing investigation into the murder of Ann Widdecombe. The Mail on Sunday reports that all senior politicians for Reform UK, the party for which Widdecombe spoke on justice and immigration, are receiving round the clock protection. The paper says it also understands that, while Widdecombe's house had security cameras, it's thought her killer may have gained entry through a door left open because of the hot weather. Writing in the Mail another former Conservative minister and current Reform member, Nadine Dorries, says she plans to lock up her cottage in the Cotswolds and return to London, because she feels ""genuinely scared"" for the first time since she stepped into public life 25 years ago. The Sunday Times says it has been told by a friend of Widdecombe that she had resisted heightened security measures for her home despite concerns from others about her possible vulnerability in such an isolated spot. The paper quotes Sir Christian Sweeting as saying she had dismissed his suggestion that she should have an electronic gate installed ""out of hand"", because she ""never had any fears about security"". But the Sunday Mirror quotes a local councillor as saying there will now be ""a lot of elderly people worried who live alone there."" Andy Burnham's possible approach to issues including the Chagos Islands and trials without juries are on the front page of the Sunday Telegraph . The paper says if Burnham does, as is expected, become the new Labour leader and prime minister - it understands he will press ahead with the Chagos deal that cedes the islands to Mauritius. The paper quotes a senior Foreign Office official as saying that plans to hand over the archipelago were ""unlikely to change"". But the Telegraph says, quoting Burnham's allies, that he is preparing to axe controversial plans to curb jury trials, although the paper says he is understood to be supportive of other measures aimed at reforming the criminal justice system and reducing the court backlog. The Sunday Express carries a warning that the government's spending plans for defence will mean the end of the Royal Navy as we know it, and risk the deaths of sailors. The paper says it's spoken to critics, including the MP Mike Martin, a member of both the Commons' Defence Select Committee and the Joint Committee on National Security Strategy - who have warned that the transition from warships to autonomous vessels leaves the UK vulnerable at a time when Russian aggression is expected to rise. The Ministry of Defence has told the paper the Navy is being ""transformed"" to deliver the UK's most advanced maritime air defence capability for the future. Much is made in a number of the papers of the Duke of Sussex taking part in a spot of ""goat yoga"" at a summer festival in Warwickshire on the final day of his visit to the UK. The Sun is among those carrying photos of Prince Harry standing on one leg while making goat ""ears"" with his hands. Finally Harry has the freedom to act the goat, says the Telegraph . Sign up for our morning newsletter and get BBC News in your inbox."
0f099fde-8cba-4e85-9ed5-73f65a0fb29d,https://www.bbc.com/news/articles/ckg4e41k14yo,2026-07-13,'Manchester-type buses would need extra funding',"Implementing a Manchester-style bus system in Cornwall would require a ""step change"" in funding, Cornwall Council has said. The favourite to become the next prime minister, Labour's Andy Burnham, said he wanted the rest of the country to benefit from the greater public control of buses he oversaw as the city region's mayor. Under its bus franchising model, the mayoral authority sets routes, timetables, and fares - with private operators bidding for contracts to put on subsidised services. The council said that, for something similar to work in Cornwall, greater levels of subsidies would be required to ensure buses would be able to serve more rural and less populated areas. Councillor Dan Rogerson, the portfolio holder for transport on the council, said it had been researching how bus franchising could work. ""There are bits of Cornwall where a commercial service works - Truro, Falmouth, Camborne, Pool, and Redruth. ""You get up into north and east Cornwall, it is a lot harder. We could do a lot more if we had greater subsidy and a prime minister who really values public transport. ""And, if franchising isn't the way forward, then even just a bit more resource from government to allow us to build on the network we've already got would be great,"" he added. Under Manchester's bus system, 16 to 18 year-olds also receive free bus travel to help them continue with their education. Students from Penair School in Truro starting college in the autumn said they would like to see something similar. Maisy said: ""I'm going to have to take two different journeys every single morning and after school. ""That will cost £8 a day, which I think is really extortionate."" Tom agreed: ""The college is about £850 for a bus pass, so it's quite challenging."" Cara said: ""The best option is to get the bus but, obviously, it's a tricky decision just because of the price and whether it's worth it."" Reece added: ""I don't live within walking distance to anywhere that I would like to go, so buses I have to rely on heavily."" Luke Bazeley, deputy principal of Cornwall College, agreed transport was a ""huge barrier"" to young people's life chances. ""Where you live shouldn't dictate your opportunities. ""When they come for an open day, they go away and look at financially what that looks like for their parents - it does actually put them off and they maybe fall out of education,"" he explained. Rogerson said he supported the concept, but stressed it was currently not affordable. HE said: ""It would be fantastic because we have a group of people who want to enjoy what Cornwall has to offer, to work, to study, and gain those experiences. ""To do completely free travel would require a real step change in what we get from government."" During a debate on rural bus services at Westminster this week, Transport Minister Simon Lightwood said: ""We will provide meaningful financial support to improve bus networks totalling more than £3bN over the next three years. ""That includes nearly £700m per year for local transport authorities through the local authority bus grant. ""This government's bus reforms are fundamentally about giving local leaders more powers and more choice over how to deliver services. ""That is why work is under way to provide active support to local transport authorities that wish to explore franchising, particularly in rural areas."" Follow BBC Cornwall on X , Facebook and Instagram . Send your story ideas to spotlight@bbc.co.uk ."
14f5b1e0-3c3d-4b13-aa88-98e9dfa41840,https://www.bbc.com/news/articles/cy73l32dj1no,2026-07-13,Teenager charged with murder after off-road bike crash,"A teenager has been charged with murder following a fatal crash between a car and an off-road bike. Police were called to Pen Cae Crwn Road, in Gorseinon, Swansea, at about 13:00 BST on Thursday, where a man was pronounced dead. Tyler Ford, 18, from Morriston, has been charged with the murder of Ceiran Evans, also 18, from Gorseinon, following the incident. He has also been charged with attempted murder of a second man - a 19-year-old who remains in hospital - and is being held in police custody. South Wales Police said formal identification had not yet taken place but the family of Ceiran Evans is being supported by specially trained officers. Four other men arrested as part of the investigation are on police bail. They are: Det Ch Insp Danielle Thorne, from South Wales Police, said the investigation was ""continuing at pace"" and appealed for anyone with information on the incident to come forward. She added: ""We are aware of social media footage circulating from this incident, and we once again ask that this is not shared for obvious reasons. """
b40af637-188a-453c-86e2-eb27c11bf3ef,https://www.bbc.com/news/articles/cx238y1nlpgo,2026-07-13,Landslip road stabilisation work hits halfway point,"A year-long project to stabilise steep slopes alongside a key route in Dorset to prevent further landslips has reached the halfway point. The C13 at Dinah's Hollow, near Shaftesbury, has been closed with diversions in place since January. Dorset Council previously said there was a risk of a fatality on the route unless the work went ahead. The stabilisation work involves putting steel nails into the slope face, covered with mesh, along with clearing trees, reprofiling the slopes and improving drainage. The council said the recent hot weather had meant weekday working hours were extended to cooler parts of the day and working at weekends. It said  residents had been informed. In 2015, concrete barriers were put in along the roadside as a temporary safety measure to reduce the risk from landslips. Despite the barriers, there have been several landslips. In 2016, about 35 tonnes of soil slipped from the east bank and, in 2021, a further six to eight tonnes fell between the barrier and the road. The road is closed between Boundary Road and the B3081, with access for residents and emergency services between Boundary Lane and West Lane. A diversion route will be in place on the A350 but HGVs travelling southbound will be directed along the A30 to Shaftesbury then on to Stalbridge to re-join the A350. Other measures in place during the works including one-way systems and temporary 20mph speed limits. The work is expected to be completed by the end of December."
57fbdaf6-fb51-43e2-9a96-2fc8921c7a20,https://www.bbc.com/news/articles/cx2vz37z7v3o,2026-07-13,Wimbledon vs World Cup: Who wore their look best?,"Wimbledon and the World Cup are known for their high stakes, high drama and - this year - high fashion. On both sides of the Atlantic, fans, celebrities and players have been bringing their sartorial A-game to two of the biggest sporting events of the summer. Use our interactive tool to rate their tournament style. There are four rounds and each allows you to select your standout looks. Keep clicking on your favourite outfits until you find the one you like best. Then select your overall winner. Will it be football or tennis? Choose your overall winner."
4c20723a-a05b-4bd0-9152-b6bbcfd83dd0,https://www.bbc.com/news/articles/c9327ej7129o,2026-07-13,The battle to bring London Diamond League 'home' to Crystal Palace,"Phil Wicks can remember the likes of Usain Bolt descending on a packed stadium in south London for a glittering evening of athletics. ""It was relatively cheap, it was right on the trackside for a big, televised international meet of athletics. I was a student at the time and would go each year."" This was Crystal Palace National Sports Centre, where the London Diamond League, and its predecessor the London Grand Prix, was held until 2011. Seb Coe, Steve Ovett, Kelly Holmes - you name it, many greats have raced here. It all changed after the London 2012 Olympics, when the London Stadium in east London became the venue in vogue for the UK's flagship annual athletics event. Known nowadays as the London Athletics Meet, it has sold out in each of the past three years, drawing 55,000 people from across the country to watch track stars and Olympians go for records and prize money. But families and fans told BBC News earlier this week that tickets costing £95 for the usually cheaper parts of the track, which our analysis showed were among the most expensive of all 15 cities in the elite league, were pricing them out. It has sparked a debate over whether the London Stadium, which cost £750m to build and regenerate, is the best venue for the London Diamond League - or if there is an alternative. Wicks, a former GB distance runner, recalls Crystal Palace's prices were cheaper, even allowing for inflation, than many London Diamond League seats today. Now a father of two, he estimates it would cost about £300 plus travel and food to go on a family trip to this year's meet - but organisers can justify it because they are filling the stadium and entertainment in the capital is expensive, he points out. Crystal Palace, on the other hand, is ""a complete wreck now - it's falling apart,"" he says. That may soon end with plans for a newly developed Crystal Palace National Sports Centre recently submitted to Bromley Council, backed by funding from London Mayor Sir Sadiq Khan for the £130m project and with contractors Morgan Sindall on board. A decision on the application is expected within weeks, and if a commercial partner can be found to fund the stadium part of the development , Crystal Palace's appeal as a venue for major track and field meets could come roaring back to life. Many challenges lie ahead, not least the £100m-£150m that campaigners estimate the stadium would cost to be ready by 2030 . Another is that London Diamond League organisers Athletic Ventures - which includes governing body UK Athletics (UKA) - have shown no sign they want to budge from London Stadium , a venue many GB stars love. But Wicks feels something is missing. ""I've been to the London Stadium a few times and the atmosphere there is nothing like it was at the old Crystal Palace stadium,"" Wicks says. ""You were so much closer to the track there - you were pretty much on top of the track and it was incredible."" He compares it to the likes of Oslo and Stockholm Diamond League - the latter attended by hundreds of British people this year - which have smaller stadiums where ""you really feel like you're in the action"". Asked what the campaign to revive Crystal Palace has been like, former sprint coach John Powell says ""there have been more ups and downs than a rollercoaster"". He is speaking to us trackside at Crystal Palace, its grandstands and shuttered scoreboard almost silenced and yearning to return to their former glory. Now, he says there's tangible excitement about the venue's future and stars should feel there is as much ""hallowed turf"" here than over in the Olympic Park. ""For me, the [London Diamond League] venue is wrong. Yes, it's got the Stratford transport hub nearby but it's a good 15-20 minute walk from there,"" Powell says. ""Crystal Palace is the most accessible multi-sport venue in the country by an absolute street. ""Look how much it costs to set up Stratford before you have a single spectator in the ground - Crystal Palace can be ready and waiting with appropriate investment."" Powell, a retired police superintendent and chair of the Crystal Palace Sports Partnership, also feels younger generations would benefit from being able to train on the same track that global athletics stars race on. ""Upgrade the stadium, bring the Diamond League back and let's have athletics in its true British athletics home."" A source close to London Stadium points out it is well-connected and holds more than double the number of fans that a redeveloped 25,000 seat Crystal Palace would, and the seating design has been improved. But the discussion around Crystal Palace's suitability is unlikely to go away if the plans are approved, as the debate around London Stadium grows. The latest stumbling block surrounds Britain's bid to host the 2029 World Athletics Championships at London Stadium - because the event would clash with West Ham's football fixtures. British 800m star Keely Hodgkinson weighed in earlier this year, calling for a solution to be found; it is understood talks are ongoing. Then there are the complex agreements drawn up after the 2012 Games. UKA is understood to pay £35,000 a year under its 50-year lease to London Stadium, while West Ham's Premier League relegation means the club's £4.4m annual rent for the venue is halving, with taxpayers picking up the rest. It costs £3m each time the London Stadium moves seats from a football set-up to an athletics configuration, but neither UKA nor Diamond League ticket-holders pay for it - the stadium does. It brings the taxpayer's total bill for using London Stadium in the year 2026-27 to £23m, as set out in the Greater London Authority budget. A spokesperson for Sir Sadiq told the BBC the West Ham lease was ""a bad financial deal for Londoners"" signed under the previous mayor, with no break clause and ""significant losses to the taxpayer"". Sir Sadiq's office praised the stadium as a ""highly valued asset for London"", while at the same time he said he was ""proud"" of the Crystal Palace redevelopment and ""continues to work with partners and the local community on plans for the major refurbishment of the athletics stadium"". A senior athletics source said any ""speculation regarding other venues is irrelevant"" and London Stadium ""continues to be an excellent venue"" for the sport - but that bosses support investment in athletics facilities across the country, too. The argument from Crystal Palace campaigners is that by investing in a ready-made stadium, taxpayers save money in the long run, and athletics has a natural home. They say concerts, offices and film shoots would bring a viable revenue stream. Though there is no indication the UK leg of the Diamond League would move from London Stadium, it wouldn't necessarily stay in the capital if it did. Birmingham's Alexander Stadium, which has about 18,000 capacity without temporary seating, has had significant investment and will host the European Championships in August. And this summer's Commonwealth Games are being held in Glasgow's Scotstoun Stadium. Not to mention the athletics stadiums that once stood - among them the 25,000-seat Don Valley Stadium in Sheffield , built for the World Student Games in 1991 but demolished in 2013 thanks to maintenance costs and public funding budgets. As the Diamond League's CEO Petr Stastny tells BBC News, ""the London Stadium is the site of the 2012 Olympic Games and as such one of the sport's most iconic modern venues"". It is perhaps a marathon, not a sprint, to establish whether the venue can remain a fitting home for major athletics events for years to come. Listen to the best of BBC Radio London on Sounds and follow BBC London on Facebook , X and Instagram . Send your story ideas to hello.bbclondon@bbc.co.uk"
eb65ff0e-2eb0-4d5d-9969-bdcb51d6ff5f,https://www.bbc.com/news/articles/c20ywjn3xvgo,2026-07-13,Driver avoids injury as gravel thrown from bridge,"A driver escaped without injury after gravel thrown from a motorway bridge struck the vehicle they were travelling in, causing the windscreen to shatter. Surrey Police said two people were spotted throwing the small stones from a footbridge above the M3, between junction three for Lightwater and junction four for Frimley, on Wednesday at about 09:00 BST. The vehicle that was struck was travelling on the westbound carriageway, the force said. An appeal for witnesses has been launched, with police asking anyone who was in the area or who has footage of what happened between 08:50 and 09:10 to contact them. Investigating officer PC Newton, said: ""The potential for tragedy with such reckless behaviour is enormous. ""Actions like this can and have had fatal consequences, and we will prosecute anyone found to be responsible."" Follow BBC Surrey on Facebook , on X . Send your story ideas to southeasttoday@bbc.co.uk or WhatsApp us on 08081 002250."
f1b42665-540a-48d2-9227-7ef5551d4b32,https://www.bbc.com/news/articles/cg4w7e3x513o,2026-07-13,'I thought it would be nice to let strangers into my garden',"A keen gardener who spent 18 years of love and attention on her garden has told why she opened it up to the public. Lesley Middleton, and her husband Mike from Poulton-le-Fylde, Lancashire, have transformed the garden which goes all around their home on Breck Road. Middleton, a member of the Royal Horticultural Society (RHS), revealed her labour of love to the public as part of the society's National Garden Scheme, where ordinary householders are encouraged to display their gardens to the public to raise funds for charity. ""We have spent hours and hours on this garden and I thought it would be nice to show people what can be done and let strangers into my garden,"" she said. ""A lot of love and a lot of hard work has gone into this garden,"" she added. ""You need to have a real variety in the planting scheme - people seem to have like what I've done which is very rewarding."" Julie Swire, who lives close to the Middletons, had a special interest in how the garden grows. ""This house has got a lot of history for me because my mother and father-in-law used to live here before Lesley and Mike, so it holds a lot of memories for us,"" she said. ""The garden is absolutely lovely - it is slightly different from when they had it because there used to be a massive rockery."" Another visitor George Howarth, whose partner spotted the event in the National Garden Scheme newsletter, said viewing the ""lovely"" Middleton garden might encourage him to enter his own garden in neighbouring Thornton Cleveleys next year. ""I will think about it - it is certainly a possibility,"" he said. The open day continues on Sunday and while Middleton is undecided on whether to take part next year, she will be back to work on her garden once the weekend's festivities have ended. ""In a garden your work is never finished and as soon as you turn round you have more weeding to do,"" she said. Listen to the best of BBC Radio Lancashire on Sounds and follow BBC Lancashire on Facebook , X and Instagram . You can also send story ideas via Whatsapp to 0808 100 2230."
e2eed528-08e3-486c-815c-2885bb360b8e,https://www.bbc.com/news/articles/cm2rg6gpmzjo,2026-07-13,"Safety concerns put Londoners off buses, say Tories","Londoners are being put off using buses because of concerns about anti-social behaviour, according to the Conservative Party. Passenger data from Transport for London (TfL) shows bus demand in the capital fell 1.5% last year and is down 22.8% from its peak in 2015. According to a TfL study, the most cited incidents on the bus network included youth and school-related anti-social behaviour, threatening behaviour and language of others, and passengers pushing and shoving each other. Shadow Transport Secretary Richard Holden said any doubts about taking the bus were ""compounded by the everyday reality of anti-social behaviour"". Holden's comments were made in an essay for the Conservative Environment Network (CEN). He added: ""To raise standards and renew public faith in the safe, comfortable journeys on which bus users should be able to rely, there must be genuine enforcement both at bus stops and onboard."" A TfL survey published last year found that almost four in ten people using London's transport network as a whole had ""felt worried"" about safety, while nearly one in ten were deterred from travelling because of a concerning incident they had experienced. The CEN report recommends expanding CCTV both onboard buses and at bus stops across the TfL network, alongside ""visible staff patrols"" with enhanced powers to deal with criminals, similar to those used on the rail network. Isabel Goodwin, head of outreach for CEN, told the Local Democracy Reporting Service: ""Anti-social behaviour continues to be a major barrier for Londoners who want to utilise this vital, clean form of transport. ""To prevent permanent reputational damage for London's bus infrastructure, Sadiq Khan needs to implement bold policies that make passengers feel safe."" Siwan Hayward, TfL's director of security, policing and enforcement, said all London buses and bus stations had CCTV, and trials of CCTV at selected bus stops across the capital were ongoing. She added: ""London's bus network is also patrolled by TfL's 300-strong transport support and enforcement operational officers, who provide a visible and reassuring presence while tackling fare evasion and antisocial behaviour such as drinking and vaping. ""A further 100 officers are being recruited this year to help keep the night bus network safe."" The mayor's office has been contacted for further comment. Listen to the best of BBC Radio London on Sounds and follow BBC London on Facebook , X and Instagram . Send your story ideas to hello.bbclondon@bbc.co.uk"
ae141a5d-45e9-464b-9bf0-7662491e0b62,https://www.bbc.com/news/articles/c9w2zvgnzleo,2026-07-13,Damping down continues after 'difficult' day,"Police have praised the community for ""pulling together"" to respond to a fire on Little Sark on an ""extremely difficult and worrying day"" as damping down was set to continue. Sark Police said emergency services, volunteers and residents came together after the fire broke out on Friday morning and redirected visitors, gave lifts and helped supply water. The fire is believed to have covered about 20,000m sq (215,000 sq ft). Five Guernsey firefighters sent over to help were injured while travelling to assist at the scene and returned to Guernsey for treatment. Police said: ""This was a powerful reminder of the strength, compassion and resilience that exists across our island."" La Coupée which connects Little Sark to Sark was closed to non-residents on Saturday morning. Kevin Adams, from Sark Fire and Rescue, said: ""We've never had to fight a fire as big, and we've never had to fight in three different directions."" He said: ""It's just so bone dry."" Follow BBC Guernsey on X and Facebook and Instagram . Send your story ideas to channel.islands@bbc.co.uk ."
8a40539f-b231-4af6-88f9-d6705f6086ae,https://www.bbc.com/news/articles/c4gy1l6mp7do,2026-07-13,Fans asked to enjoy  World Cup match 'responsibly',"Jersey Police are urging football fans to enjoy watching the England Norway World Cup match ""responsibly"" . The force said it had ""additional resourcing arrangements"" for the game which starts at 22:00 BST at the Miami stadium and sees the teams compete for a place in the semi-finals. It said officers would be on duty ""to respond to incidents and provide a visible presence where needed"". A police spokesperson added: ""We'd encourage anyone planning to watch the match in town to enjoy the occasion responsibly – look out for friends, respect licensed premises and staff, and plan ahead for getting home safely."" Follow BBC Jersey on X and Facebook . Send your story ideas to channel.islands@bbc.co.uk ."
32cd60b2-b961-449d-a62a-7468d5cc9fa9,https://www.bbc.com/news/articles/cx2vq71473yo,2026-07-13,Triple murder suspect arrested in South Africa,"Police in South Africa say they have arrested a man on suspicion of murdering his wife and two daughters near Bedford. Nothabo Zandile Tshuma, 42, Natalie, 15, and Nala, five, were found dead at the family home in Great Denham on Monday. Zimbabwean national Ndodana Mkhanyisi Tshuma had left the country via Heathrow Airport on a British passport two days earlier. But on Friday, the 45-year-old was arrested in Kensington, Johannesburg, and the Crown Prosecution Service (CPS) in the UK said it had since authorised three murder charges against him. South African police spokesperson Athlenda Mathe said the arrest served as a ""stern warning"" that the country was not a ""hide-out"" for any suspected criminals. ""We will trace you, we will find you and we will arrest you,"" she said, speaking to reporters. The suspect was due to appear in court on Monday, Mathe said, adding that the ""necessary legal and extradition process"" would take place alongside UK authorities. Det Insp Lee Martin, of Bedfordshire Police, said: ""This has been a fast-moving investigation which has involved multiple law enforcement partners, including the National Crime Agency, Interpol and authorities in both Zimbabwe and South Africa. ""Thanks to the tireless work and dedication of all those involved, we have managed to swiftly locate and arrest Ndodana Mkhanyisi Tshuma."" Emma Davies, chief crown prosecutor from the CPS, said the charges followed ""careful review of evidence provided by Bedfordshire Police"". ""Our thoughts remain with Zandile, Natalie and Nala's loved ones and with everyone affected by what has happened,"" she said. Concerns had been raised to police on Monday after the family had not been seen by neighbours for several days. In a statement issued by Bedfordshire Police on Thursday, a family member said: ""During this time of unimaginable loss, we wish to express our heartfelt gratitude to everyone who has reached out with prayers, messages of comfort and support. ""Your kindness and compassion have brought great strength to our family."" Meanwhile, Pilgrims Pre-Prep School head teacher Jo Webster described Nala as a ""ray of sunshine"". Bedford Girls' School head Gemma Gibson said Year 10 pupil Natalie was ""bright and accomplished"", remembering her as a dancer, musician and sportswoman. Do you have a story suggestion for Beds, Herts or Bucks? Contact us below. Follow Beds, Herts and Bucks news on BBC Sounds , Facebook , Instagram and X ."
501ab9f1-3f25-4d47-b5a1-99e35a00b4ce,https://www.bbc.com/news/articles/c8r2nz82z3vo,2026-07-13,We are living fewer years in good health: Is the NHS part of the problem?,"Angie currently lives in the English Midlands but is preparing to move to Bulgaria. She has suffered for years from multiple chronic health issues including ME and an autoimmune thyroid condition. She says holidaying in Bulgaria has been transformative - enough that she has decided to leave the UK. A strong sense of community and the fresh air of the Bulgarian mountains are part of the pull. But she also feels the Bulgarian healthcare system is more responsive than the one she is leaving behind in the UK. ""You have to pay a small fee to see a doctor, but then you see one quickly,"" Angie says, describing her experience in Bulgaria. While she is ""very glad"" the free at the point of use NHS exists,  she believes it is failing to deliver. ""People aren't getting a service - particularly with chronic health issues - that actually makes a difference to their health outcomes or quality of life,"" she says. ""Once you're diagnosed, that's it, you're left to your own devices. I've had to spend a fortune on private healthcare because I couldn't get any improvements [with]in the NHS."" A 2025 study from National Voices charity found 37% of people with a long-term health condition did not feel supported by the NHS to manage their physical health, compared with 16% of those with no long-term conditions. Unlike the UK, Bulgaria's healthcare system is a mix between public and private. Employees, including foreign nationals, pay a compulsory 3.2% of their pre-tax salary into a healthcare insurance fund topped up by their employer. However, there are many extra costs for non-emergency medical treatment, such as doctor's appointments. Despite progress, Bulgaria's health outcomes are ranked relatively poorly by the OECD. But other countries without tax-funded systems do perform strongly. Angie has become one of a growing number of Britons living with ongoing poor health. More working‑age adults are reporting long‑term health conditions, with 36% saying they had at least one in early 2023, up from 31% in the same period of 2019. Healthy life expectancy - the years in which a person can expect to live in good health – has fallen in the UK in recent years, while it has increased in most other wealthy countries. While life expectancy has stagnated, in more than 90% of areas, healthy life expectancy has dropped below the state pension age, with Britons now living about a quarter of their lives in poor health. While life expectancy in the UK has recovered after the Covid-19 pandemic, healthy life expectancy has worsened, particularly in the most deprived areas. Across the country, healthy life expectancy in 2022-2024 was 60.7 years for men and 60.9 years for women, according to the Office for National Statistics (ONS).  This was a drop of 1.8 and 2.5 years respectively compared with 2019 to 2021, and the lowest level since the analysis began in 2011. The UK was one of only five of the world's richest 21 countries to see healthy life expectancy decline. Meanwhile, many countries without tax-funded healthcare systems record more years lived in good health than the UK, according to the World Health Organization. Healthy life expectancy is not a perfect metric; it is self-reported and so relies on how people feel about their own health. However, the Health Foundation describes it as a ""key measure"" of the population's health, because it can provide a more comprehensive picture of what's happening under the surface than life expectancy alone. A Department of Health and Social Care spokesperson told the BBC it is shifting the focus of healthcare from sickness to prevention. ""We are committed to reducing health inequalities, GP patient satisfaction is up, and waiting lists are down by 340,000 compared to July 2024,"" they said. So what is driving the UK's fall in healthy life expectancy? And why is a nation with a system specifically designed to give everyone equally good care lagging behind others? The UK is facing similar issues to many of its peers; an ageing population, cost of living pressures and a growing burden of mental health problems. But while citizens of many other countries report improvements to their health, those in the UK say it is getting worse. Health Foundation analysis of ONS figures shows the share of adults rating their health as ""good"" or ""very good"" dropped from 76% in late 2020 to around 71% in late 2025, a decline of 5%. Meanwhile in countries such as Bulgaria and the Netherlands the proportion of people reporting good health has risen. Gareth Lyon, head of health and social care at right-leaning think tank Policy Exchange, argues the UK's decline can partly be laid at the door of its ""creaking"" National Health Service. ""The UK is becoming an outlier… we're not prepared to look at how we make our system sustainable for patients in the long run,"" he says. He points to Health Foundation figures suggesting access to GP appointments and early medical intervention lag behind the Netherlands, with half of Britons reporting they ""always or often"" receive a same-day response from their GP, compared to eight out of 10 Dutch people. Meanwhile, one in five British patients wait over a year for non-urgent surgery; in the Netherlands the figure is zero. Lyon blames this on the UK healthcare model in which the state both funds and provides treatment; this lack of competition means there is little motivation for contract holders to become more efficient, save costs or respond quickly to patient concerns, he says. Although patients in the UK can opt to go private if they can afford it. Instead, he argues the UK should largely replicate the Dutch healthcare system, in which adults pay for compulsory health insurance, with subsidies offered to those on low incomes, which he says has created a highly competitive environment among insurers and healthcare providers, incentivising the best treatment for patients. Since this model was adopted 20 years ago, Lyon says the Dutch have seen a ""massive expansion of primary care, early diagnosis and treatment"" while still offering universal healthcare. But Sebastian Rees, head of health at the left-leaning think tank Institute for Public Policy Research (IPPR), rejects the idea that competition between providers or insurers improves healthcare or boosts healthy life expectancy. He points to IPPR's recent analysis of 22 high-income countries which found no evidence insurance-based systems like the Netherlands' outperform tax-funded models on measures such as access or quality. Instead, the report suggests performance varies far more within funding models than between them, and claims the NHS's poor performance against other countries is partly driven by chronic underinvestment. Rees also points out that the UK and the Netherlands have markedly different population profiles, which he argues is a far more powerful driver of healthy life expectancy. For example, the Netherlands' obesity rate is almost half that of the UK. It also has lower child and family poverty, lower unemployment and higher disposable incomes. ""All of that is likely doing far more for population health in the Netherlands than competition between providers,"" he says. For Rees, this is the heart of the UK's problem, and helps explain why countries can offer universal, free health services and still fall behind. Different parts of the UK show a stark disparity for health life expectancy: a woman in Richmond‑upon‑Thames can expect to enjoy a healthy life two decades longer than one in Hartlepool. Prof Martin McKee from the London School of Hygiene and Tropical Medicine has spent his career comparing different countries' healthcare systems. He argues the NHS has suffered from years of underinvestment since austerity policies were introduced. ""The  UK has constantly been scrimping and saving… we are low on scanners, low on everything, way behind everybody else,"" he says. Like Rees, he suggests the roots of the UK's healthy life expectancy lies in poverty and lack of opportunity. Austerity worsened the problems of regional inequality, he says, and that has been further exacerbated by a growing burden of mental health problems since the noughties. ""There's a lot of young people, particularly young men, who are in poor mental health and to some extent poor physical health too. Basically, groups who are marginalised, left out, left behind… A lot of it is to do with a sense of hopelessness,"" he says. Around one in four adults aged 16 to 29 years were experiencing moderate to severe depressive symptoms in April last year, the ONS says, while across the UK, those in the poorest fifth of the population are twice as likely to be at risk of developing mental health problems as those on an average income. Much of the UK's decline in healthy life expectancy is concentrated among marginalised groups, who are more likely to live in Scotland and the North of England, McKee points out. It is no coincidence that these areas also contain the hotspots for ""deaths of despair"" – deaths resulting from drugs, alcohol and suicide. Many of the factors behind these deaths of despair, including addiction, poor diet and stress, also contribute to people spending more of their lives in ill health. Some doctors are testing new approaches, seeing if tweaking the way NHS works can deliver better health. Dr David Blane is a GP in Glasgow's Possilpark, and academic lead for GPs at the Deep End, an organisation led by doctors in Scotland's most deprived communities. He says patients in these neighbourhoods typically develop multiple long‑term conditions 10 to 15 years earlier than those in wealthier areas. ""Not only is there a good chance that you've got more long‑term health problems, but there's also other things going on in your life impacting on your mental health - lots of low mood, depression, chronic pain… These things have a big impact on your quality of life, your sense of self, your sense of purpose."" Part of GPs at the Deep End's role is to pilot new strategies to try to reduce healthcare inequalities. One strategy has been to extend all appointments to 15 minutes. ""That certainly helps with empathy. It helps with managing potentially more than one problem in a consultation and GP stress as well,"" Blane says. But the most important factor, he argues, is continuity of care - seeing the same clinician each time. ""Continuity of care saves lives, and it can also help to facilitate better access, better follow ups, and just better health outcomes,"" he says. ""Over the last 10-15 years, the political emphasis has been much more on rapid access [to treatment], which is important for some things, but not for everything"". Blane is also helping evaluate new family wellbeing support workers in Glasgow. These staff link patients to money advice, housing help, trauma counselling, language support and physical activity programmes. The model, he says, creates ""sticky"" engagement with those who might otherwise drop out of the system and could, he adds, be replicated with families across the country. The issue, of course, is how these services should be funded in the long term. Dr Kristian Niemietz, head of political economy at the Institute of Economic Affairs (IEA), a right-leaning free-market think tank, says no health system is insulated from the wider economy, but his view is that in an insurance‑based model, funding tends to be more stable. He says it avoids the ""feast and famine"" cycles that have characterised NHS budgets. He argues that a more competitive market is best placed to deliver improvements. ""So if it turns out that, say, continuity of care, greater integration, that improves outcomes - then a competitive market would lead to that, like it does in other sectors. Others say the NHS should be retained because tax‑funded systems are best placed to deal with the challenge of aging populations. McKee argues this is the ""by far the best way of doing it"" as the costs are borne by more of the population. He argues that with fewer people in paid work supporting a growing number of older citizens, who typically need more healthcare, systems that rely on insurance premiums or employer‑based coverage come under strain. In Rees' view, there's no such thing as a ""best"" system for health outcomes. He argues that high performers exist across every system type, and their success owes far more to factors outside healthcare than within it: tax-funded systems like Norway, Iceland, Sweden and Spain do well, but so do social insurance systems in Japan, South Korea, Switzerland and Israel. For patients, those debates surface in more immediate ways. Although Angie is preparing to move to Bulgaria, she hasn't given up on the NHS. She describes it as under incredible pressure, but still believes ""we're incredibly lucky to have an NHS"". Her frustration, she says, is with how hard it has become to access care.  Top picture credit: EPA-EFE/REX/Shutterstock / PA BBC InDepth is the home on the website and app for the best analysis, with fresh perspectives that challenge assumptions and deep reporting on the biggest issues of the day. Emma Barnett and John Simpson bring their pick of the most thought-provoking deep reads and analysis, every Saturday. Sign up for the newsletter here"
490683c0-55c6-40cd-ab31-72eb02120975,https://www.bbc.com/news/articles/cjrge4y5vxlo,2026-07-13,Confusion over deleted 'major incident' police post,"Norfolk Police said it was dealing with a ""major incident"" in a post on social media that it later deleted, saying it had been published ""in error"". In a post on X on Sunday morning, the force said it could not handle non-emergency calls due to the incident but did not give any further information. A website link offering ""more information about this incident"" also failed to provide any detail. The post left residents speculating online as to what had happened. They were asked by Norfolk Police to report non-urgent matters via its website before the post was taken down several hours later. The BBC contacted the force multiple times for more information and did not hear back. However, the force later said on X that it was ""aware"" of the post it had written, which was ""published in error"" and no major incident had been declared. ""To clarify, there is no major incident ongoing or has been declared in Norfolk,"" the force said. Responding to the post, one X user said: ""Needlessly scaring the whole county is quite an error."" Appearing to refer to England's football win on Saturday night, another wrote: ""Whoever is operating X is probably a little hungover from last night... Go easy on them."" Others joked about a cat sitting on the account administrator's keyboard and made references to Hot Fuzz, a comedy film about policing. Do you have a story suggestion for Norfolk? Contact us below. Follow Norfolk news on BBC Sounds , Facebook , Instagram and X ."
f61e0d34-5e1a-4b3e-a649-93002175e5af,https://www.bbc.com/news/articles/c892kj08qezo,2026-07-13,How can Jersey adapt to a changing climate?,"Before July and August, traditionally Jersey's two hottest months, had started, the island had already experienced a pair of heatwaves and record temperatures. Climate change caused by humans has made heatwaves more frequent, intense, and last longer . While some people enjoyed spending time on the beach during the hot weather, for many others temperatures over 30C (86F) in May and June were more of an endurance. With Jersey now in the middle of its third heatwave in less than two months, and more hot weather increasingly likely, how can the island prepare its public buildings and homes? Jersey had its hottest ever May and June this year, when it hit by what Jersey Met described as ""unprecedented heat"". Temperatures peaked at a record 39.3C (102.7F) in June and May brought the island's first ever five-day period of temperatures above 30C (86F). More than half of the hottest 20 days ever recorded have been during this century, and seven since 2020. Head of meteorology at Jersey Met Paul Aked said May had been the earliest there had been a heatwave, and the earliest in a year temperatures had been above 30C (86F). He said: ""Temperatures are indeed getting warmer or hotter in line with what we know about how our climate is changing. ""We're seeing these events happen more often in recent years... into the future we should expect to see and experience more hot weather."" The world has already warmed by about 1.1C (34F) since the industrial era began and temperatures will keep rising unless governments around the world make steep cuts to emissions. Nearby France recorded more than 2,000 excess deaths during June's heatwave. Jersey's new infrastructure minister deputy Jonathan Renouf said he will need to consider how to future-proof the island. He said many buildings, such as schools and hospitals, had been built for a climate that ""no longer exists""  and is ""only going to get more extreme"". ""You can't plan infrastructure without the climate as a key variable. ""I think any infrastructure project has to have climate resilience built into it,"" he added. He said that included the design of buildings, the implications of rising sea levels on sea defences and the water supply. Jersey Water said June's heatwave led to the highest weekly demand for water since a drought in 2022. The company said 35 million gallons (59 million litres) had been used, which had been nearly 5% of the island's stored water. It said reservoir levels at Queen's Valley and Val de la Mare were in a ""good position"" but ""could drop fast"". As people scrambled to keep cool in record temperatures, portable air conditioning quickly sold out in many shops. Air conditioning has been in hot demand , with retailers seeing their stock fly off the shelves and units online sell out across the UK. In two days in May, Romerils department store sold the same number of air conditioning units as it had the whole of 2025. It reported sales in the last two months had been 70% higher than during the same period last year. Carla Martini, who works at the company, said suppliers would not have more until next year. She said there had not been more desire for built-in air conditioning in domestic homes but there had been extra demand for commercial premises. Meanwhile, The Powerhouse shop said it had sold a year's worth of portable air conditioning units in the last few weeks. Panther Office Products secured more stock of the units but said suppliers had set higher prices. Managing director Anna Davies said demand had significantly increased. She said: ""Most summers people would buy fans and they could cope... we have been having people call non-stop looking for aircon units."" A new University of Reading study found 4.3% of homes in England used air conditioning, but that ""groups most at risk from heat use it least"", including over-75s and single-parent families. During the heatwaves, deputy Louise Doublet raised concerns about the impact on patients in hospital and asked people to donate fans to help the wards cope. She said the new government needed to take the issue of extreme heat ""very seriously"". Doublet said some specific measures could be taken to help people access fans and air conditioning, adding that costs ""shouldn't be a barrier"" to health and safety, especially when involving the welfare of very young children. She said there were other solutions which could help reduce the heat. ""Planting trees is really important because the shade that trees provide will lower the temperature by a few degrees and that can make all the difference in a heatwave,"" she explained. Architect Anna Robertson agreed and said designs with more shade, shutters and greenery could keep temperatures down. She is from Bermuda and said islanders there ""survive on air-conditioning"" but she was concerned Jersey and the UK lacked the infrastructure to deal with the amount of energy air conditioning would consume if everyone used it. Meanwhile, researchers at the University of Birmingham have warned air conditioning ""significantly worsens global warming"". An author of the paper, Hongzhi Zhang, said: ""In regions with cleaner electricity systems, the same amount of cooling demand would have a much lower climate impact."" Jersey imports almost all of its electricity from France, which is generated through low-carbon nuclear or hydroelectric power systems. As temperatures soared in June, vulnerable islanders in care homes were kept cool with ice lollies and fans. Home manager at Stuart Court Residential Home, Elaine Jackson, said: ""They are sweating so much, like us all, and the staff, we're all sweating. ""We do need to replace those fluids and replace those electrolytes and make sure people are kept cool."" Resident Beryl Butel said: ""We're very lucky because we've got the fans going and I've got one in my room, but it's the staff, really, because they're very hot."" People in the hospital and outpatients centre said they had struggled to keep cool and the health minister has promised those problems would not continue when new health facilities had been built. Renouf said the island need to start planning ""now"" for the fact the island will not return to previous, cooler climates. He said he wanted to consider how developers could design methods of capturing rainwater to reuse and if older buildings could be retrofitted with cooling systems. ""I don't think we can wave a magic wand, we can't immediately address every single one of those problems in one go, but I think we need to start having the conversation now about what changes we make to building regulations, so that new buildings are future-proofed,"" he added. Follow BBC Jersey on X and Facebook . Send your story ideas to channel.islands@bbc.co.uk ."
375409be-3443-4508-a0d3-2d8a4c45078d,https://www.bbc.com/news/articles/cd6e9zq87xvo,2026-07-13,Muslim judge in India faces death threats after convicting 'cow vigilantes',"An Indian judge has become the target of online abuse and death threats days after she sentenced 14 men to life imprisonment for lynching a man to death. On 12 June, the additional district and sessions judge of a court in Madhya Pradesh state, Tabassum Khan, found the men guilty of offences including murder, attempt to murder, rioting and wrongful restraint. The crime took place in 2022, when 50-year-old Nazir Ahmad was transporting cattle at night and was intercepted by a group of self-styled ""gau rakshaks"" (cow protectors), armed with sticks and rods. Hindus consider cows sacred and killing them is illegal in many states. The men dragged Ahmad and his two companions out of the vehicle and brutally assaulted them on suspicion of smuggling cows. Ahmad later succumbed to his injuries while his companions survived to tell the court what happened. In her judgement, Khan noted that the crime was a clear case of mob lynching. But the verdict has made her the target of religious hate. In the days following the judgement, numerous videos abusing and threatening Khan, a Muslim, surfaced online. The videos implied that Khan had acted against the men because they were Hindu. While judgments are often criticised, the attacks on Khan have focused not on her legal reasoning but on her religion. The scale of the abuse has prompted leading judicial bodies to rally behind her, and she has been given police protection. The attacks on Khan began soon after the verdict, when family members of the convicted men gathered outside the courtroom reportedly protested against the judgement and attempted to stop the police convoy from transporting the men to prison. They alleged that the men were being punished for ""saving cows"". Then began an online campaign of abuse , as videos of Hindu right-wing influencers    abusing Khan with communal slurs and issuing rape threats and death threats against her began to surface. In one video, a man warned of ""bloodshed"" across the country unless the convicted men were freed within 10 days. At the time of writing, many of the videos remained online, attracting thousands of likes and shares. The speakers' faces and social media handles were clearly visible as they issued threats and incited violence. An anchor of Sudarshan News, a right-wing Hindi news channel, expressed solidarity with the families of the convicted men, saying that ""they might have never imagined that their family members, who had put everything on the line to save cows, would be imprisoned for it"". He also urged his viewers to ""speak up"" as ""now was the time to fight for the sake of the protectors of cows"". Many self-described cow protection organisations and Hindutva groups also held massive protests against the verdict. On 22 June, the Gau Raksha Parishad (which roughly translates to the council of cow saviours) staged a protest in Punjab state during which protesters assaulted and burnt an effigy of Khan. Three days later, the Rashtriya Bajrang Dal held a protest in Uttar Pradesh state, demanding that the ""cow protectors"" be freed. In a post of X, former Supreme Court judge Markandey Katju noted how these videos and protests did not merely criticise the verdict but sought to ""delegitimise Judge Khan's authority as a judicial officer by reducing her identity to her religion"". ""Her Muslim identity became the principal basis upon which the legitimacy of the judgement was questioned. This represented a dangerous inversion of justice. Judicial decisions are meant to be evaluated through legal reasoning, not through the religious identity of the individual delivering them,"" he wrote. Katju later said Khan had sent him a message thanking him, saying that the abuse had traumatised her and made her feel like she had committed a crime by delivering her verdict. Khan has also received support from prominent judicial organisations - the Supreme Court Advocates-on-Record Association (SCAORA) and the Supreme Court Bar Association (SCBA) have condemned the threats against her and demanded that action be taken against the culprits. Vikas Singh, president of the SCBA, told the BBC that threats against a judge were a grave issue as the judiciary was interlinked with the fundamentals of democracy. ""If we allow this to happen, no judge will be able to dispense justice,"" he said. ""In a democracy, a judge must be able to perform their duty without fear or favour."" Meanwhile, police official Sudhakar Baraskar told the BBC that a case had been registered under relevant sections of the Indian Penal Code and two people had been arrested. He said the cyber cell was tracing those sharing inflammatory videos and continuously monitoring social media for more such content. But Supreme Court advocate Sanjay Hegde argued that the state and the judiciary should do more to ensure Khan's safety. In an article in Live Law, a legal news website, Hegde gave the example of how another case involving threats against a former judge was dealt with recently. Gautam Patel, a former judge of the Bombay High Court, and his family were facing threats for more than 10 months following his 2024 judgment in the a succession dispute within a Muslim community. Following a public interest litigation filed by three judicial organisations, the Bombay High Court ordered the Maharashtra government to provide protection to Patel. It told the Mumbai police commissioner to supervise the investigation and demanded a status report. ""If a retired judge of a high court deserves state protection and judicial supervision of his case, so does a serving sessions judge in a district court. The principle cannot bend to rank. It cannot bend to religion. It cannot bend to the political weather around a particular verdict,"" Hegde wrote. Last week, the Madhya Pradesh High Court asked senior officials to explain what steps had been taken to protect Khan and identify those behind the threats. It also ordered that her police protection continue."
4c372806-be0a-4aba-a65e-e679da80e0d1,https://www.bbc.com/news/articles/c9q298l3zw1o,2026-07-13,The inside scoop: How ice cream vans handle the heat,"As temperatures soar across London, many might assume it is a boom time for the capital's ice cream sellers. But for Gus Bodur, better known across north-west London as Gussy the Ice Cream Man, heatwaves can be as much a challenge as an opportunity. The warm weather tests both man and machine, leaving Gus and his children struggling to keep cool in the ""glasshouse"" of the van, while the machines pump out even more heat and battle to keep slushies frozen. He told BBC London: ""It's a bit tricky now because obviously we depend on the hot weather. You can't have ice cream in the cold and in the rain. ""But this heatwave has taken it to another level now. I think all ice cream sellers are struggling, and that is the truth."" Born in Whitechapel, Gus has been in the ice cream trade for about 50 years. His father emigrated from Cyprus and began selling fresh fruit and ice cream from a stall in Piccadilly Circus in the late 1950s. Now 62, Gus started trading with his father from the age of 14, during the summer holidays. ""I used to have three milk crates, so I used to stand on these milk crates and lift up the lid of the freezer and just serve ice cream. I was like the little Artful Dodger."" He eventually swapped the Piccadilly stall for an ice cream van and became a familiar sight around Golders Green, Hampstead and the surrounding neighbourhoods. ""I love what I do. I love meeting people every day. I think it's the greatest job on the planet."" Today, the family enterprise spans three generations, with Gus's children stepping into the business. Gus regularly meets adults who remember buying ice creams from him as children -   who now arrive with families of their own. He said the community ""was amazing"". ""The kids are really amazing too. They're really respectful, they're not rude at all and they're very, very polite. Credit to the parents."" Gus's tips and tricks to keep cool while working include a wet flannel on his head and drinking plenty of water - but he also recommends a cup of tea. Asked whether he remembered a similar heatwave, he said he thinks back to 1976, ""but this time, it's a different level. Much hotter and more consistent. It's not one day, it's one week, it's two weeks. ""We're just soldiers and we're trying to do the best that we can. ""We drink loads of water and try to serve our ice cream and give everybody a smile."" Daughter Chloe now owns her own van, while son Oliver regularly works in the van and at the parlour the family opened in Brent Cross Town in 2022. Son-in-law Jaya develops recipes and makes ice cream for the business and the family is working towards the goal of seeing their products stocked on supermarket shelves. Oli said his dad ""raised us with as much pride as ever, and that's me and my sister doing what we do to help him. He wants us to do well in our lives."" Chloe added: ""When you hear my dad speak, he'll always say, 'I want to leave something behind for my kids'. ""But we've got this mutual love going back towards him and appreciate the hard work that he's done so much that we're now working hard to create a legacy for him, and for my granddad's hard work as well."" While London's heatwaves may be getting hotter, some traditions remain unchanged. Gus confirmed a Mr Whippy with a Flake and red sauce is still the capital's favourite. Listen to the best of BBC Radio London on Sounds and follow BBC London on Facebook , X and Instagram . Send your story ideas to hello.bbclondon@bbc.co.uk"
68933459-d723-4487-a6a6-fe8bfd5844e7,https://www.bbc.com/news/articles/ce3e4n5g24go,2026-07-13,Century-old gym at risk over rent increase,"The owner of one of the UK's oldest powerlifting gyms said it is struggling to survive as Transport for London's property firm seeks to raise its rent. Physical Culture in Putney, south-west London, said Places for London, the building's owner, raised the rent from £26,500 to £41,500 following the Covid-19 pandemic, and wants to raise it again from November by the rate of inflation plus 1%. Set up in 1928, the gym has seen Olympians and other champion athletes train there over the years, including George Hackenschmidt, the first World Heavyweight Wrestling Champion. Owner Chris Quinn, who has run the gym since the late 1980s, said ""since the pandemic we've just been in survival mode"". Quinn said he had to spend ""vital funds"" after the pandemic hiring a chartered surveyor to negotiate the proposed £45,000 annual rent increase down to a stepped rent rise to £41,500 over three years. He added it has also been fighting to survive other major impacts of the Covid-19 pandemic, including being forced to shut for prolonged periods. Quinn and his staff members stressed the irreplaceable role the gym plays in forging communities and helping to tackle loneliness. He said: ""You're all the same when you're in the gym... people talk to each other in between sets, so it forces people into communities."" The gym secured an asset of community value status from Wandsworth Council this year, meaning the community would have six months to submit its own bid to buy the venue if Places for London decided to sell. Although the victory highlighted the gym's importance in the local community, Quinn said it is still battling the proposed rent increase, adding that the base rent on which the increase would be applied is already unaffordable for independent businesses. The gym's website adds: ""Many current members have family connections to the gym stretching back decades. ""Preserving this space means preserving a living piece of local heritage, not as a museum, but as a working, active community asset that continues to serve the public."" A Places for London spokesperson said: ""We hugely value the contribution made by small and medium size businesses on our estate. They are an important part of London's stations, streets and more, and our tenants, such as Physical Culture, make a positive difference to our customers and their communities ""Our aim is to make sure we provide high-quality spaces for businesses at a reasonable market rate. We have proposed a rent increase of only RPI+1 per cent for Physical Culture. We know that there [are] many challenges facing small and medium businesses across London, and we have met with the team at Physical Culture and offered to find ways to support them and their businesses. ""We recognise Physical Culture's history and contributions, and are working closely with them and the Greater London Authority to ensure it continues to be financially viable and ensure the gym can continue to run for many years to come."" Listen to the best of BBC Radio London on Sounds and follow BBC London on Facebook , X and Instagram . Send your story ideas to hello.bbclondon@bbc.co.uk"
e99cdefe-f138-470e-9c01-404c5017c788,https://www.bbc.com/news/articles/c74ygev339jo,2026-07-13,Sissay talks family life at literature festival,"Talking about family is nothing new to poet Lemn Sissay. Through his work, he has explored his own experience of growing up in foster care and reconnecting with his mother as a teenager. In his latest project, he is asking his audience to share their own thoughts and feelings around family life, by adding their stories to an online archive to build a picture of what families look like all over the world. He will talk about these stories - and his own take on family - at Bradford Literature Festival this weekend at an event called Tell Me Something About Family. The poet and broadcaster said there are all kinds of complex stories of ""fall-outs and fall-ins, of loss and love, and of memories"". Sissay, who was born in 1967 and grew up in foster care and children's homes in Wigan, said: ""People have been so honest with me about family. ""It's people memorising their grandparents and their brothers and sisters. ""People saying how close they are to their siblings, and being able to say why they love them. ""And also it is people who say, 'I haven't spoken to my brother in 15 years and we were the best of friends'. Just simple vignettes, paragraphs about family."" Sissay has written about his own upbringing in his memoir, My Name Is Why. He writes about how he and his Ethopian mother were taken to a home for unmarried mothers in Wigan. He was placed into foster care against his mother's wishes, and renamed Norman - a name he only realised was not his own several years later. Speaking about his life, and his interest in familial relationships, he said: ""Through not having a family, I've got to see some of the magic of family. ""That's what the site's about. It's about seeing the power of family, in the negative and the positive."" The website he is talking about is a place where anyone can add their own memories, photographs or thoughts on family life. ""It's all just there for people,"" he said. ""One of the joys of the website is that people can go to it and they can see that family is so many things. ""We sometimes have a fixed idea of what family is and actually that is the biggest mistake, because it is so, so diverse, the experiences of family, and that's the joy of the site. ""At Bradford Literature Festival I'm going to be talking about this, showing people some of the very funny messages people have left there."" One of these stories was written by a mother who said she regularly gets in her car to follow the sunset with her children - driving from the valley where she lives up over the hills to see the sun set over and over again. ""These stories about family are worth their weight in gold, you know,"" said Sissay. ""Family at the base is a collection of stories between one group of people. It's wonderful, it really is."" Listen to highlights from West Yorkshire on BBC Sounds , catch up with the latest episode of Look North ."
6402dd15-9694-44d4-a013-34415fd67bfa,https://www.bbc.com/news/articles/c78y2w1vlvlo,2026-07-13,Water company records highest ever level of demand,"A water company says it has recorded its highest level of demand on record and called on customers to reduce their usage. Severn Trent, which supplies more than eight million people in England and Wales - including 4.8m homes and businesses in the Midlands - said demand on Saturday outstripped previous records set during the 2022 drought and Covid pandemic. The firm reported water use was ""significantly higher"" than normal, with demand elevated for longer each day and into the night during recent hot weather - the second heatwave of the summer. Over the last few days, demand was at almost 2.4 billion litres, working out as an extra 400 million litres more than usual each day, Severn Trent said. The volume was enough to provide water to two million people, or the equivalent of 700 million pints, the company added. The firm partially put this down to more water being used for activities including watering gardens and filling paddling pools. A spokesperson said: ""Our teams are working around the clock - treating more water, moving supplies across the region and fixing leaks at record levels - but we need customers' help too. ""There are no restrictions in place, and we want to keep it that way, and with no rain in the forecast, we'd love everyone's support to help."" Severn Trent said measures people could take to reduce their usage included: ""With a few small changes, together we can help keep water flowing this summer,"" the spokesperson added. Follow BBC Birmingham on BBC Sounds , Facebook , X and Instagram ."
77e02024-947b-433d-8e31-7447100c33a9,https://www.bbc.com/news/articles/c8921982pgzo,2026-07-13,Ice on testicles and donating blood - the myths sold to men trying to boost their sperm,"Every morning, Simon starts his day in a sauna, with an ice pack strapped to his groin. ""I place it on the testicles in order to preserve high sperm count,"" he says. He believes the heat helps him sweat out toxins, improving his sperm function - but says he must take care to protect his testicles from the excessive heat. The 28-year-old from Miami gets daily sunlight exposure, exercises regularly, only drinks filtered water and wears cotton boxer shorts - all part of a fertility-focused health regimen which he follows despite any medical evidence to prove it works. There is an element of truth behind these claims - environmental pollutants and heating the testes can impact sperm quality. But it's unlikely these steps Simon takes will make a massive difference to his fertility, although exercising will improve general health. He is part of a growing number of men paying close attention to their fertility. On TikTok and Instagram, hashtags such as #malefertility, #semenanalysis and #sperm attract hundreds of millions of views, while online communities dedicated to improving sperm health have grown rapidly. Simon is not planning to have children any time soon and doesn't have a partner - he is more concerned with whether a low sperm count could affect his health. He worries if he has low fertility it could affect something called the endocrine system, a network of glands and organs in charge of releasing hormones in the body. But there isn't evidence this is the case. A low sperm count won't trigger endocrine problems, although they may happen together in some people. Male fertility experts around the world say they have seen an increase in the number of men requesting semen analysis and expressing concerns about their future fertility. The experts believe this is partly due to concerns about the impact of testosterone replacement therapies (TRT), steroids and certain environmental toxins all of which can adversely impact hormones responsible for sperm count. UK-based fertility expert Prof Suks Minhas says that there are pros and cons to the increased discussion around declining sperm and male fertility. ""It is important to raise the profile of male infertility. But are we fuelling that worry unnecessarily?"" Meanwhile, an industry of influencers and products are emerging in response, capitalising on this anxiety, he adds. Like many others, Simon first became interested in fertility through social media, where influencers speaking about declining sperm counts sparked his concern. Yet he has never had a semen analysis and has no specific reason to think he has a fertility problem. ""It's something that I'm generally scared of, so I choose to protect my fertility,"" he says. It was content from influencer Bryan Johnson that led to Simon ""really caring"" about his fertility. Johnson, an ex-Silicon Valley billionaire, gained fame for wanting to live forever. He has been self-experimenting using controversial methods in an attempt to extend his lifespan for the last five years. He claims he has four times the average sperm count according to five lab tests over the space of three months. He promotes the unproven sauna and ice pack protocols to increase testosterone and sperm count, which Simon follows. Johnson's content - followed by more than six million people - drives his followers back to his website, Blueprint, where he sells supplements. He is far from the only voice. Other protocols promoted by influencers without medical evidence have included certain supplements, red light therapy, and donating blood to ""filter out"" microplastics.  This kind of influencer content comes in the wake of wider discussions about declining birth rates. Globally, birth rates have dropped from 4.9 babies per woman in 1950 to 2.2 in 2025, with 106 countries now below the replacement rate of 2.1 , according to the UN World Population Prospects in 2025. The US Secretary for Health, Robert F Kennedy Jr, who has promoted some unproven health claims , recently spoke of a ""fertility crisis"" , arguing that in 1970, ""men had twice the sperm count as our teenagers do today"". Large-scale analyses have suggested a significant global drop in sperm count and quality since the 1970s, but it isn't easy to make a direct comparison between young men today and the older men in the 1970s, age was not a focus of the study. Overall, there is consensus that sperm count and quality is in decline, but some data suggests the decline may not be as drastic as feared. According to a 2023 meta-review of falling sperm counts , the area is under-researched with the causes of sperm count decline and the impacts on birth rates remaining unclear. Studies from 2024 and 2025 which looked at more localised populations in the USA and Denmark found no such drop in sperm count, and called for further research. Meanwhile, manosphere-adjacent influencers like Andrew Huberman have discussed declining male sperm counts on their podcasts, with Joe Rogan warning of an impending ""population collapse"". But there are many non-biological reasons for the birth rate decline. According to the UN's 2025 state of the world population report, 39% of people cited financial reasons for not having the number of kids they wanted, while one in five cited environmental and political instability. Prof Channa Jayasena, a reproductive endocrinologist at Imperial College, London, believes there is room for valid concern around falling sperm counts, but says claims about male fertility problems are overblown on social media. ""There are certain challenges out there, but it's far from clear what those causes are,"" he says. Despite the unclear picture when it comes to the causes of male infertility,  unproven solutions are being sold across social media. Naturopath Lucas is one of the health influencers whose content includes warnings about fertility rates. ""We're seeing a worldwide epidemic, a decrease in fertility across the board,"" he tells the BBC. But Lucas's concern comes with some misleading claims - for example, he told his YouTube audience that men would be infertile in 33 years, which is unsupported by scientific evidence. He sells online courses, provides 1:1 coaching, and sells supplements for men looking to increase testosterone and fertility. His social media content, which promotes some unproven fertility protocols, has gone viral. ""I recommend to guys to apply an ice pack up against his underwear, two to three times a day for about 10 to 15 minutes,"" he says, claiming clients have told him their partners have fallen pregnant after trying this. ""This is more preliminary. I do think that it's a viable enough strategy to give it a shot,"" he claims. When questioned about the unproven nature of his advice, Lucas said he believed icing the testes was a ""promising intervention"" but added that he would like to see more research. NHS guidance on low sperm count does say tight underwear can increase the temperature of your testicles which may affect the quality of your sperm. Lucas also advises followers and clients about healthy eating, sleep and exercise - steps which do have a strong evidence base. Prof Jayasena recommends lifestyle changes to improve fertility. ""If there are any reversible things such as [quitting] smoking, such as [losing] weight and increasing physical activity,"" he says, ""that's by far the best thing you can do."" This increase in fertility advice from influencers comes alongside a rise in the number of men taking testosterone-boosting drugs. But taking steroids and testosterone can damage male fertility. To try to reverse this damage, influencers promote ""stacks"" of different medications - which they often sell on their websites. These include fertility medications HCG and HMG. While these drugs are sometimes given for specific medical reasons, they are not designed for other people to use to ""switch on"" fertility."" They can have dangerous side effects and can cause permanent harm when taken without medical guidance. ""It's incredibly dangerous,"" Jayasena says. ""[Some] can cause blood clots, it can actually cause breast growth, which can be disfiguring if not treated promptly."" We spoke to seven different men around the world who were all consuming fertility ""stacks"" to get their fertility back after taking TRT. Because it is illegal to buy drugs like steroids online, they requested anonymity. One man told me he thought he would father ""many children"" once he ""blasted HMG and HCG"". Jamal, not his real name, took high doses of testosterone and steroids for bodybuilding, which lowered his fertility markers. He stopped late last year when he and his partner started to think about having kids. He found fertility advice from men who were having the same experience on online forums and YouTube, with many suggesting ""fool-proof fertility stacks"". After these did not help, he sought professional help and met reproductive endocrinologist Jayasena. Until then, he was not aware that taking these fertility ""stacks"" unmonitored could be dangerous. Jamal has ceased all medication, including the fertility stack, under Jayasena's advice. Six months later, his natural testosterone levels are improving, however, the hormone which stimulates sperm production is still low. He and his specialist are hopeful it will improve. While increased awareness of male fertility is positive, it's created a vacuum of information, Jayasena warns - meaning men like Jamal take advice from influencers because experts are not always accessible. ""It could, at the very best, actually distract them from doing the things that might actually help, but at worst it could actually get them to do things that are harmful,"" he adds."
c94d72e7-4211-43f2-8bf2-5b6cfe536f16,https://www.bbc.com/news/articles/c8r2zm03g4vo,2026-07-13,'Brilliant' mural of Bellingham and Rogers appears,"A mural of England stars Jude Bellingham and Morgan Rogers eating orange chips has appeared in Birmingham. The artwork depicting the Black Country-born footballers tucking into the local delicacy, also called battered chips, has been put up on the side of the Classic Fryer chippy in Quinton. It was created by Dudley artist Dion Kitson, who posted a video on his Instagram account on Friday, which showed him pasting it to the wall of the Hagley Road building. ""From the heart of the Black Country,"" he said on the post and in a subsequent one he described the artwork as ""two star boys"", adding that Classic Fryer were ""great sports"". It came as the Three Lions prepare to take on the Norway in the quarter final of the World Cup, with the match due to kick off in Miami at 22:00 BST on Saturday. Commenting on Kitson's Instagram page, people described the mural as ""brilliant"", with one saying: ""Saw this yesterday and wondered who it was, great work."" Born in Stourbridge, Bellingham has been one of England's star players during the tournament, scoring two goals in 98 seconds as the team defeated Mexico in the round of 16. He started off at Stourbridge Juniors as a child and went on to join Birmingham City's youth side before breaking into the first team. The now 23-year-old then moved to German side Borussia Dortmund, where he played until he signed for Real Madrid in 2023. Rogers, also 23, was born in Halesowen and attended Sandwell Academy, where he was part of the side that won the National Schools Cup in 2017. He spent his youth career at West Bromwich Albion, making his professional debut for the first team in 2019. Rogers signed for Manchester City later that year before loan spells at Lincoln City, Bournemouth and Blackpool. He went to Middlesbrough in 2023 and spent seven months there before signing for Aston Villa, where he has since made 85 appearances and scored 21 goals. Follow BBC Birmingham on BBC Sounds , Facebook , X and Instagram ."
8c3eefde-9a84-4a3d-b314-9abc0d6fd83d,https://www.bbc.com/news/articles/c75ygy71wdgo,2026-07-13,How men with female surnames are standing up to ridicule in Kenya,"Many children in Kenya traditionally inherit their father's first name as their surname, but there are an increasing number of people who are taking their mother's instead. This is particularly the case amongst the country's largest ethnic group, the Kikuyu - and has become a subject of debate and in some cases ridicule for the men with female surnames. Girls and women who have their mother's names do not face the same censure - and often when they marry may opt to take their husband's first name as their surname. Some say the growing trend of men having female surnames reflects changing attitudes to women and their influence in what is a patriarchal society; others are critical of those who have been given - or in some cases opt to take - their mother's name. It used to be rare to see men in prominent positions with a female surname, but now there are even several politicians who have them - like MP John Njũgũna Wanjikũ. Brought up by a single mother, he was first elected in 2021 and goes by the nickname ""Ka-Wanjikũ"", meaning child of Wanjikũ. Some like Wanjikũ were given their female surname at birth, but others have chosen theirs to honour their mothers. One of the earlier personalities to break the norm over male surnames was Peter Kĩgia, a Kenyan musician who chose his mother's name as his stage name. Kĩgia wa Esther (son of Esther), now in his 60s, is known for playing benga - fast, rhythmic guitar folk music with lyrics in Kikuyu. ""When you take your mother's name, it means you love and respect her,"" he told the BBC, saying he had even registered his record company as Wa Esther Productions. It now comes with a certain cachet in the music industry, with other younger male musicians following in his footsteps. Posters advertising performers with their mother's surname, such as Waithaka wa Jane and 90K Ka Msoh, are often plastered to hoardings in the capital, Nairobi. Though in these cases the formal names of these artistes remain male. Journalist Simon Macharia Wangũi told the BBC he decided to deliberately choose his mother's name as his official surname. ""Why give somebody credit where it does not exist?"" he says of his father, who was absent for most of his life and about whom he has ""only heard rumours of his existence"". Mostly raised by his grandmother, he was 12 when his mother died in 2003. He had no surname until his final year of high school, when he applied for a birth certificate. Some Kenyans still think that a child raised by a single parent ""lacks certain morals"", explains Evans Kibe Waceke, a broadcaster who bears a female surname. ""People perceive you as undisciplined, especially when you are raised by a single mother,"" he tells the BBC. A heated debate over the pros and cons of having a female surname began two years ago when prominent motivational speaker Robert Burale said it undermined men's masculinity. This prompted TV personality Fred Mũitĩrĩri to go public about the difficulties of having a female surname - and how he ended up dropping his mother's name, deciding to use his English and Kikuyu first names only. ""Do you know how embarrassing it is for a boy to be called out, in a room full of kids, [with] a girl's name?"" he wrote on Facebook - talking about his low self-esteem. ""From some of those experiences, I developed depression at the age of 23,"" he said. Wairimũ Mũkũrũ, a young Kikuyu cultural expert with a large social media following, says the rise of female surnames is largely down to the fact that single-mother families have become much more common. Still, she adds, it is a cultural anomaly as even sons of unmarried women are usually given male surnames. ""In the event that your mother doesn't tell you who your dad is or he rejects you, your mother's eldest brother takes up that role,"" she tells the BBC. However, Mũkũrũ explains that there may sometimes be reluctance to do this as it gives a child the right to inherit property. Mũgwe wa Njũhĩ, an official of the Kikuyu cultural group Kiama Kĩa Ma, agrees male relatives of single mothers may deny the use of their name to avoid inheritance disputes. But he also argues that there should not be such disdain for female surnames given that, according to legend, the Kikuyu trace their lineage from the 10 daughters of the community's first couple - Gikũyũ and Mũmbi. ""I am Mũmbũi by clan [derived from Wambũi, one of the daughters]. We have always aligned ourselves with women, from the very beginning,"" he tells the BBC. In fact, the Kikuyu are often referred to as the House of Mũmbi, after their mythological founding mother. Wa Esther, the veteran musician, agrees that people from other communities who criticise the use of female names by Kikuyu men do not understand ""our way of life"". Academic George Gathigi explains that while Kikuyu men may have traditionally identified themselves through their mothers, that was always informal, with formal adoption of female names being a new phenomenon. When polygamy was more commonly practised, for example, children were identified by their mother's names in large groups to avoid confusion - as culturally too there is only a small pool of first names in each family. Late Kenyan author Ngũgĩ wa Thiong'o, whose father Thiong'o wa Ndūcũ had four wives, wrote in his memoir Dreams in a Time of War that while growing up he was generally known as Ngũgĩ wa Wanjikũ – his mother's first name. Gathigi, who lectures at the University of Nairobi and commentates on Kikuyu social issues, believes the adoption of female surnames reflects the ""strength of women"" in modern society, particularly in situations where men have been abandoning their responsibilities. ""Culture changes and you now have to deal with the modern realities in division of labour,"" he tells the BBC, noting that women have increasingly been taking up roles that had been seen as male. He says that in such cases, when the children ""don't get that advantage of being brought up by their father… the mother becomes both the mother and the father"". He sees this as a ""bad thing that it is being normalised"". Such attitudes may explain the continuing backlash - one blog has described the practice of using female surnames as ""a yoke around men's necks"" while another says it is an effort to ""womanise the Kikuyu man and make him weak"". While journalist Wangũi acknowledges it may not always be easy to have a female surname and it brings with it a certain ""identity crisis"", he is proud of his decision. And he says that if you end up being successful, despite the name, ""people will see you as having beaten the odds to get to where you are"". Go to BBCAfrica.com for more news from the African continent.  Follow us on Twitter @BBCAfrica , on Facebook at BBC Africa or on Instagram at bbcafrica"
8219f056-38d8-41c2-8b74-a9f06be0c6bc,https://www.bbc.com/news/articles/cpv39m1vpd2o,2026-07-13,Man seriously injured after being assaulted by masked gang,"A man in his 30s has been seriously injured after he was assaulted by a gang of up to eight masked men armed with bats. The incident happened outside a property on Thornhill Drive in Ballyclare, County Antrim, at about 00:40 BST on Sunday. The victim was taken to hospital for treatment to ""serious injuries caused to his leg, head, wrist and arms"", Det Insp Gallagher from the Police Service of Northern Ireland (PSNI) said. ""Those responsible for this attack have shown a complete disregard for human dignity and the rule of the law,"" he continued. ""This attack has also left the victim with lasting physical and psychological trauma – no one deserves to be attacked in this way. There is no justification for this violence."" Detectives are appealing for anyone who witnessed, or has information in relation to the incident, to contact them."
b430334a-296a-47ad-8635-c67cf8ce0412,https://www.bbc.com/news/articles/c0ryd5e9v9jo,2026-07-13,Mining museum celebrates 25th birthday,"Volunteers and former mine workers have celebrated the 25th anniversary of a mining museum which tells the stories of mining history in Cornwall, with the unveiling of a restored mining headframe. The 12m (39ft) tall structure now stands on the skyline at King Edward Mine (KEM) at Troon, near Camborne. Trustee Peter Snodgrass said the amount of work volunteers put into the project had ""been fabulous"". It was donated from the site of a mine near Blackwater and has replaced a headframe which collapsed at KEM in 1934. A headframe sits above a mine shaft to lift mined ore to the surface, allowing miners to enter and exit workings, and directing fresh air into a mine, dispelling hazardous gases. Lord-Lieutenant of Cornwall Colonel Sir Edward Bolitho unveiled a commemorative plaque at the celebrations on Saturday 11 July. KEM was developed as a training mine by Camborne School of Mines (CSM)  in 1897 and was a teaching facility for more than 100 years. Snodgrass told the BBC the newly-erected structure was ""one of the last wooden headframes  in Cornwall and the first one to be erected in many many years"". He said: ""What makes it special is its history"". Among the team of volunteers was Mike May, who was an apprentice at Geevor in 1962 and helped build the headframe. KEM said his expertise ""proved invaluable"" to the restoration. Volunteers put in thousands of hours of work, including dismantling, cleaning and retaining as much of the original fabric of the headframe for reuse as possible. They also repaired and installed timbering, concreted foundations and reassembled the structure to its historic design so a headframe could  tower on the Troon skyline ""proudly"" for the first time in 92 years, KEM said. The headframe was originally built at Geevor in west Cornwall and erected at Cligga Head, near St Agnes, in 1962. It was later moved to Nangiles in the Wheal Jane area near Chacewater, then to Wheal Concord  near Blackwater in 1980. The site was later taken over by Cornish Firewood, and owner Jason Thomas  and his family offered the the headframe on long-term loan to KEM. KEM's chair of trustees John McDonnell said the loan ""helps us to highlight the relationship between mining underground and the winding mechanism and ore processing in the mill, which our museum so aptly demonstrates"". He added the museum was on the look out for more volunteers for a variety of roles. Follow BBC Cornwall on X , Facebook and Instagram . Send your story ideas to spotlight@bbc.co.uk ."
04a4112a-93f4-4616-9bd2-bf8d8521f7d9,https://www.bbc.com/news/articles/cgjx9njdzd1o,2026-07-13,Police appeal after fight breaks out on seafront,"Police have appealed for information after a ""large disturbance"" during which several people were injured on a seafront. Essex Police was called to Marine Parade West, Clacton-on-Sea, shortly before 03:00 BST on Saturday to reports of a fight. Several injured people who needed medical attention were found at the scene, including one who had suffered a serious head injury. Detectives believe a car was involved in the incident, but it was no longer there when officers arrived at the scene. They have closed the area around Pier Gap and asked people to avoid it until further updates. Officers have appealed for any witnesses to come forward, including those who might have dashcam footage in the area. Do you have a story suggestion for Essex? Contact us below. Follow Essex news on BBC Sounds , Facebook , Instagram and X ."
8d2a5488-090a-4c80-a620-bae908318bbc,https://www.bbc.com/news/articles/cly9lnyd8q8o,2026-07-13,'Sensitive' repairs planned for Masonic Hall,"A historic Freemasons' meeting hall is set for repairs under new plans. If approved, the Masonic Hall, in St Saviourgate, York, would undergo work, including removing loose paint and filling cracks to stop water seeping into the front of the building. An application lodged with York Council by planning agents Bartlett Mettham said the repairs would deliver ""a substantial visual enhancement to the streetscape and the wider York Central Historic Core Conservation Area."" According to the documents, scaffolding would go up at the front of the building during the work but St Saviourgate would remain open to traffic. The report stated the building's deterioration has been caused by water run-off and trapped moisture. Other damage includes widespread paint flaking and bubbling, as well as weeds growing in rainwater pipes and algae staining the first floor windowsills. Repair work would involve clearing weeds, fixing compromised render and striping back failing paint layers, according to the Local Democracy Reporting Service. Plans stated the repairs ""represent a highly beneficial, restorative, and essential intervention"" aimed at preserving the historic building. It said: ""Adopting a strategy of minimal intervention ensures that the historic fabric is structurally safeguarded, avoiding the accelerated decay, freeze thaw spalling, and internal dampness that would inevitably occur under a do nothing scenario. ""Ultimately, these sensitive repairs will restore the building's classical symmetry and architectural clarity."" The hall was originally built opened as the Institute for Popular Science and Literature in 1846 before being converted into a Masonic Hall in the 1880s. Listen to highlights from North Yorkshire on BBC Sounds , catch up with the latest episode of Look North ."
790eed16-623c-4c9b-9860-f4ac70eba72c,https://www.bbc.com/news/articles/c17yj754n7ro,2026-07-13,Beneficial ownership proposals by the end of year,"New proposals for a register of beneficial owners in Guernsey will be published before the end of the year, according to the chief minister. At the 45th British Irish Council, Deputy Lindsay de Sausmarez confirmed the Policy and Resources Committee would publish a policy letter on the matter by the end of the year. Earlier this year, the States went out to consultation on the issue of proposals for a framework of who should have access to information on the beneficial ownership of Guernsey companies. Chief Secretary to the UK Prime Minister Darren Jones said it was important jurisdictions worked together on issues around transparency . A register of beneficial ownership is a record of the people who ultimately own or control a company, trust, property, or other legal entity. Earlier this year, Labour MP Lloyd Hatton called for the islands to create public registers of beneficial ownership , in an effort to make tackling financial crime easier. Speaking at a press conference at the end of the British-Irish Council, which was hosted at Les Cotils in Guernsey, De Sausmarez said: ""It's something that we've had many conversations with, both with the UK government and other Crown dependencies. ""We're pleased to be able to report progress on that topic. Jones said: ""Transparency is obviously important in these situations, and it's right that we work together to make sure that's the case, whether it's for law enforcement activity or for general levels of compliance. ""There's more that we all need to do in the UK. ""We're having to update the way in which Companies House, for example, verifies identity and address details when registering new companies. ""All of us have a shared interest in making sure that we're not providing loopholes or easy routes for money laundering or hiding assets in a way which is in breach of the law. ""The more we can do to make sure that transparency is applied in the way the public would expect, the better."" Follow BBC Guernsey on X and Facebook and Instagram . Send your story ideas to channel.islands@bbc.co.uk ."
379623f2-4772-4d38-a5a5-c51062d5f035,https://www.bbc.com/news/articles/c621yd4ym90o,2026-07-13,Water company promises £30m improvement programme,"People living on part of the Kent coast have been promised major improvements to their water supply. Southern Water said it is investing £30m in modernising the network for Thanet. The work will include £4m to speed up recovery times after incidents, with reservoirs refilled more quickly. It follows a series of swimming bans on the area's beaches because of concerns over water quality, the latest happening in June. In April 2025 Southern Water pleaded guilty to 13 counts related to untreated sewage spills in Thanet, and in 2021 was fined £90m after being prosecuted by the Environment Agency for a series of sewage dumps. The programme also includes £16m for new nitrate treatment schemes to enhance water quality, £3m to upgrade disinfection processes and upgrades to backup power supplies, control systems and communications. Director of water operations at Southern Water, Tania Flasck said: ""Having a reliable water supply is crucial for our customers, especially as we see hotter, drier summers and increasing demand across Kent. ""We know customers in Thanet have experienced supply interruptions in the past, and this investment is focused on strengthening the network to reduce that risk. ""This programme will help make our water supply more resilient, so we can continue to provide a dependable service for homes and businesses now and into the future."" Follow BBC Kent on Facebook , on X , and on Instagram and listen to BBC Radio Kent on Sounds . Send your story ideas to southeasttoday@bbc.co.uk or WhatsApp us on 08081 002250."
c0a1e09a-8c7d-46ba-a809-82091c4b4fb8,https://www.bbc.com/news/articles/ce957ez1954o,2026-07-13,Outhwaite explains 'tradwife' role in latest play,"Former EastEnders actor Tamzin Outhwaite has described her character in a stage adaptation of 1970s play Abigail's Party as a ""tradwife, without doing any cooking"". The theatre and television performer plays Beverly in Mike Leigh's black comedy exploring suburban life. The show completes a run at Theatre Royal Brighton, in East Sussex, on Saturday as part of a national tour, before heading to the West End in London. Speaking to the BBC, Outhwaite compared her character to an internet subculture, in which online communities promote traditional gender roles, adding that her character ""doesn't do anything, she drinks, she smokes, she gets her hair done"". Today, Beverley ""would be an influencer on Instagram, she'd be on TikTok, she'd be selling everything"", said the actor. Outhwaite said the play ""tackles lots of issues"", adding: ""Set in 1977, you think it would be dated but somehow it's really relevant."" ""It's extremely funny but very dark as well and I think we lean into the darkness a bit more than maybe other productions,"" she said. Outhwaite said she has enjoyed working on the production, ranking it in her ""top three"" career roles. ""I think this particular production, playing this character, with this cast, visiting these places, it's the happiest I've been on a stage,"" she said. Follow BBC Sussex on Facebook , on X , and on Instagram and listen to BBC Radio Sussex on Sounds . Send your story ideas to southeasttoday@bbc.co.uk or WhatsApp us on 08081 002250."
0f8a3399-4986-409f-b6cd-37ce50865326,https://www.bbc.com/news/articles/c5yz13z3k42o,2026-07-13,'Take time to pause' before sending money,"People have been urged to take a moment to pause and take extra care before sending money or sharing financial information. The Jersey Financial Services Commission said it was strengthening protections against authorised push payment fraud , which sees people tricked into authorising payments to criminals. It added it was working with regulators in Guernsey and the Isle of Man on a coordinated approach and the first focus was at retail banking customers making payments through faster payments and the CHAPS high value same-day payment systems. The JFSC said scams could be ""highly convincing and often involve pressure, urgency or the impersonation of a trusted person, business or organisation"". It said it was encouraging people planning to make payments to question unexpected requests for money, even if they appeared to come from someone they trusted, and contact their bank immediately if they thought they may have been scammed. Alan Ainsworth, JFSC's director of policy, communications and innovation, said scams could be ""distressing and costly"". He said: ""These scams are designed to look genuine, which is why it is so important that people take time to stop and check before making a payment. ""The message is simple: if something feels unusual, take a moment, question it and contact your bank straight away if you are concerned."" The financial regulators are looking at prevention and issues including how cases are handled along with policies about reimbursement and customer vulnerability. Follow BBC Guernsey on X and Facebook . Follow BBC Jersey on X and Facebook . Send your story ideas to channel.islands@bbc.co.uk ."
38648d0b-e787-4a50-9a6b-7bcc05a0f13b,https://www.bbc.com/news/articles/cj3gkn0m00mo,2026-07-13,Businesses hit by city centre flash floods,"City centre businesses have been impacted after a deluge of flash floods. Restaurant Michelangelo's in Carlisle said it would be shut until further notice while it assessed the damage caused by heavy rain on Saturday. Indoor skate park Project One is also shut with staff reporting most things had dried out, but there was ""still loads of water trapped under some of the ramps"". Carlisle Market Hall was also hit by the downpours. One trader, the Hobby Hoader said on social media it was ""grateful"" to customers and the other traders for helping divert water from its stall. Carlisle Cathedral Cafe was also flooded but said it had been able to start serving customers after a one-hour delay. Warhammer Carlisle said it was open for business on Sunday and the rain may have helped wash out some of its drenched carpet's ""wayward paint stains"". Follow BBC Cumbria on X , Facebook , Nextdoor and Instagram ."
70b50be0-c821-4d79-8387-d0cc302abe8b,https://www.bbc.com/news/articles/c4gy15jejdyo,2026-07-13,Pedestrian critical after being hit by a car,"A man is in a critical condition after he was hit by a car in Stoke-on-Trent. The pedestrian, in his 30s, suffered serious injuries after he was struck by a white Toyota Prius on the A53 Etruria Road at about 03:15 BST on Saturday. He is currently receiving treatment in hospital, Staffordshire Police said, and the driver of the vehicle has been helping officers with their inquiries. The A53 roundabout has been closed along with the road's westbound carriageway heading from Festival Park to the A500 roundabout. The eastbound carriageway towards Festival Park remained open, the force confirmed, but people should avoid the area. Anyone who witnessed the collision or who might have relevant CCTV or dashcam footage has been urged to contact police. Follow BBC Stoke & Staffordshire on BBC Sounds , Facebook , X and Instagram ."
1c74d2ee-b0b1-43bf-9aca-66fd9de383dd,https://www.bbc.com/news/articles/c36yl59ylxro,2026-07-13,'We're losing a bit of history': The camera club keeping print photography alive,"In the age of the smartphone, Northern Ireland's oldest camera club is helping to keep print photography alive. Vittorio Silvestri, president of the Central Photographic Association (CPA) camera club, believes ""we're losing a bit of history"" because of the decline in print images. The club, currently located in south Belfast, dates back to 1906 and is this year celebrating its 120th anniversary. Silvestri has been in the CPA for four decades and in that time has seen membership decline from more than 70 people to about 30. ""The numbers are dwindling,"" he said, adding that there are not many young people active in the club. With camera technology on smartphones getting better by the year, Silvestri says doors have been opened for the younger generation when it comes to making photography more accessible. ""However, we're not really seeing them come into the club because of that,"" he said. While smartphones provide access to the world of photography to everyone, Silvestri said the images taken on them are not the same as ""expert prints"". ""That's where the phone images would tend to fall over a conventional camera. Phone images don't have the same quality, the same technology to be able to print well,"" he said. ""Prints are dwindling."" Speaking of photography competitions, he said: ""What we are seeing is that print submission has gone down and digital submission has gone up and, you know, we're happy enough with that. ""But I think we're losing a bit of history because we're not seeing the prints."" In order to preserve some of that print history and to mark the club's anniversary, past and present members have contributed their pictures to a photobook put together by Silvestri. Over the years, members of the CPA, including Silvestri, have provided print photos to the Public Record Office of Northern Ireland (PRONI), whose role is to identify and preserve access to records of historical, social and cultural significance. This means the print photos and the history behind them have somewhere to live on. ""I do think it's important that images are printed for a record purpose,"" Silvestri said, adding that this is a reason he decided to publish the photo book. To mark the 120th anniversary of the club, Silvestri took on the task of printing 120 photographs in the book, two from each member. However, having realised the club does not have 60 members, he branched out and tracked down past members to contribute too. Those who took part also provided a written history of their photos to be included in the book. Robert Sergeant joined the CPA about 10 years ago and sat as chairman for two of those. His photos appear in the book. ""It's nice to see that printed material,"" he said. ""It is something you can throw on the coffee table, and if people come in to the house, it's much easier letting them see something physical than having to drag out a phone and saying, look at this."" Both Silvestri and Sergeant are encouraging young people who are interested in photography to join the club. Silvestri said there is ""no better place to learn how to use a camera than a camera club"". ""When you're in a club … there'll be somebody that will mentor you, that will buddy you and will take you along your journey using your camera and I think that's really important."" Bringing it back to printed images, Sergeant said: ""The thing about camera clubs is we still have a strong reliance on the printed material, in that you tend to find that people who have phones and use their phones only for photography don't tend to get that hard copy,"" Sergeant said. He said there is ""always something very nice"" about seeing your own images in large scale. The book was launched at Belfast Central Library, where an exhibition showcasing the club members' work is on display until later this month."
24884315-490a-43ce-b098-395d285e9adf,https://www.bbc.com/news/articles/cgqjw8jxqgjo,2026-07-13,Town of Culture can show 'the world how good we can be',"The Northamptonshire town of Corby is one of 15 places competing to UK's first Town of Culture 2028. It beat off competition from nearly 400 towns across Britain including its neighbours Northampton, Wellingborough, Kettering and Rothwell. Corby will now begin the process of finalising its entry with the hope of earning the accolade. But what do people in the town think of the shortlist and what makes them stand out? Mark Pengelly, Secretary of the Corby Highland Gathering committee, which is set to take place on Saturday and Sunday, was on the board that put the Town of Culture bid together. He said Corby is a town that's ""unique in culture"". ""People come to live in Corby from all over the UK, all over Europe and because of that it's a united town and we all work together,"" he said. Mark, who is also a Labour councillor on both the Town Council and North Northamptonshire Council, said people in Corby ""support our cultures"". ""I'm English, I was born in England. But I help run the Corby Highland Gathering where we get thousands of people who come two days a year to celebrate Corby culture and the Scottish coming to Corby and building the town."" Corby is often referred to as ""Little Scotland"" due to the large number of Scottish steelworkers who settled there in the 1930s, and then later after World War Two. Mark said the Scottish culture is ""ingrained in the Corby people"", adding: ""Corby is a great place to live, people are always looking after each other. He said it was a ""privilege to be on the shortlist"". ""I think we need a little work and everyone working together. We can win this."" James Hay who was born in Corby, said despite the growth in the town it still has a ""very local community"" feel where people ""look out for each other"". The 60-year-old who works in the town's Heritage Centre, said it is ""very multicultural"", but noted that even in the 1950s ""there were 25 nationalities in Corby"". ""Once you are accepted in Corby you are a 'Corby-ite', it's a very welcoming town,"" he said. ""I think it would be brilliant for Corby… it would give the economy a good boost. ""It's a very green place [with] parks and countryside, it's got a cinema, it's got the [Corby] Cube, the [Core] theatre and the international swimming pool."" Kaio Dohmatob moved to Corby from Wood Green in London five years ago and said his time in the town had been a ""mix of experiences"". The 18-year-old said it is ""full of all kinds of people"". But he said: ""It's a lot quieter [than Wood Green], people care less about your story as a person, some people don't share the same experience as you."" The college football player said the town is ""full of a lot of cultures"" and being Town of Culture would be positive. ""It'll be good to put Corby on the map, this place is not as well known as other parts of Northamptonshire or Peterborough,"" he said. He added if the town did win he would like to see ""more centres for young people"" and growth in the participation in football. Amanda Hill organises the Highland Dancing at the Corby Highland Gathering and runs one of the seven Highland Dancing schools in the Corby area. She said Corby is ""just the best… we are just the nice, friendliest, the most hospitable, just a joy to be around. ""We all mix together and become a really nice community."" She was born in Dumbarton in Scotland, but in the 1970s her parents moved to Corby when she was 15 months old. Amanda said that people in Corby often have a ""slightly Scottish accent but you've never been to Scotland in your life"". The dance teacher said winning the Town of Culture ""would be amazing"". She added: ""Because of the community spirit that we have, it doesn't matter what nationality you are, we can all get together and just show the county, the country, even the world, how good we can be."" Do you have a story suggestion for Northamptonshire? Contact us below. Follow Northamptonshire news on BBC Sounds , Facebook , Instagram and X ."
5dc7171b-3b41-42d7-b931-0ac774c5ff12,https://www.bbc.com/news/articles/c862x7j2y63o,2026-07-13,The alt-pop rockers putting inclusivity centre stage,"It has been a busy few months for Renegade Zoo, a band formed through a creative arts project for young adults with learning disabilities in Londonderry. A debut album showcasing their brand of alt-pop launched earlier this year, a summer performance at the Foyle Maritime Festival followed, before taking to the stage at this year's Stendhal Festival. All students at Derry's Tuned In Project, the band describe themselves as a group of neurodivergent and physically diverse musicians. Rapper Donna Marie Duddy, known as DM, says Renegade Zoo is ""about not putting limits on ourselves"". She adds that is is about friendship and having the opportunity to write songs. Before joining the band, songwriting was not something she had much chance to explore. ""The lyrics come much easier than the melodies,"" she says. Philip 'Wally' Wallace is the Tuned In Project's music media teacher in Derry. He says Renegade Zoo emerged from the project's wider work encouraging students to get involved in music. ""We realised we had a drummer and a few different players. Once we started meeting regularly, we realised we had the makings of a band."" He says being in a band has helped the young people grow in confidence and develop self-esteem. ""What we try to do is help the students find their voice through music and make sure they know that voice is being heard. ""Everyone in the band loves it, me included. It's hard work, but they put so much effort into the songwriting, recording and performing."" In March, Renegade Zoo launched their debut album, Eyes on the Road, at Derry's New Gate Arts and Culture Centre. Singer and percussionist Sarah Jane Murray, who goes by SJ, said the album launch was one of the highlights of her time in the band. ""It was great to see everybody getting up dancing these songs that we created ourselves."" SJ also enjoys the songwriting process and says some songs emerge spontaneously during rehearsals. ""We'll sit together, come up with melodies and guitar riffs. ""Sometimes Wally or somebody else will bring in a guitar riff and we'll build a song around it."" For SJ, Renegade Zoo is about ""confidence and creativity"". ""There's times that I might sing a wrong note or it might be a bit dodgy here and there and I just know for a fact that it's just a process, that it is alright."" The band's album reflects the eclectic approach to songwriting that members say defines Renegade Zoo. Their sound draws on a range of influences, including rock, pop, alt-country and hip hop. ""A lot of our songs aren't typical break-up songs or romance songs,"" explains singer Sorcha Friel. ""A Renegade Zoo song either has a great message or can just be a bit silly."" She says one of the tracks, Waggledance, was inspired by an unlikely source - a ""random conversation about bees one day"". Performing at this year's Stendhal Festival has been a particular highlight of her time in the band. ""The bigger the crowd the better. I get more nervous with a more intimate crowd."" After a busy early summer Renegade Zoo are back in the rehearsal room writing new material. Plans are being formulated for the months ahead and the band's members have different ambitions for the future. DM dreams of a UK tour, while SJ believes a tour of Northern Ireland may be a more realistic next step. Sorcha's hopes are simpler still: ""More new songs, more just being ourselves."""
d7bb0c15-324c-4345-bb97-6f6ae0e6021d,https://www.bbc.com/news/articles/cy5vxy1l25ro,2026-07-13,Nine-person HMO rejected over 'impact on area',"The conversion of a five-bed house into an nine-person House in Multiple Occupation (HMO) has been refused over its ""unacceptable"" impact. The proposal for the property, in Gladstone Street, Scarborough, was rejected by North Yorkshire Council over concerns about the number of HMOs already in the area. If approved, the proposal would have resulted in four HMOs on a 200m (656ft) stretch of Gladstone Street. While it would not have contravened the authority's policy of a 10% restriction on HMO properties within a 100m (328ft) radius, officers said the scheme was ""considered to be unacceptable in principle"". The Highway Authority recommended refusal of the plan, and the council's housing regulation team also objected to the proposal, according to the Local Democracy Reporting Service. Four objections were also lodged by members of the public. One resident said the proposal would lead to ""harmful amenity impacts including increased activity, deliveries, noise and disturbance at unsociable hours"". Another said: ""The development would impact on the character of the area, leading to a high concentration of HMOs which can lead to a transient population and impact the established residential nature of the neighbourhood. ""There are already a number of HMOs on the street, which has changed the character of the area from a family area."" According to a planning report, the floor plans were not acceptable as a proposed nine-person HMO. The authority's housing team said: ""The plans show predominantly self-contained studios which do not meet the current space standards for the number of occupiers. ""Current guidance indicates that studios should have a minimum of 37sqm, which is not achievable based on the plans provided."" The Highway Authority also objected as there is ""no existing vehicular access to the site, with no proposal to alter this arrangement"". It noted that according to the plans, there would be 24-hour on-site staff, which would lead to ""an increase in vehicular parking demand within the local vicinity"". Listen to highlights from North Yorkshire on BBC Sounds , catch up with the latest episode of Look North ."
ce258b78-9267-42ac-8c62-0656343e45d4,https://www.bbc.com/news/articles/cg74e270p13o,2026-07-13,Brothers jailed for 1984 murder after undercover police sting,"Just after midnight on 1 May 1984, civil servant Anthony Littler stepped off a train at East Finchley station and set off down a dark alleyway towards home. Two minutes later, the 45-year-old lay dying on the ground. Anthony - a ""gentle giant"" to his friends, who lived alone and loved real ale - had been struck twice over the head. Nothing was stolen. No eyewitnesses, no forensics, no clear motive. For 42 years, nobody was brought to justice. On Friday, that changed. Michael Stewart, 57, and Anthony Stewart, 60, were sentenced at the Old Bailey to life imprisonment with a minimum term of 10 years and 15 years respectively for his murder. The brothers were aged 15 and 18 at the time of the attack. Although there was no evidence Anthony Littler was gay, Mrs Justice Cutts noted that the Stewarts had targeted gay men to rob. ""1984 was a different time and in many respects a different place,"" she said. In a televised sentencing, the senior judge told the defendants: ""I am quite sure your group was lying in wait for a victim. You targeted that decent, honest individual and took his life."" Cold cases are often solved by science: DNA, fingerprints, old exhibits tested with new techniques. This one was different. Detectives turned to a daring undercover operation - bugging Michael Stewart's home and car, placing listening devices on his brother's car, and sending two covert officers into Michael's life. They were waiting for him to do what, over the years, he had repeatedly done: talk. Warning - Some readers may find the content and discriminatory language in this report distressing Anthony Littler, a quiet man of simple routines, was 6ft 4ins, worked in the civil service and lived in a flat in East Finchley, north London. He was devoted to his mother, and often travelled back to St Helens in Merseyside, where he was born and grew up, to visit her. Anthony's great passion was real ale. On the last evening of his life he had crossed London for a meeting of the Society for the Preservation of Beers from the Wood at a pub in Carshalton, where he shared five or six pints of bitter with friends. They said goodbye at closing time. Anthony travelled back across London, arrived at East Finchley, and turned into the narrow footpath beside the railway line - a shortcut towards home. Within minutes, he had been attacked with such violence that he never regained consciousness. ""He was a bit like a big brother,"" remembers Patricia McLure, one of Anthony's last surviving close relatives. ""He used to push me around in my pram. He was always there at family birthdays, and he was always there at Christmas."" Patricia, from Bebington on the Wirral, said that what haunted her was that Anthony wouldn't have fought back. ""He wouldn't throw a stone at a dog when he was a kid,"" she says. ""He was always a kind soul, and to die in such a horrendous way - it's just so unfair."" Appeals on ITV's Police 5 and BBC One's Crimewatch went nowhere. The inquiry closed in January 1985. A second investigation, in 1993, led nowhere. A third between 2012-2015 also ended with no-one charged. ""I resigned myself to the fact that he was gone and they hadn't caught the perpetrators,"" Patricia says. ""It just left an everlasting sadness that was always there. It would surface every Christmas when he wasn't there."" For 42 years, she assumed, the killers thought they had got away with it. ""And up to the police doing this investigation,"" she says, ""they had."" In the first days of the original Metropolitan Police investigation, officers knocked on a door just a few hundred yards from the alley - the home of the Stewart family. There they spoke to 15-year-old Michael Stewart and, a week later, to his brother Anthony, then 18. The house-to-house forms recorded both as being safely at home on the night of the murder. On Anthony Stewart's form was a note: ""Does not use alley."" This wasn't true, and the court would hear that the brothers had a taste for violence and had been in trouble with police for years. In 2013, the brothers fell out in a bitter dispute. Daniel, the youngest of the three, was not involved in the attack and was only 10 when Anthony was murdered. During that family dispute, he told police Michael had threatened to burn his house down and kill him. Then Daniel gave detectives something far more serious: a childhood family secret. Michael, he said, had boasted about the killing within days of it happening. His brother Anthony had also spoken about it years later. Daniel told police his brothers used to go out attacking men they believed to be gay and that Littler had been attacked during an attempted robbery that went wrong. ""They just wanted to rob him, but he died,"" Daniel told police. He was not the only one to come forward. An associate of the family - who cannot be identified for legal reasons - recalled Michael pointing towards the station from a car and saying words to the effect of: ""That's where we killed him."" When Det Ch Insp Neil John arrived at the Met's Specialist Crime command in 2019, he inherited two legacy cases, including this one. ""There was missing paperwork, missing exhibits,"" John says. ""No CCTV, no forensics. Every witness that we wanted to speak to had sadly passed away."" So his team rebuilt the case from what was left. A museum curator helped decode the 1984 train timetable. Original Ordnance Survey maps were tracked down at the British Library because the streets around East Finchley had changed. A police search team spent a week in the Met's property warehouse, going through more than 200 large crates in the hope of finding the missing exhibits. They found nothing. But the paperwork, the old witness accounts and the brothers' alleged admissions had given detectives a route forward. After working through the material, John believed the case was strong enough to seek approval for a covert operation, which was granted in September 2023 when Operation Snowpitch began. ""I've never had a case like it before,"" John says. ""And I will never have a case like it again."" Operation Snowpitch was all about patience. Listening devices were hidden in Michael Stewart's flat and car, and on Anthony Stewart's car. But the most important part of the operation was more personal: two undercover officers, known as JJ and Anna, were sent into Michael Stewart's life. JJ made the first approach. He struck up a conversation about a broken lift in Michael's block of flats. Soon JJ was spending time with Michael - watching gangster films, playing video games and listening to his stories. Within three months, the relationship with JJ was so close that when Michael Stewart was later arrested for murder, it was JJ he asked to collect him from the police station. In the car home, Michael talked. ""I know who it was,"" he confided to the man he did not know was recording him. It was his brother and three of his mates, Michael said. They had been out ""gay bashing"", they had cornered a man in an alleyway - and they had smashed him over the head, the court heard. There was no evidence, the court heard, that Anthony Littler was gay. It became a pattern. Again and again over those months, the court heard, Michael pointed the finger at his brother, always insisting he himself had nothing to do with the killing. But the recordings kept catching him out. The other undercover officer, Anna, got to know him separately, and during a covertly captured conversation in a café in December 2023 she put it to him that his nephew had killed somebody. ""My nephew didn't kill nobody,"" Michael replied. ""It was my brother."" By now the investigation had broken cover. Michael had been arrested and questioned about the murder, then released - while, unknown to him, the undercover operation quietly continued around him. Then, in a police interview in March 2024, came the slip that helped place Michael at the scene. Denying he had been covered in blood that night, Michael blurted out: ""Well if I'm up the top of the alleyway keeping look[out]... how would I have got blood all over me? Come on."" Nobody - not the police, not his family, not a single witness - had ever accused him of being the lookout, prosecutor John Price KC told the jury. That detail existed nowhere but in Michael's own memory of the night. In trying to talk his way out, he had placed himself at the top of the alley as Anthony was beaten to the ground. And it explained a mystery, buried in the files since 1984. Two minutes after the attack, a young man had rung 999 from a phone box near the alley, asking for an ambulance for a man who was bleeding heavily - then hung up without giving his name. Nothing was found, and the call was dismissed as a false alarm. Only someone who had been there could have known so quickly, Price said. That caller, the prosecution told the jury, was 15-year-old Michael Stewart - the lookout, the first to run, raising the alarm for the dying man his own group had left behind. For Patricia, the knowledge that the men who killed her cousin have finally faced justice stirred an overwhelming thought. ""How dare you? You ruined my cousin's life - and you've had a nice life, I assume. ""They've had 42 years of freedom, and my cousin has had 42 years of missing out on life. He's missed out on the possibility of maybe getting married and having a family of his own. ""It's a sense of relief that justice has finally been done,"" she says. ""It's not going to take away the upset. It's not going to bring him back. But at long last, he has got closure. They've got the blighters."" Listen to the best of BBC Radio London on Sounds and follow BBC London on Facebook , X and Instagram . Send your story ideas to hello.bbclondon@bbc.co.uk"
74462b50-0562-4019-8449-5970a9dc129a,https://www.bbc.com/news/articles/cgevw1x3d17o,2026-07-13,Preschool warns heat is negatively impacting pupils,"The manager of a pre-school playgroup has said the negative impact that hot weather has on children cannot be ignored any longer. Elaine Kilner has worked at Sunnyside Preschool Playgroup in Kingsthorpe, Northamptonshire, for 26 years and said this summer's record temperatures have made it increasingly hard to keep children cool. She said that children heat up four times faster than adults and they often do not realise they are overheating. ""[The heat] has a negative impact on children's ability to engage in activities, it's very difficult for them to concentrate in this heat, so it's been really difficult to maintain an effective learning environment,"" she added. The manager has started a community fundraiser to help pay for air-conditioning at the preschool, which she said would improve the environment for students and staff. ""Although many years ago we just had to get on with it, we need to take better care of our children now,"" she said. ""It's a mobile classroom, so the materials used to construct the building are not suited to the hot weather. It's like trying to work in a greenhouse,"" Kilner said. ""We've noticed that [the heat is] beginning to impact the children, reducing concentration, increasing fatigue and general discomfort,"" she added. Kilner, who works with children aged two to four, told the BBC that methods the preschool uses to keep pupils cool - such as turning on fans, staying in the shade, drinking water and wearing a hat - were not effective enough anymore. ""We needed to find a long-term solution because we can't close, we can't do reduced hours because all our parents are working families and obviously they can't take time off either."" Kilner added: ""With climate change, the heat feels more intense and it's lasting a lot longer. I think we're more aware of child development and how heat, and low attendance, impacts them. ""We need to make sure that [students and staff] are in an environment that's suitable in all weathers to be educated."" Kilner said children can go pale and lethargic when the heat gets too much. ""We have to be really mindful and really vigilant watching them, making sure that they're hydrated to avoid fainting. ""Like the football, we keep having hydration breaks,"" she added. Education Secretary Bridget Phillipson, who visited Beanfield Primary School in Corby, Northamptonshire, last month, said: ""There's been a big job of work left in order to really make sure that all our schools are modern buildings that are able to deliver a brilliant education for our children. ""We are investing a lot of money in making that a reality, but I think the challenges that schools are facing around the extreme weather at the moment demonstrate that there's more to do."" She said the government had allocated £2.4bn in 2025/26 to improve the condition of school and college estates. Do you have a story suggestion for Northamptonshire? Contact us below. Follow Northamptonshire news on BBC Sounds , Facebook , Instagram and X ."
4adf28fa-4211-417f-b122-b87b710a7748,https://www.bbc.com/news/articles/cz75zl85140o,2026-07-13,Couple who met during dialysis call for better care,"A couple who fell in love while undergoing dialysis at the same clinic have called on the government to do more to protect kidney patients from cardiovascular disease. Lee Farrington, 49, met his wife, Kacey Farrington, 45, when they were both patients at Cambridge Dialysis Centre in 2022 and they married in April. Kidney Research UK said people with kidney disease are six times more likely to experience a major heart attack or stroke. While undergoing dialysis for four hours three times a week, Lee had two heart attacks and the couple said the experience highlighted the need for more support for kidney patients. Lee, a former roofer, said Kacey helped him settle into his dialysis treatment and the pair quickly formed a close bond and chatted during every session. His first heart attack in 2023 required him to have a stent - a small tube used to improve blood flow to the heart - and his second heart attack, which he had at the end of 2025, was more serious. ""I had heart palpitations and my chest felt tight. It was a shock because I'd never been told my kidney disease put me at risk of cardiovascular problems,"" he said. ""It was a scary time for all of us. My sister died from complications while she was on dialysis, so my health problems caused huge anxiety for my mum and dad. ""I ended up needing a triple heart bypass,"" he added. Kacey said she realised ""how much Lee meant"" to her after his first heart attack. ""Over the years, I've seen lots of patients become seriously unwell and pass away, but I'd never been so emotionally affected by it,"" Kacey said. Lee proposed to Kacey during another stay at Addenbrooke's Hospital – and the couple were married earlier this year. They said they were unsure what lies ahead in regards to their health, but urged the government to better support kidney patients. Kacey added: ""Since everything Lee has gone through, I worry much more about my own heart health, especially after 30 years of illness. ""Protecting our other organs would make a huge difference for kidney patients. It would put far less strain on our bodies and save lives."" On 7 July, the government unveiled a new cardiovascular disease strategy . The government said the strategy recognised that heart disease and high blood pressure can contribute to kidney disease and pledged to expand targeted testing to identify people with undiagnosed chronic kidney disease. About 20,000 kidney patients die from heart problems such as a heart attack or stroke each year, Peterborough-based Kidney Research UK said. Sir Stephen Powis, a trustee of Kidney Research UK and former medical director of NHS England, said: ""This strategy has the once-in-a-generation potential to save thousands of kidney patients' lives. ""But it is now crucial that GPs are properly resourced and supported to deliver these vital changes, including improved access to life-saving treatments."" Do you have a story suggestion for Peterborough? Contact us below. Follow Peterborough news on BBC Sounds , Facebook , Instagram and X ."
ae77d362-7532-4021-a68c-62a41425a977,https://www.bbc.com/news/articles/cwyd75g11deo,2026-07-13,City museum applies for alcohol licence,"A city museum has applied for an alcohol licence as it aims to expand its events programme and boost venue hire income. Peterborough Museum and Art Gallery, on Priestgate, is seeking permission from the city council to sell alcohol and host live and recorded entertainment. The application, submitted by Peterborough Limited, states that the museum wants ""to provide on-site entertainment as part of our programming, including the sale of alcohol for consumption on site"". A spokesperson for Peterborough Limited said: ""The licence will enable us to meet the needs of future events, including the option to sell alcohol when we run evening events at the museum."" The move comes after Peterborough City Council proposed reducing the museum's opening hours as part of its 2025-26 budget savings plans. The museum currently relies on about 120 volunteers to help run the venue and support exhibitions and events. While open from 10:00 BST to 16:00 BST, Tuesday to Saturday, it regularly hosts out-of-hours events as part of its commitment to offering a diverse programme of activities. If approved, the licence would allow the museum to stage live music, film screenings, theatre productions, musical performances, lectures, talks and candlelit tours from 10:00 BST until midnight, seven days a week. The application also seeks permission to provide late-night entertainment between 20:00 BST and midnight, Monday to Sunday. Alcohol could be sold for consumption on the premises from 10:00 BST until midnight throughout the week. Peterborough City Council is yet to consider the application. Do you have a story suggestion for Peterborough? Contact us below. Follow Peterborough news on BBC Sounds , Facebook , Instagram and X ."
525297ef-0ac8-4e40-8faa-9f4c1de80f96,https://www.bbc.com/news/articles/c9q2z1xd00do,2026-07-13,More than 200 'troublemakers' dispersed in two months,"More than 200 ""troublemakers"" have been dispersed from beaches in Thanet in the past two months, Kent Police say. The force said 219 dispersal orders were recorded across Broadstairs, Margate and Ramsgate between 1 May and 1 July, after officers were granted additional powers to move on anyone suspected of committing an offence. As part of efforts to combat anti-social behaviour, a year-round blanket ban on the consumption of alcohol in Margate and Ramsgate town centres has been introduced by Thanet District Council. A dispersal order covering areas of Thanet began at 14:00 BST on Friday and covers most of the weekend, police said. During warm weather, visitors often flock to the East Kent coast. Many take the train, with Kent Police saying it is working with Southeastern andBritish Transport Police to tackle behaviour on trains and at stations. Fourteen community protection warnings were issued in the two-month period and 17 home visits to reported offenders took place, with 42 letters sent to households as part of the clampdown on nuisance behaviour. Officers are also able to seize items such as loud music equipment if they are used in a manner deemed to be anti-social. Police say they have also delivered presentations to more than 1,200 students through community engagement with schools to inform young people about the risks of becoming criminalised through anti-social behaviour. Ch Insp Ian Swallow said: ""Our enforcement action and work in the local community is driving results and we will continue to keep measures in place to ensure those spending the summer in Thanet can enjoy themselves safely."" Follow BBC Kent on Facebook , on X , and on Instagram . Send your story ideas to southeasttoday@bbc.co.uk or WhatsApp us on 08081 002250."
83ebaafc-4b6f-4dbc-9b08-f30774ae4a48,https://www.bbc.com/news/articles/c9d2wgvg55jo,2026-07-13,See if you can spot an AI deepfake with our test,"Psychologist Dr Clare Sutherland is holding up two large photos. One shows the face of an Australian academic leading an international research study; the other is an AI-generated deepfake. Artificial intelligence has become so adept at creating realistic images, it is increasingly hard to figure out what is real or not. But can people be trained to spot an image of a human that has actually been created by a machine? That's a question Sutherland, from the University of Aberdeen, and her Australian colleague have been examining. But before we reveal the answer, have a go at this test - and note down your score. If you found that tough, you are not alone. It used to be far easier to spot computer-generated visual creations - often used by fraudsters - because AI would make blunders, like adding an extra finger or something else that was obviously weird. But AI learns from its mistakes. ""Training on visual artifacts, like looking for a sixth finger or odd earrings, has had limited success, partly because the AI is getting too good, and fraudsters may avoid using pictures with obvious flaws anyway,"" explained Prof Amy Dawel. She is the woman with shoulder-length hair in the picture being held by Sutherland. The man's image is the fake. Dawel is the director of the Australian National University Emotions and Faces Lab. She has been leading a team of researchers in Australia, Canada and the UK to find out if people can be trained to rumble the AI imposters. The answer, for now at least, is yes - but learning to spot an AI fake requires a more subtle approach. Sutherland is leading the UK-based research at the University of Aberdeen. She said they had noticed they were getting a feel for which faces were real or AI just by looking at them. ""So we thought, OK, it would be really interesting to see if we could teach other people this too,"" she said. For the experiments a pool of thousands of AI-generated faces was created using an AI image tool called StyleGAN3, one of the most realistic face generators available. Participants were tested before and after being given training The researchers trained participants in the studies by drawing their attention to six perceptual qualities: AI also tends to be less proficient at recreating non-white, older or younger faces because more of its training involves young white people. Some of these tips might sound quite similar and ""fuzzy"" - but that's the point. Rarely will you encounter a surefire ""tell"" that will unmask an AI fake. Rather, it is about becoming attuned to their characteristics and developing a gut feeling. Researchers found that by exposing people to images, both AI and real, then telling them which was which, they can get significantly better at it - even in the space of an hour or so. The researchers found the participants would typically increase their accuracy score from about 40% to 80%. A few individuals achieved close to 100% accuracy. Ironically, what the human brain is doing here is similar to the way that generative AI models work. Give them enough data to train on and, over time, their accuracy improves - even though we may not totally understand how they are doing it. The studies also looked at how confident the participants were at identifying the AI images. Previous research had indicated people were overconfident that they could spot AI faces, with the most confident people making the most errors. After training, participants were found to have increased their confidence in spotting the deepfakes. ""That's helpful right?"" says Sutherland. ""Because if you don't know when you're correct or not, you can't really do anything with that information."" OK, so are you ready to take another test? How did you do? Feeling more confident? If the answer is no, don't beat yourself up over it. In both the human world and that of generative AI, practice makes perfect - or at least a bit closer to perfect. There are many websites out there where, if you so desire, you can hone your skills. You can also volunteer to take part in the research yourself. The obvious danger is fraud. Global consultancy firm Deloitte has predicted that losses from AI deepfake scams in the US alone could rise to £40bn next year, up from £12bn in 2023. The report cited the example of a scam where an employee at a Hong Kong-based firm transferred £25m to fraudsters after a video call with a deepfake recreation of their boss. Another sinister use of deepfake technology is political espionage. As long ago as 2019, an Associated Press investigation found that a LinkedIn profile - including a photo - belonging to a woman called Katie Jones appeared to be fictitious. Jones purported to be a Russia and Eurasia specialist with links to prominent Washington think tanks and policy circles. The AP report claimed she was actually a deepfake produced by Russian intelligence who had successfully connected with top US political aides and national security officials. In Australia, a politician is currently proposing a requirement to disclose and ""watermark"" AI-generated political content. To be fair to AI, Sutherland also sees some positive uses of the technology - such as the ability to quickly and cheaply show how a long-missing child might look at various ages. She says that if people are ""engaging with it in good faith and people know that AI has been used, it could potentially be very useful for creative acts"". So the good news is that we're yet not living in a dystopian world where it's impossible to tell what's real and what's computer-generated. The bad news is that AI models may have already ""read"" the published academic research papers. And it's learning."
396c29f8-c157-47ad-b019-90fb4bb775a6,https://www.bbc.com/news/articles/c9w2pyv1wr2o,2026-07-13,Why so many of county's care homes are outstanding,"Receiving outstanding care when we get older is something we all want for our relatives and ourselves, but what does it take to provide it? In Suffolk, about 14% of care homes are rated as outstanding by the watchdog, the Care Quality Commission (CQC), higher than the national average of 4%. The much-sought after rating means staff have been going above and beyond to ensure their residents are living life to the full. The BBC spoke with several outstanding care homes, their residents as well as the CQC to find out just what it takes to run a top-notch service. Grove Court Care Home in Woodbridge was rated as outstanding for a second time in a row this year. Built in 1999, it has 61 residents and 109 staff. CQC inspectors said that the residents were treated with ""kindness and compassion"", with staff supporting them in the ""least restrictive way possible"". Kelly Lockwood, the general manager, said the team had ""worked really hard"" to achieve the rating. ""To get outstanding in my first manager role, and my first ever inspection as a manager, is pretty special, so I feel really lucky,"" she added. Lockwood said she had improved staff conditions, including rotas, to support work-life balance which in turn helped with recruiting more people. Enriching residents' lives was crucial, giving them opportunities to do what they want, she said. This included recently helping a 97-year-old visit Berlin where she was born. ""We're here to live and we're not here sitting, waiting to pass,"" Lockwood continued. Family feedback played a significant role in CQC ratings and including families in the service was also vital. Maintaining an outstanding service, Lockwood said, was about taking ""positive risks"" for residents to ensure they are making decisions about what they want to do with their lives. Sybil Cave, 97, has lived at Grove Court almost two years and said her life at the home was ""splendid"" with space to sit and entertain friends as well as a garden to enjoy. ""I've lived in Woodbridge for a long time, so I knew about it, but I like the care obviously. ""There's always somebody there to help you when you need help and companionship. Patricia Wallis, 92, has been at Grove Court for about 18 months. ""I like it a lot,"" she said. ""The people around me are great as are the staff."" ""I don't have to worry about anything, getting fed or worrying about if the water is hot or all sorts of things, it's great.""  White Gables Residential Care Home in Felixstowe, home to 37 adults living with various conditions, was also given an outstanding rating in April. Inspectors said staff knew the residents ""very well"" and would use this to personalise their care. The range of activities highlighted included a disco to help residents exercise. Kate Nears, the home's wellbeing coordinator, schedules weekly activities to ensure residents are fulfilled. She said hearing residents laugh was the most rewarding part of her role. ""This is a happy home, we are often laughing, we even do laughter therapy sometimes,"" she said. Watching residents achieve something when they feel they can't anymore was also rewarding. ""They'll do flower arranging or art and craft, and it's [amazing] to see them enjoying something."" Brian Turner, who has lived at White Gables for about three years, came into the service after ""one or two falls"" and needed care and support. ""[I like] the company and it's a nice place to live,"" he said. ""I just join in with what's going on and go with the flow."" Natalie Reed, director of adult social care in the central region for the CQC, said about 4% of services were rated as outstanding nationally, while in Suffolk it is about 14%. She said outstanding services featured care tailored to each individual while leadership was ""integral"" in motivating staff. She stressed, however, that a 'good' rating was still to be applauded. ""We want to see good care and we absolutely celebrate when good care is found,"" she said. ""Outstanding care is where services are going above and beyond, so it's more difficult to get than a good rating. ""It's really apparent when you cross the threshold and when you can see visibly how people are living an outstanding life."" Ruth French, director of French & Co Care Consulting, has worked in social care for about 16 years, having previously owned a group of award-winning care homes in East Anglia. She advises care homes on maximising their potential and said the key to the rating was that ""you must assume that every day is an inspection day, and you're not trying to be outstanding for the sake of the CQC"". ""You're trying to be outstanding because you want to do the very best by the people that you're caring for,"" she explained. Creating the most innovative care environment where people want to come and work was also important. She added the focus had to be on knowing and understanding the people being cared for, all while taking positive risks to help them maintain as much independence as they require and want. Additional reporting by Darren Rozier. Do you have a story suggestion for Suffolk? Contact us below. Follow Suffolk news on BBC Sounds , Facebook , Instagram and X ."
c00fa7af-ed5c-475f-95e1-18c80d498864,https://www.bbc.com/news/articles/cg74xpemg1eo,2026-07-13,Man believed to be carrying crossbow shot by police,"A man believed to be carrying a crossbow has been shot by police in south Wales. Gwent Police said they were called to an address in St Edward Street, Newport, at around 23:55 on Friday following reports of threatening behaviour, where a man was spotted with a weapon believed to be a crossbow. They said a 21-year-old man from Newport was shot by police and taken to hospital. He remains in a stable condition. Deputy Chief Constable Nicholas McLain said it was an ""isolated incident"" and that police were not looking for anyone else. ""While reports of offences involving firearms and weapons are rare in Gwent, we take all reports of this nature seriously and respond to them in a professional and proportionate manner based on the level of risk posed by the available information,"" he said. Gwent Police said it had referred the incident to the Independent Office for Police Conduct (IOPC)."
d048878e-b217-4f40-beae-13e58f290cce,https://www.bbc.com/news/articles/ce3e66e1x3go,2026-07-13,At least two killed in Toronto street festival shooting,"At least two people have been killed in gunfire at a street festival in Toronto. Police in the Canadian city initially received reports of an active shooter on St Clair Avenue at approximately 20:12 local time (01:12 BST), where a salsa festival was being held. Six victims with gunshot wounds were found by police, who said two people had been pronounced dead at the scene. At a press conference hours after the shooting, police said there had been an exchange of gunfire at the festival between two individuals, and two firearms had been recovered from the scene. Police were yet to arrest anyone in connection with the shooting, and investigations were ongoing. Toronto Deputy Police Chief Francisco Barredo described the scene as ""very chaotic"", and said there was an estimated 13,000 people at the festival when the shooting happened. He said police were managing three separate crime scenes in connection with the shooting, and the public would be updated once more information was available. People were told to stay away from the area, where a large police presence remained. Anyone with information in connection with the shooting, including witness statements, have been urged to call police. Canadian Prime Minister Mark Carney said he was ""horrified"" by the shooting, and offered his prayers to ""the families grieving their loved ones, those who are in critical condition, and everyone who has been affected by this horrific event"". Doug Ford, the Premier of Ontario, condemned the ""senseless violence"" at the salsa festival, which he confirmed had ""claimed two lives and injured others"". ""The person responsible must be caught, brought to justice and spend the rest of their life behind bars,"" he wrote in a statement on X. He thanked first responders who attended the scene, adding his thoughts were with ""the victims, their families and everyone affected"". St Clair Avenue, located in midtown Toronto, is lined with shops and restaurants. Between the 11 and 12 July, it was set to host the annual Salsa on St Clair Latin festival, a yearly celebration which features a host of live music and dance performances. This year was the festival's 22nd iteration."
591e51a2-a674-4dbe-9c4c-0ac1bed24aa9,https://www.bbc.com/news/articles/cp9ldn0874po,2026-07-13,"Glasgow protesters 'wrong to turn up at someone's door', says Reform MSP","Reform UK's Scottish deputy leader has warned protesters to ""be very careful"" about online disinformation following a series of incidents in Glasgow. Glasgow MSP Thomas Kerr said it was wrong to target individual people and urged communities not to protest at ""someone's door"". Police attended disturbances this week in Cranhill and Castlemilk outside properties where social media posts claimed people accused of crimes were living. Further protests were held in the city's Springburn area on Friday and Possilpark on Saturday - where a 23-year-old man was arrested for a ""disorder offence"". The Possilpark incident was sparked by what Glasgow City Council and police called ""entirely factually incorrect"" online speculation that a care home was to be extended to house asylum seekers. Speaking on The Sunday Show on BBC Radio Scotland , Kerr said: ""There's two points here – firstly, turning up at someone's door is wrong. ""Do not do that, do not target people. ""But the second thing that we're seeing in working class communities, particularly across Glasgow, is an anger towards a political establishment that has used communities as dumping grounds for people who've come here illegally. ""That's how people feel, that's how the anger exists."" Kerr urged people to protest peacefully, saying: ""People have to be very careful what they listen to and why is it they're going to protest. ""Your voice is your power, so go out and use your voice, but do not turn to fists."" Police Scotland said the Possilpark demonstration on Saturday ""dispersed without further issue"" following the single arrest. A spokesperson added: ""We had appropriate resources in place to ensure the safety of those in attendance and mitigate disruption to the wider community. ""A 23-year-old man was arrested in connection with a disorder offence and inquiries remain ongoing."" Last week the force issued a warning about hate crime following the demonstration in the Castlemilk area , where house windows were reported to have been smashed. Officers said the person inside was an ""innocent member of the public"". In Cranhill, a 50-year-old man was arrested and charged over a police assault after a large group gathered outside a block of flats. Meanwhile, on Friday,a right-wing YouTuber was stopped and questioned by police at Edinburgh Airport under anti-terror laws. Craig Houston, 53, had posted videos online discussing the recent incidents. The Glasgow-based blogger describes himself as an investigative journalist and runs a video channel about political issues including immigration He was not been arrested or charged, but Police Scotland confirmed his electronic devices had been seized."
e7698c29-f3b1-48e6-8afa-5b5abfcb64d9,https://www.bbc.com/news/articles/c3vyqkqkvr9o,2026-07-13,Ann Widdecombe murder probe: What we know so far,"Police investigating the alleged murder of former MP and MEP Ann Widdecombe have said they ""are not looking for anyone else"" after a 28-year-old man was arrested. The 78-year-old former Conservative minister turned Reform UK spokeswoman was found dead at her home in Devon on Thursday morning with serious injuries. On Saturday evening, police said they had arrested a 28-year-old man in Rotherham, South Yorkshire, on suspicion of her murder. During a press conference on Sunday, Devon and Cornwall Police said there is ""nothing to suggest it was politically motivated"" but urged anyone with information to come forward. Here is everything we know - and do not know - so far: Information unfolded over Friday and Saturday about what happened earlier in the week, including how and when Widdecombe died. Here is a timeline of events so far. Wednesday Thursday Friday Saturday Sunday Alison Hernandez, police and crime commissioner for Devon, Cornwall and the Isles of Scilly, urged people not to post information about the case online or speculate in public. More than 40 mourners, including Reform UK Chairman Richard Tice gathered in the village of Haytor Vale to pay tribute to Widdecombe on Sunday. A police cordon remains in place at Widdecombe's Rest - the name Widdecombe gave to her Dartmoor home. A 26-year-old white British man was arrested on Friday on suspicion of the murder of Widdecombe. He was arrested in Newton Abbot, a town roughly 10 miles from Haytor. However, on Saturday morning, Devon and Cornwall Police said the man had been released from custody and was no longer part of the investigation. Assistant Chief Constable Matt Longman said: ""Our priority remains identifying those responsible and ensuring that all available evidence is thoroughly examined."" In a statement on Saturday afternoon, police confirmed they were still hunting ""for a suspect who is believed to be a white male"". Shortly before midnight on Saturday, police said they had arrested a 28-year-old man in South Yorkshire on suspicion of murder. ""The suspect, who is a white British national, is now in police custody,"" the statement from Devon and Cornwall police said. On Sunday, Longman said officers remained ""open-minded"" about a potential motive and that there was not thought to be any threat to the wider public. Widdecombe's political career spanned decades - she served as MP for Maidstone in Kent for 23 years and worked as a Home Office and employment minister in John Major's government between 1994 and 1997. Following news of the police investigation, Prime Minister Sir Keir Starmer said it was ""shocking news"" and his thoughts were with Widdecombe's family ""at this awful time"". He said he had spoken to the Speaker of the House of Commons Lindsay Hoyle, Conservative leader Kemi Badenoch, Farage, as well as the prime minister's likely successor Andy Burnham, ""to urge everybody to come together"". Badenoch said she was ""stunned"" and ""really struggled to find the words"". She added: ""My heart is breaking for her family."" Burnham sent his condolences to Widdecombe's family, saying: ""Ann gave a lifetime of public service."" Home Secretary Shabana Mahmood urged the public ""to avoid speculation and allow the police investigation to progress"". In a post on X, she said the circumstances of Widdecombe's death were ""extremely distressing"", adding that her ""thoughts are with Ann's family and loved ones"". Laying a wreath near Widdecombe's home on Saturday, Farage told reporters she was a ""remarkable individual"" and ""the fiercest defender of free speech"". Widdecombe was born in Bath, Somerset, in 1947 and went on to study Latin at Birmingham University, then philosophy, politics and economics at Oxford University. After leaving Parliament she embarked on a showbiz career, appearing on Strictly Come Dancing in 2010 and Celebrity Big Brother in 2018. Anton Du Beke, Widdecombe's dance partner on Strictly, said her death was the ""saddest of news"". ""We had an incredible time together,"" he said in a video on X. A staunch supporter of the UK's departure from the EU, Widdecombe became an MEP for the Brexit Party , representing South West England in the European Parliament between 2019 and 2020. In 2023, Widdecombe joined Reform UK, after the party changed its name from the Brexit Party, and made a number of appearances as the party's immigration and justice spokesperson."
90a615f8-b9ca-43b5-8669-034ddb9bcf8e,https://www.bbc.com/news/articles/cjrg9r80908o,2026-07-13,Is the Assassin's Creed Black Flag remake worth the 13 year wait?,"You don't need to look hard to find a film or TV fan who will say a reboot is never as good as the original. Yet gamers often beg studios to remake their favourite titles and give them a new lease of life with modern tech. Some 13 years after its original was launched, Assassin's Creed Black Flag Resynced has been released to cash in on leaps in graphics and gameplay. But is it worth the wait? Assassin's Creed is one of the most popular franchises in gaming, having sold an estimated 230 million copies across its various iterations. I have played every single one of them and, like many gamers, would rank Black Flag among the best. That mainly comes down to its excellent setting - players take control of fictional Welsh pirate Edward Kenway in the Caribbean during the 1700s. While hardly the first game about piracy, it was by far the most successful. So it is no real surprise Ubisoft chose this as the first game in the series to remake. It opens with pirate ships in battle, swiftly followed with a lush tropical island on a sunny day. It all looks good, as you would expect from a big budget game in 2026. Early on, players are encouraged to dive underwater and are met with a fantastic coral landscape. The developers are keen to show off the fancy new graphics, and here the game holds its own. It is a lot brighter than the original, which suffered from something unaffectionately referred to as the ""muddy era"" of gaming (amongst other less publishable names), where developers used darker colours to help games look gritty and realistic. Released right at the tail end of this era, the original Black Flag was not the most egregious example of this - but still suffered somewhat. Now, we have moved far beyond this ""muddy era"" - and the new game is filled with bright colours befitting of the Caribbean setting. It is a game which, in hoping to live up to the original's legacy, photographs well. Andy Farrant, co-editor of the YouTube channel Outside Xbox, told the BBC he was excited to play it. ""I firmly believe Black Flag is the best Assassin's Creed game,"" he said. For Farrant, its only downsides had been ""the boring modern day bits"" which saw a pirate's life swapped out for meetings and water cooler chat in a Montreal office - a section of the original axed in its remake. ""The world and the characters of Black Flag is what made it so appealing,"" he said. ""The chance to dip back into that world with some shiny new visuals and more screentime for fan favourite characters like Edward Kenway, Anne Bonny and Stede Bonnet can only be a good thing."" Some fans might even call Black Flag Resynced a love letter to the original, though more cynical gamers may be inclined to call it a cash grab. If it is a hit, there is no question it could mean big money for Ubisoft. It would deliver some relief, too, given the company began 2026 by closing two studios , cancelling six games and delaying seven others. Remakes are big business in the gaming industry -  something gaming expert Christopher Dring said can come down to ""financial necessity"". ""The big video games are taking longer to make, and to fill gaps in the schedules, you're getting major companies turn to older classics, dusting them off and sometimes updating them for a modern era,"" he said. ""These games are typically very successful... as an industry, this remake, remaster, nostalgia business has become big."" The new game, much like the original, offers a wide variety of activities ranging from swashbuckling and boarding ships to exploring the islands of the Caribbean. And that is really at the heart of what made the original so good - you have a map, you have to pick a spot, and sail there in search of treasure. It is the same basic idea which made The Legend of Zelda: The Wind Waker a hit for Nintendo in the 2000s, and Sid Meier's Pirates a success before that. And in a world where Mario Kart costs £75 and the upcoming Grand Theft Auto VI costs £70 , Assassin's Creed comes in at just £50. Fans will be relieved to see Ubisoft bucking the current trend in game pricing, though perhaps it is appropriate for a remake. But despite all the new assets and graphics, there is no escaping the fact it is based on a game first released in 2013. Ubisoft had to make lots of calls about what to reuse and change from the original. Welsh actor Matt Ryan's performance is excellent, but some of the initial game's animations - such as characters repeatedly biting and spitting out a cork from a bottle - might have been best left in the past. The game also suffers from a problem all too common in modern gaming: it holds your hand far too much. In the most extreme case, at one point it gave me less than 10 seconds to figure out a puzzle before a character spat out the solution. The combat also clearly draws from modern Assassin's Creed games, but preserves some of the timing-based battling of the original. It's a nice marriage between the two, albeit disappointing that some things were not recreated - such as the ability to wield your assassin's hidden blades in combat. That combination of modern and classic combat is a good example of where the game shines. And if Ubisoft uses this as the template, we may be set to see many more remakes in the series' future. So perhaps the question is not whether it worth the wait at all, but how long we will have to wait for the next one? Sign up for our Tech Decoded newsletter to follow the world's top tech stories and trends. Outside the UK? Sign up here ."
4a260ef4-db2a-4505-8e60-c39ac90244a6,https://www.bbc.com/news/articles/c5yz1gw2l00o,2026-07-13,"Murder charge after man, 32, fatally stabbed","A man has been charged with murder following a fatal stabbing in Doncaster. The 32-year-old man died in hospital after suffering a serious knife injury in an incident in Wordsworth Avenue, Balby, on Friday, South Yorkshire Police said. Peter Norburn, 53, of no fixed abode, has been charged with his murder and remanded into custody. He is due to appear at Doncaster Magistrates' Court on Monday. Listen to highlights from South Yorkshire on BBC Sounds , catch up with the latest episode of Look North"
184f68de-7965-47e7-bc1f-5ac90907d353,https://www.bbc.com/news/articles/clyx9n36wljo,2026-07-13,Could beach wrestling help find future Olympians?,"The UK's first beach wrestling competition will be used to select potential Olympic athletes, officials have said. Competitors will take part in the tournament at Cleethorpes on 25 July from 11:00 to 13:00 BST. The matches will take place in a sand circle and are decided by throws, takedowns and boundary control. Lawrence Dutton, from British Wrestling, said: ""It's not WWE, it's just an adaptation of our freestyle rules and it's getting very popular around the world."" Forget Hulk Hogan and the Undertaker, the competitors in beach wrestling follow freestyle rules which are widely used in the Olympics as well as tournaments in the US. Speaking on BBC Radio Humberside , Dutton added: ""For a spectator sport it's probably our best discipline. ""Beach wrestling is probably the simplest form of wrestling you can imagine, two athletes in a circle on the sand. ""It will be an Olympic game soon."" Dutton said they had chosen Cleethorpes as the venue as it was a ""large, expansive, flat sand that gives plenty of space to create the competition"". ""Our pathway through to the Olympics is through United World Wrestling, which holds competitions all around the world,"" he added. ""We need a team to represent Great Britain so this will be part of our selection process."" Each contest will be a standing-only style with athletes trying to secure throws and takedowns. According to British Wrestling, the three-minute matches are typically decided by a clear points margin or when an athlete scores three points. ""You don't really need to know the rules, just need to know that if someone gets picked up and thrown down the other person wins,"" Dutton said. The bouts will take place on the sand near Cleethorpes Leisure Centre. Spectators will be able to watch the action for free. British Wrestling has described the event as a ""landmark moment for the sport"", which has regular international championships at senior, junior and youth level. Councillor Tanya Brasted, portfolio holder for culture, heritage and the visitor economy, said: ""This shows exactly why Cleethorpes is amazing. ""Hosting the UK's first event of this type is a prestigious moment and nothing more than the resort deserves."" Listen to highlights from Lincolnshire on BBC Sounds , watch the latest episode of Look North . Download the BBC News app from the App Store for iPhone and iPad or Google Play for Android devices"
e005d6cf-0a5e-4a58-a5e6-56136c8e1d0f,https://www.bbc.com/news/articles/c621j05p00no,2026-07-13,Inspirational boy brings 'Dunkirk spirit to life',"A blind schoolboy has been praised in the House of Commons for creating a multi-sensory World War Two exhibition to honour the spirit of Dunkirk. Ben from Bishop's Stortford, Hertfordshire, put a display together as part of a school research project, visiting 25 museums, harbours and memorials across the country, covering 1,360 miles (2,189km) in a year with his family. Josh Dean, the Labour MP for Hertford and Stortford, asked the House to join in congratulating the 11-year-old and thanking him for his ""outstanding contribution"". Ben said he learnt so much on ""how to keep that spirit alive"". He held an exhibition, in conjunction with the Royal British Legion, to mark Armed Forces Day on 27 June. It raised funds for the Moorfields Eye Charity and the Royal British Legion. Dean said: ""Ben is 11 years old, he's had 10 operations on his eyes and is severely visually impaired but that didn't stop him from putting on an outstanding sensory exhibition bringing Dunkirk spirit to life for local people through sight, sound, smell and taste."" Sir Alan Campbell, leader of the House of Commons, congratulated the youngster for his "" hard work and for raising awareness for the British Legion and Moorfields Eye Hospital"". ""Events like this demonstrate the importance of communities coming together to highlight and celebrate the work of our armed forces and that depends upon remarkable individuals like Ben."" Ben said: ""I could not have done this without the many inspiring, interesting and wonderful people I met all over the UK, including authors, historians, veterans, family, friends and neighbours. ""I really learnt so much about the spirit of Dunkirk and how to keep that spirit alive."" The history lover was born with an extremely rare genetic condition called Nance-Horan syndrome, which means he is legally categorised as blind. He has had 10 eye operations, including several at Moorfields Eye Hospital in London. Ben said the hospital ""really go above and beyond and have that Dunkirk spirit"". ""I am so grateful. I am living my best life thanks to them and want to give something back,"" he added. His mother, Elizabeth, said: ""I am so proud of Ben. ""Creating something that will increase understanding of war to more people, young and old, is so important."" Robert Dufton, Moorfields Eye Charity chief executive, said: ""Everyone at the charity is in awe of Ben's determination and mission to bring people together. ""He's truly inspirational."" Do you have a story suggestion for Beds, Herts or Bucks? Contact us below. Follow Beds, Herts and Bucks news on BBC Sounds , Facebook , Instagram and X ."
01493dd3-2c09-4130-8f11-a2dc36c47925,https://www.bbc.com/news/articles/cwykqqk1y3wo,2026-07-13,Twenty years of Chasing Cars: 'It's the song that took us to the whole world',"Ever wanted to write a song so huge it becomes your pension plan? Here's the secret: pretend you're making it for someone else. That's what Snow Patrol's Gary Lightbody was doing back in 2005, in a garden shed owned by his friend and producer, Jacknife Lee. ""We wrote 10 songs in a couple of hours, over quite a few bottles of wine,"" he recalls. ""It was essentially a session for other people and sometimes, that takes the pressure off because you're not thinking about how you're going to record it, or what it means to have that song become part of your life."" Three bottles in, Lightbody stumbled on a chord sequence and a lyric: "" If I lay here / If I just lay here / Would you lie with me and just breathe in the world?"" The atmosphere shifted. Suddenly, the session wasn't for anyone else. They'd found something that would change Snow Patrol's career forever. ""It's the song that took us to the whole world,"" Lightbody says. ""We just followed it along like little ducklings."" That song was Chasing Cars. You know it. You might even be sick of it. It's been streamed more than two billion times. In 2019, it was named the UK's most-played radio song of the 21st Century. But it wasn't finished that first evening. Eagle-eyed readers may have spotted that the lyrics quoted above received a subtle rewrite. In total, it took months of work to perfect the song's deceptively simple arrangement. ""We even played it live a few times without finished lyrics,"" says Lightbody. ""I hope those recordings have been destroyed. Those early lyrics were bad."" They haven't. You can hear an embryonic version on YouTube , recorded in Seattle in 2005. At that point, Lightbody was pining for a woman who'd rejected his advances. "" You come to me  / With these three words /  'Not right now'. "" That storyline was eventually replaced with a more romantic one. But hearing it gives more context to the song's inscrutable title – borrowed from a phrase Lightbody's father had used about his son's hapless love life. ""You're like a dog chasing a car,"" he'd said. ""You'll never catch it and you wouldn't know what to do with it if you did."" In its finished version, Chasing Cars was released as the second single from Snow Patrol's fourth album, Eyes Open, in June 2006. A slow-burning hit, it peaked at number six in the singles chart, but really took off after being featured on the US medical drama Grey's Anatomy. It's now the UK's eighth best-selling song of the 2000s , with a staggering 1.2 million copies sold. ""The numbers are ridiculous,"" says Lightbody. ""It doesn't make any sense in any kind of real way where you can go, 'These are the things that we did to become successful'. ""All of it happened by accident."" The band will celebrate the song's 20th anniversary later this year with two shows at the Royal Albert Hall. They'll play Eyes Open in full, as well as some deep cuts and greatest hits… and maybe some special guests. It comes after a major turning point for the Northern Irish band. In 2023, drummer Jonny Quinn and bassist Paul Wilson both quit. The remaining trio - Lightbody, guitarist Nathan Connolly and multi-instrumentalist Jonny McDaid (who's also Ed Sheeran's chief collaborator) - tried to write a new album, but the sessions fell apart. The songs weren't flowing. The band's confidence was shot. ""It's the first time we ever had to do it,"" Lightbody says. ""If you have to scrap an album after 30 years of being in a band, you might think, 'We might as well pack up and go home'. ""So that was a kind of a sliding doors moment, where in another strand of the multiverse, we're not together anymore. But this version of us went, 'No, let's try again'."" A major catalyst was hiring Adele and Stormzy's producer Fraser T Smith, whose ""calming"" influence helped the band refocus. The resulting album, 2024's The Forest is the Path, gained Snow Patrol their best reviews in 20 years. ""It grips my heart and squeezes,"" wrote the Telegraph's Neil McCormick . On AllMusic, Neil Yeung called it "" a late-era treasure trove "" full of ""emotional catharsis and introspection"". A record of space and breadth, it found Lightbody - a recovering alcoholic who'd moved from Los Angeles back to his native Bangor - mourning the loss of his father and reassessing his life. ""I spent so many years not understanding myself and not understanding what was going on in my own head,"" he says. ""I was always waiting for that tap on the shoulder to say, 'You're not supposed to be here. All this [success] was meant to be for somebody else'."" That feeling never entirely disappears. But Lightbody is more comfortable in his skin since getting clean in 2016 . He's replaced alcohol with cold water plunges and hot yoga... And he's just achieved a lifetime ambition: recording a song with Kylie Minogue. ""I've been a huge fan ever since I went to the Féile [festival] in Cork in '95 and saw Kylie on that bill with the Prodigy and Blur,"" he says. ""I'd heard on the grapevine that she was looking for a song or two, so I set about writing some."" The one that caught Kylie's attention was These Alarms. Released last week, it finds Snow Patrol at their best, with a singalong chorus that bounds over like a puppy and charms you into submission. Rather than trading lines back and forth, Lightbody and Minogue sing the entire song in unison. He says it shouldn't really be considered a Snow Patrol song at all. ""The song was always called KYLIE – in all capital letters - all the way through the recording. ""I don't even know if you could call it a duet. It's more like we formed a band for this one."" Singing together makes sense. The song is all about connection. Given the state of the world, it's tempting to withdraw, the lyrics admit, but what we really need is each other. ""The title, These Alarms, can mean a lot of things,"" explains Lightbody. ""For me, they're the ones that were ringing in my head when I wasn't sober. I spent my whole life playing concerts, but not really being 'in concert' [with other people] in a meaningful way. ""I was always searching for something, but I didn't really know what it was... And then it turned out I had it all along.""  The answer was simply friendship. And the people Lightbody needed most were there on the stage with him. ""The natural state for bands is entropy. Everything falls to chaos. But it's kind of amazing, because it's happened the other way around for us,"" he says. ""We're not Emerson, Lake and Palmer travelling in separate buses. We're closer than ever."" You can hear it in the music and see it at their concerts. After more than 30 years, people still want to feel the feelings that Snow Patrol make them feel. When they played an outdoor show at Liverpool's Pier Head last month, thousands of fans who'd been unable to get tickets turned up anyway. ""There was an enclosure for the 12,000 people that bought tickets – but at one point, I said, 'put your lights up', and I looked down the street, and it was just lights all the way down,"" says Lightbody. ""I think that's the key to our music, in a general sense. It's an invitation.  There's no jackets for this club, there's no secret codes. It's like, 'just come and be with us'."""
1f00a6ea-e547-4640-be05-c1d2bc5f093f,https://www.bbc.com/news/articles/c8x2nxqdnddo,2026-07-13,50 Cent asked judge to bail dealer for European tour,"Detectives investigating cocaine trafficking in Derby have said they were ""shocked"" by an intervention from the US rapper 50 Cent. The musician wrote to ask a judge to release an arrested suspect on bail so he could work on the rapper's Legacy Tour. The details emerged after Abdirahiim Hassan was jailed for 18-and-a-half years at Derby Crown Court on Friday after being found guilty of conspiracy to supply Class A cocaine and possession of criminal property in the form of cash in March 2026. There is no suggestion 50 Cent had any knowledge of his prospective tour member's criminal activities. In a second letter supporting Hassan's application for bail the rapper offered to pay £50,000 himself for the defendant's bail. Hassan, 37, of Benworth Road in Hammersmith and Fulham, London, was one of 10 men who were sentenced as part of Operation Daybreak . The prosecution described him in court as ""substantially involved in national-level cocaine trafficking"". The court heard that evidence Hassan, also known as Samir, gave at his trial showed ""staggering arrogance and comfortable dishonesty"" as he described a ""jet-setting, entourage-type lifestyle, working for an A-list musician"". The jury heard Hassan was arrested as he made a fourth train trip to Derby to collect ""substantial amounts of cash"" from Harminder Purewal. Purewal, 47, of Bridge Gate Lane, Derby, was sourcing large consignments of drugs for organised crime groups in Sinfin and Chaddesden, which supplied wholesale quantities of cocaine to dealers. He was sentenced to 20 years in prison after being found guilty of two counts of conspiracy to supply Class A cocaine. Hassan had deposited £150,000 in cash into his own bank account between 2022 and 2025, and detectives who searched his home found £22,500 in heat-sealed bags. Assistant Chief Constable Ian Green, from the East Midlands Special Operations Unit, said Hassan was acting as ""a money-launderer"". The signed letter to the judge opened with the words: ""My name is Curtis Jackson, known professionally as 50 Cent."" It asked for Hassan's bail conditions to be varied to allow him to play a ""critical operational role"" in the European leg of the rapper's Legacy Tour last summer. The letter said Hassan was in charge of the tour's food and beverage operations, including representing 50 Cent's Sire Spirit brand in several countries. ""Mr Hassan is an essential part of my international team,"" the letter added. ""We will be flying private to all destinations"". Green told the BBC detectives were initially sceptical that 50 Cent was supporting Hassan's bail application, which the judge turned down. ""When you get something like that come in, it's quite a unique moment and I think the team were a little bit shocked,"" he said. ""You obviously think it's fake to start with... it's obviously one of those things you'll never forget as part of an investigation."" But detectives say Hassan's defence team later submitted photos and videos that showed him on private jets and at US tour dates. The rapper also provided another letter for the sentencing hearing as part of Hassan's mitigation. In it, 50 Cent said he had ""known and worked closely with him for many years, both professionally and personally"". The rapper said in the letter: ""I write as someone who has relied on him [Hassan] directly in my own business and who knows his character through years of firsthand experience. ""I am aware of the matter that brings Mr Hassan before the court, and I do not write to minimize its seriousness. I write only to give the court an honest account of the man I have come to know through working alongside him over the years."" Later in the letter, 50 Cent said ""employment will be available"" to Hassan upon his release, adding: ""His experience, reliability and understanding of the work make him someone I would welcome back without hesitation."" Listen to BBC Radio Derby on Sounds and follow BBC Derby on Facebook , on X , or on Instagram . Send your story ideas to eastmidsnews@bbc.co.uk or via WhatsApp on 0808 100 2210."
cae0a640-dbef-4204-a35d-b91d9e132c68,https://www.bbc.com/news/articles/c0eyjyw7n40o,2026-07-13,Yorkshire news quiz of the week - test your knowledge,"How much Yorkshire news can you remember from the past seven days? Test your knowledge with our weekly quiz. Listen to highlights from West Yorkshire , South Yorkshire and North Yorkshire on BBC Sounds , catch up with the latest episode of Look North ."
267a9823-5e3f-466b-86ee-74d749802565,https://www.bbc.com/news/articles/c0kyl6lxx0ko,2026-07-13,Only 2% of Surrey car thefts end in criminal charge,"Only a small number of car thefts in Surrey ended with criminal charges, police data has shown, as organised crime groups ""exploit"" the county's location and access to major road networks. Surrey Police recorded 1,551 vehicle thefts in 2025 and of those, 34 resulted in a suspect being charged or summonsed - equalling 2.19% concluding with a criminal charge. In three quarters of cases, not a single suspect was identified. A spokesperson for Surrey Police said the force took vehicle theft ""extremely seriously"", adding: ""Vehicle theft remains a challenge in Surrey, partly due to the county's location and access to major road networks, which are exploited by organised crime groups operating across the Force boundary lines."" Helen Maguire, MP for Epsom and Ewell, said this showed the Government had been ""asleep at the wheel"" and called for a return to ""proper neighbourhood policing"" to crack down on the issue. She told the Local Democracy Reporting Service : ""Across Surrey, people rely on their cars to get to work, take their kids to school, and get themselves to the doctors and other essential services. ""It is completely unacceptable that 1,551 individuals and families in our county have had their vehicles stolen, with so few of those responsible ever brought to justice. ""The Government is asleep at the wheel and people in Surrey are paying the price."" The Home Office said it was carrying out the biggest reform of policing in two centuries to bring officers closer to communities they served. They said it would ensure that policing was in the right places to tackle crimes that impacted people's lives. A Surrey Police spokesperson added: ""Offences often occur overnight, with criminals using sophisticated methods and quickly moving stolen vehicles across force boundaries. ""These factors can make identifying suspects and securing sufficient evidence for prosecution more challenging."" Follow BBC Surrey on Facebook , on X . Send your story ideas to southeasttoday@bbc.co.uk or WhatsApp us on 08081 002250."
7bb38c9c-1290-452d-b6f5-8c4e8e5a9ea3,https://www.bbc.com/news/articles/c4gy12gqzpvo,2026-07-13,'Devastating' evidence against Charlie Kirk murder suspect laid out in court,"""Devastating"" evidence, including DNA on a rifle and a text confession, shows a 23-year-old should be tried for murdering Charlie Kirk last year, prosecutors told a court this week, as the defence team tried to poke holes in the case. The preliminary hearings gave prosecutors a chance to outline probable cause to try Tyler Robinson, 23, on charges including aggravated murder, a death penalty offence in Utah. They painted a vivid picture of his movements in the 48 hours surrounding the murder of Kirk - using CCTV, witness testimony, a taped interview with Robinson's roommate and messages between the pair. The defence for Robinson, who has not yet entered a plea, sought to sow doubt on all of it. Kirk, a key Trump ally, founder of conservative youth organisation Turning Point USA and a 31-year-old father-of-two, was shot once in the neck as he addressed a crowd on the campus of Utah Valley University on 10 September last year. For the past five days, lawyers for Robinson, a trainee electrician, raised repeated objections to evidence and testimony on arguments including hearsay and the tainting of potential jurors. They questioned the credibility of experts, DNA and ballistics reports with prolonged cross-examination about testing, interpretation and protocol. But Chief Deputy Utah County Attorney General Chad Grunander told the judge: ""Your Honour's heard four days of testimony now. ""The evidence is overwhelming. It's devastating."" Now Robinson's fate lies in the hands of Utah County Judge Tony Graf, who will determine if the case proceeds to trial. Few details were actually known about Robinson or his actions until this week's court hearing. Proceedings drew intense interest from the public, and some lined up overnight to earn a wristband for one of just 14 seats allotted for spectators. Families of both defendant and victim were emotional in court. At one point on Friday, while video was shown of the suspect running across a rooftop on the day of the shooting, Kirk's widow, Erika Kirk, reportedly hugged her tearful mother-in-law, then both looked away from the footage. Prosecutors, meanwhile, spent the week painting a picture of a college dropout gamer who used his grandfather's rifle to assassinate a national political figure, then sought to cover his tracks to get away with it. Much of what was learned came from Robinson's former roommate and romantic partner, Lance Twiggs, through a video interview with a prosecutor, recorded in April. Twiggs told how the pair first met through friends in 2023. They were roommates before starting to date. According to the taped interview, the suspect would talk about Trump or current affairs, although they did not discuss LGBT issues and Twiggs had never heard Robinson mention Kirk. On the morning of Kirk's killing, Twiggs said Robinson left earlier than usual, around 04:00. Robinson showed up three-and-a-half hours north that day at Utah Valley University campus in Orem, prosecutors said. They played surveillance footage they said showed Robinson sauntering through campus, buying and eating Chick-Fil-A and even interacting with representatives from Kirk's Turning Point USA organisation. The court saw footage of a man prosecutors say is Robinson returning to campus in different clothes from the ones he was pictured in earlier - as well as changing his gait, holding one leg straight. Surveillance showed the suspect heading to the rooftop of the Losee Center, the building from which investigators say Kirk was shot from about about 415ft (126m) away. According to State Bureau of Investigation Agent David Hull, who testified over two days, surveillance video shows Robinson rolling over a railing on to the Losee rooftop, lying prone and later dropping down off it with an unknown object in his hand. In texts between Robinson and his roommate from the night of the shooting, the suspect said he'd hidden his grandfather's rifle in bushes near campus - and returned while an intense manhunt was underway. Robinson texted Twiggs complaining that ""there is a squad car parked right by it. He added: ""Again, I am sorry for roping you into all of this. You should not have to worry about this."" When Twiggs asked Robinson whether he was the shooter, the suspect admitted it and apologised, according to texts presented by prosecutors. ""I had enough of his hatred,"" Robinson texted. ""Some hate can't be negotiated out."" The suspect wasn't even sure what model of gun he'd used, according to messages with his roommate. ""I don't fully know what the gun was, because it was old... and Gramps did some modifying,"" he wrote. Twiggs testified that Robinson had asked weeks earlier about using an engraving tool in advance of an upcoming hunting and camping trip with his family. After the shooting, however, he texted Twiggs: ""Remember how I was engraving bullets?"" He said the messages were ""mostly a big meme"". The court saw pictures this week of inscribed bullets and cartridges found both at the crime scene and Robinson's residence - with messages such as ""Hey Fascist! Catch!"" Robinson eventually gave up trying to retrieve the rifle, he texted Twiggs, and made his way back to their home in St George. Authorities did discover the firearm, law enforcement testified this week, and found DNA matching Robinson on both the rifle and a towel it was wrapped in. Robinson, meanwhile, was nervous and regretful in the apartment he shared with his roommate the day after the shooting, Twiggs said in the recorded interview. ""He started crying a little bit and said he wishes he hadn't done it and then kept going around and just doing stuff, I think to keep himself busy or distracted or something,"" Twiggs said. The hearing featured lengthy debates over the admissibility of evidence - with media lawyers and Kirk representatives arguing passionately for everything to be displayed publicly or at least in the courtroom. Robinson told his roommate the day after the killing that he intended to turn himself in, Twiggs said. The court heard how the suspect arrived at Washington County Sheriff's Office the day after the shooting, accompanied by his parents and a family friend. Prosecutors played soundless footage of him that night, wearing a maroon shirt, dark hat, jeans and Converse shoes, and he was transported back to Utah County and formally booked on 12 September. This week, Robinson appeared in court clean-shaven and wearing light-coloured suits. His parents and two brothers were also there. The US president's son, Donald Trump Jr, and his wife were in court, too. Both sides must now submit lengthy written briefs, and Judge Graf set the next hearing date for 1 September. The Kirk family released a statement shortly after court adjourned. The family wrote: ""Nothing will ever undo the loss of our beloved Charlie. ""As this case moves into its next phase, we pray that truth will continue to be heard through a process that is fair, transparent, and grounded in the facts."""
ce798499-a74f-4744-8688-96bc3ae71636,https://www.bbc.com/news/articles/c4gykgyn1r4o,2026-07-13,T. rex could become most expensive fossil ever - but it's a ​problem for scientists,"In 1997, Sotheby's hosted a natural history auction selling wonders of our prehistoric world - but for the first time a dinosaur was on the books. It was a niche event mostly attended by the world's museums looking for specimens to add to their collections. The dinosaur in question was a Tyrannosaurus Rex called Sue - she was eventually sold for $8m (£6m) to the Field Museum in Chicago. Nearly 30 years later, on Tuesday, another T. rex will make an appearance at the annual auction - one of the most complete specimens of this kind ever found. And this time it is not just scientists who are dinosaur-hunting but also the super-rich. The new specimen, known as Gus, has already been valued at $30m but it could fetch more, possibly even becoming the most expensive dinosaur ever sold. It adds to a growing debate in the natural history world – should specimens of such scientific importance be reserved for museums and their scientists? Or - as auctioneers would argue - should fossil hunters be rewarded for their discovery of dinosaurs lost to science and saving them from a second extinction? Cassandra Hatton, global head of natural history at Sotheby's, knows very well the lengths some fossil scientists - palaeontologists -  are willing to go to in the search for these creatures. ""People die on excavations,"" she says. And for many of these hunters, the ultimate prize is the Tyrannosaurus Rex. This dinosaur that lived millions of years ago hardly needs describing, having been immortalised in our culture by appearances in films like King Kong and Jurassic Park, and as the namesake of an English rock band. ""The people that look for these fossils will spend months out in the field with tents and their food in their backpacks and they're camping out in the middle of nowhere with the rattlesnakes and the bugs and the mountain lions,"" she explains. This is South Dakota - Badlands country - where Gus was eventually discovered 67 million years after roaming our planet. But finding it is almost the easy part, explains Dr Fiann Smithwick, an independent palaeontologist who has been collecting and preserving fossils for the past 20 years. ""Suddenly when they're out of the ground, they're out of equilibrium, and that normally means they start to decay, fall apart."" Thomas Heitkamp and the team that discovered Gus - named after the late Gary ""Gus"" Licking, a cattle rancher whose land it was found on - spent three years carefully excavating. ""But it's not the full year,"" Cassandra Hatton explains. ""You can only dig during the field season. So you have to wait till the ground has thawed. And then you are furiously digging until the ground freezes again [in September]."" In 2023, the dig was complete, but the team was only halfway through the recovery process. They then spent a further three years documenting and reconstructing the T. rex back in the lab. Tuesday's auction will be a payday that has been a long time coming for the team, and could be the biggest yet. Gus has the highest pre-sale valuation at $30m. The record for a dinosaur auction is currently held by Apex , a Stegosaurus sold by Sotheby's in 2024 for $44.6m - but that was 11 times what it had originally been valued at going into the auction. If you are inclined to put a bid in this time, your starting offer cannot be lower than $19m. For some of the oldest and largest museums in the world dealing in fossils, even this is out of reach. ""We're already priced out of having access to many, many specimens,"" explains Prof Susannah Maidment, dinosaur researcher at London's Natural History Museum (NHM). The five most expensive dinosaurs sold at auction have all been since 2020, including Stan a T. rex sold for $31.8m in 2020 - the guide price had been $6-8m. And this, she says, is ""really problematic"". ""There's no substitute for having the real fossil. If we're going to do any sort of study, the number one thing is we need to understand the anatomy. We need to know what's real,"" Prof Maidment explains. And she said palaeobiology - the study of past life on the planet - has never been more important. ""We are in what is probably a mass extinction right now, we're changing our environment very, very, very rapidly. The past is really the only kind of empirical data we have to tell us about what is going on right now and in the future,"" she says. That is just the impact on the scientists. Prof Maidment says that for the public, being able to see the real bones of a dinosaur in a museum ""helps them engage with the natural world"". She says that dinosaur specimens are no longer being seen for their scientific value ""but like we might view art"" as something to collect by wealthy individuals, which has driven the price up. Cassandra Hatton argues that the price of Gus is a reflection of how important a specimen he is. ""Gus is one of the largest and most complete T. rex ever found, 61% of the bones has been identified - in general you find half of the skeleton that's a major scientific find,"" she says. The condition of the bones also provides deep insight into the kind of life this creature would have had. ""There's a huge bite mark on the top of the skull, which could have been sustained during a battle. You've got broken bones - some of the ribs, you see huge lumps where they broke and they healed."" Cassandra Hatton says she has reached out to museums all over the world for months to get them to take part in the auction. She wants ""something that's scientifically important to get it into the public trust"". But she said the price has to reflect the time, skill, expense and risks with recovering dinosaurs. ""For a lot of excavators, some of these people are living hand to mouth. They're not wealthy people. ""They have to invest their own money. It's not billionaires digging them up."" But it is billionaires buying them. Apex, the Stegosaurus, was auctioned to Kenneth Griffin, founder and CEO of the hedge fund Citadel. Griffin has since loaned Apex to the American Natural History Museum for four years. Museums have for a long time relied on wealthy individuals bequeathing, loaning or donating artefacts to build their science and art collections, explains Dr Smithwick, who recovers and sells fossils professionally. But unlike pieces of art, there is a big stumbling block to relying on the philanthropy of private estates when it comes to the study of fossils. The most respected scientific journals will not accept any study done on a specimen in a private collection. It is almost as if it does not exist to the scientific world. The argument is that scientists need to be able to revisit the fossil over many years - to agree and disagree, to check their findings as other specimens emerge. ""What happens [if] that person gets bored of them, dies, gets divorced. And there have been many cases where specimens have been in private collections, and there's been a scientific description of them and [that has] gone in the skip,"" says Prof Maidment from NHM. ""So it's actually just not science anymore."" Smithwick says the potential for losing specimens is also a risk with museums. One of the most prolific early collectors of fossils was Mary Anning. In 1829, she discovered the first Squaloraja fossil - known as the fish with the ""curling iron eyes"" - it was an ancient creature which bridged the gap between sharks and rays. Its body was donated to the Bristol Institute but over a century later it was destroyed in a WWII bombing raid. But they all agree - the fossil collector, the museum scientist, the auctioneer - that without the work and skill of these professional hunters, there would be no specimens to argue over and far fewer scientific discoveries. ""They're saving the dinosaurs from the second extinction,"" says Sotheby's Cassandra Hatton. And Smithwick knows too well the race against time to save fossils in his hunting ground on the Jurassic coast of England. ""I've found a rock with the perfect impression of what was a fish an hour before, and now it's gone. If you imagine a wave coming in, splitting that rock open, the next wave comes along, just wipes out the fish. ""The sea has broken it into 10,000 pieces, and that is it. It is lost forever."" For fossils that are recovered in time, most will never make it to an auction house like Sotheby's. They are smaller, less culturally revered, but he argues they can hold much greater value - to museums and the public. ""There are countless other specimens that will be scientifically more important in the grand scheme of palaeontology,"" says Dr Smithwick.  ""And you have got people selling ammonites to kids on the beach and that is inspiring curiosity in the outside world."""
